symbol,trades,target_rate,avg_net_return,median_net_return,total_net_return_points,first_signal,last_signal
IOTAUSDT,2,1.0,0.097,0.097,0.194,2024-08-05 13:00:00+00:00,2025-02-03 05:00:00+00:00
WUSDT,2,1.0,0.097,0.097,0.194,2025-03-10 04:00:00+00:00,2025-06-06 08:00:00+00:00
ARUSDT,1,1.0,0.097,0.097,0.097,2025-10-17 19:00:00+00:00,2025-10-17 19:00:00+00:00
AVAXUSDT,1,1.0,0.097,0.097,0.097,2025-02-03 05:00:00+00:00,2025-02-03 05:00:00+00:00
AXSUSDT,1,1.0,0.097,0.097,0.097,2025-02-03 06:00:00+00:00,2025-02-03 06:00:00+00:00
BICOUSDT,1,1.0,0.097,0.097,0.097,2024-07-05 11:00:00+00:00,2024-07-05 11:00:00+00:00
BIOUSDT,1,1.0,0.097,0.097,0.097,2025-02-07 00:00:00+00:00,2025-02-07 00:00:00+00:00
COTIUSDT,1,1.0,0.097,0.097,0.097,2024-06-18 13:00:00+00:00,2024-06-18 13:00:00+00:00
FETUSDT,1,1.0,0.097,0.097,0.097,2022-05-10 03:00:00+00:00,2022-05-10 03:00:00+00:00
GALAUSDT,1,1.0,0.097,0.097,0.097,2025-04-07 10:00:00+00:00,2025-04-07 10:00:00+00:00
GIGGLEUSDT,1,1.0,0.097,0.097,0.097,2026-02-06 03:00:00+00:00,2026-02-06 03:00:00+00:00
GLMRUSDT,1,1.0,0.097,0.097,0.097,2022-05-18 23:00:00+00:00,2022-05-18 23:00:00+00:00
HBARUSDT,1,1.0,0.097,0.097,0.097,2025-02-03 05:00:00+00:00,2025-02-03 05:00:00+00:00
MANAUSDT,1,1.0,0.097,0.097,0.097,2025-02-03 05:00:00+00:00,2025-02-03 05:00:00+00:00
MUBARAKUSDT,1,1.0,0.097,0.097,0.097,2025-06-13 12:00:00+00:00,2025-06-13 12:00:00+00:00
NOMUSDT,1,1.0,0.097,0.097,0.097,2026-02-13 13:00:00+00:00,2026-02-13 13:00:00+00:00
OGNUSDT,1,1.0,0.097,0.097,0.097,2024-06-18 13:00:00+00:00,2024-06-18 13:00:00+00:00
ORDIUSDT,1,1.0,0.097,0.097,0.097,2026-02-06 03:00:00+00:00,2026-02-06 03:00:00+00:00
QIUSDT,1,1.0,0.097,0.097,0.097,2025-02-03 06:00:00+00:00,2025-02-03 06:00:00+00:00
RAYUSDT,1,1.0,0.097,0.097,0.097,2022-11-20 16:00:00+00:00,2022-11-20 16:00:00+00:00
RENDERUSDT,1,1.0,0.097,0.097,0.097,2026-02-06 03:00:00+00:00,2026-02-06 03:00:00+00:00
ZENUSDT,1,1.0,0.097,0.097,0.097,2026-02-06 03:00:00+00:00,2026-02-06 03:00:00+00:00
AIUSDT,2,0.5,0.037000000000000005,0.037000000000000005,0.07400000000000001,2024-08-04 05:00:00+00:00,2025-04-07 06:00:00+00:00
NEARUSDT,2,0.5,0.037000000000000005,0.037000000000000005,0.07400000000000001,2022-05-16 12:00:00+00:00,2025-02-03 05:00:00+00:00
NMRUSDT,2,0.5,0.037000000000000005,0.037000000000000005,0.07400000000000001,2022-05-10 04:00:00+00:00,2024-08-05 13:00:00+00:00
RVNUSDT,2,0.5,0.037000000000000005,0.037000000000000005,0.07400000000000001,2024-08-05 13:00:00+00:00,2026-09-10 21:00:00+00:00
SEIUSDT,2,0.5,0.037000000000000005,0.037000000000000005,0.07400000000000001,2024-06-18 13:00:00+00:00,2025-10-17 19:00:00+00:00
ARBUSDT,1,0.0,-0.023,-0.023,-0.023,2024-12-20 05:00:00+00:00,2024-12-20 05:00:00+00:00
ATOMUSDT,1,0.0,-0.023,-0.023,-0.023,2024-12-20 07:00:00+00:00,2024-12-20 07:00:00+00:00
BCHUSDT,1,0.0,-0.023,-0.023,-0.023,2026-05-28 23:00:00+00:00,2026-05-28 23:00:00+00:00
BEAMXUSDT,1,0.0,-0.023,-0.023,-0.023,2025-03-04 09:00:00+00:00,2025-03-04 09:00:00+00:00
BOMEUSDT,1,0.0,-0.023,-0.023,-0.023,2024-04-15 23:00:00+00:00,2024-04-15 23:00:00+00:00
BONKUSDT,1,0.0,-0.023,-0.023,-0.023,2026-07-18 09:00:00+00:00,2026-07-18 09:00:00+00:00
CELOUSDT,1,0.0,-0.023,-0.023,-0.023,2025-02-03 06:00:00+00:00,2025-02-03 06:00:00+00:00
CHZUSDT,1,0.0,-0.023,-0.023,-0.023,2025-02-03 06:00:00+00:00,2025-02-03 06:00:00+00:00
MEMEUSDT,1,0.0,-0.023,-0.023,-0.023,2024-08-04 04:00:00+00:00,2024-08-04 04:00:00+00:00
MOVRUSDT,1,0.0,-0.023,-0.023,-0.023,2021-12-10 06:00:00+00:00,2021-12-10 06:00:00+00:00
NILUSDT,1,0.0,-0.023,-0.023,-0.023,2026-03-26 21:00:00+00:00,2026-03-26 21:00:00+00:00
ONEUSDT,1,0.0,-0.023,-0.023,-0.023,2022-02-22 11:00:00+00:00,2022-02-22 11:00:00+00:00
PENDLEUSDT,1,0.0,-0.023,-0.023,-0.023,2024-12-20 06:00:00+00:00,2024-12-20 06:00:00+00:00
PHAUSDT,1,0.0,-0.023,-0.023,-0.023,2025-01-25 12:00:00+00:00,2025-01-25 12:00:00+00:00
PLUMEUSDT,1,0.0,-0.023,-0.023,-0.023,2025-10-17 21:00:00+00:00,2025-10-17 21:00:00+00:00
PORTALUSDT,1,0.0,-0.023,-0.023,-0.023,2025-10-17 07:00:00+00:00,2025-10-17 07:00:00+00:00
TAOUSDT,1,0.0,-0.023,-0.023,-0.023,2024-08-05 03:00:00+00:00,2024-08-05 03:00:00+00:00
TIAUSDT,1,0.0,-0.023,-0.023,-0.023,2025-11-21 19:00:00+00:00,2025-11-21 19:00:00+00:00
CAKEUSDT,2,0.0,-0.023,-0.023,-0.046,2025-02-03 06:00:00+00:00,2026-02-06 08:00:00+00:00
DOGEUSDT,2,0.0,-0.023,-0.023,-0.046,2024-12-20 06:00:00+00:00,2025-02-03 06:00:00+00:00
RESOLVUSDT,2,0.0,-0.023,-0.023,-0.046,2025-10-17 19:00:00+00:00,2026-02-09 07:00:00+00:00
WIFUSDT,2,0.0,-0.023,-0.023,-0.046,2024-06-18 13:00:00+00:00,2026-02-01 05:00:00+00:00
