shortlist_rank,entry_variant,lower_wick_share,wick_body_ratio,range_atr,close_location,volume_ratio,trend_score,support_filter,btc_filter,stop_pct,signals,wins,precision,wilson_low,wilson_high,signals_per_week,gross_expectancy,net_expectancy,median_mae,median_mfe,median_hours
1,confirm_60,0.35,2.0,2.0,0.55,1.5,3,none,none,0.02,10,4,0.4,0.1681803297062362,0.6873262302663417,0.2564102564102564,0.002031304648200509,-0.0009686953517994794,-0.019876353993847053,0.0074382797818263995,3.5
2,confirm_60,0.45,2.0,2.0,0.55,1.5,3,none,none,0.02,10,4,0.4,0.1681803297062362,0.6873262302663417,0.2564102564102564,0.002031304648200509,-0.0009686953517994794,-0.019876353993847053,0.0074382797818263995,3.5
3,confirm_60,0.55,2.0,2.0,0.55,1.5,3,none,none,0.02,9,3,0.3333333333333333,0.12058381838691101,0.6457978644196037,0.23076923076923078,-0.001076328168666101,-0.0040763281686660895,-0.0203054203725457,0.0072864267363284,6.0
4,confirm_mid,0.35,2.0,2.0,0.55,1.5,3,none,none,0.02,12,4,0.3333333333333333,0.1381200910912132,0.6093779111272004,0.3076923076923077,0.0024401979981683495,-0.0005598020018316328,-0.01913796443760945,0.00875586755514445,6.5
5,confirm_mid,0.45,2.0,2.0,0.55,1.5,3,none,none,0.02,12,4,0.3333333333333333,0.1381200910912132,0.6093779111272004,0.3076923076923077,0.0024401979981683495,-0.0005598020018316328,-0.01913796443760945,0.00875586755514445,6.5
6,confirm_mid,0.55,2.0,2.0,0.55,1.5,3,none,none,0.02,11,3,0.2727272727272727,0.09746059290024894,0.5656453011761291,0.28205128205128205,-6.523854745270971e-05,-0.003065238547452691,-0.0194472876151484,0.0080971659919029,7.0
7,confirm_60,0.35,2.0,2.0,0.55,2.0,3,none,none,0.02,8,3,0.375,0.13684428582359742,0.6942576053973726,0.20512820512820512,0.0012891308102506369,-0.0017108691897493498,-0.01788785870112435,0.0074382797818263995,3.5
8,confirm_60,0.45,2.0,2.0,0.55,2.0,3,none,none,0.02,8,3,0.375,0.13684428582359742,0.6942576053973726,0.20512820512820512,0.0012891308102506369,-0.0017108691897493498,-0.01788785870112435,0.0074382797818263995,3.5
9,confirm_60,0.35,2.0,2.0,0.55,1.5,3,none,not_bear,0.02,10,4,0.4,0.1681803297062362,0.6873262302663417,0.2564102564102564,0.002031304648200509,-0.0009686953517994794,-0.019876353993847053,0.0074382797818263995,3.5
10,confirm_60,0.45,2.0,2.0,0.55,1.5,3,none,not_bear,0.02,10,4,0.4,0.1681803297062362,0.6873262302663417,0.2564102564102564,0.002031304648200509,-0.0009686953517994794,-0.019876353993847053,0.0074382797818263995,3.5
