feature,anchor_mean,all_negative_mean,matched_control_mean,smd_before,smd_after,abs_smd_after
stoch_k,20.58672119456309,53.573640515779104,22.178885097491243,-1.4308710384193022,-0.08805673486850743,0.08805673486850743
rsi14,37.411339071061875,51.525615174159974,39.0834188302358,-1.250094813422602,-0.16734967580751797,0.16734967580751797
cci20,-144.0589002856502,8.375543171871332,-122.9284842979025,-1.4032224426615036,-0.21649844614226846,0.21649844614226846
bb_z,-1.743561056278715,0.09769564005969193,-1.4963737111995687,-1.5373102555911755,-0.24019380643647598,0.24019380643647598
rsi6,27.340039716826546,51.52883018627868,30.49245578403826,-1.5909447445952978,-0.24780889150119645,0.24780889150119645
macd_hist_pct,-0.0019632153925731137,1.544467436829155e-05,-0.0013532384706902829,-1.0502671401964285,-0.36275054472962676,0.36275054472962676
close_vs_vwap24,-0.01592788422634907,0.001694549520633069,-0.010886585860660287,-1.2923849569690213,-0.4186230525713933,0.4186230525713933
close_vs_ema24,-0.016324510448982806,0.0012289224737153976,-0.01030200658600801,-1.187372610190976,-0.43964188724410047,0.43964188724410047
atr14_pct,0.009043094180351883,0.00744010989769603,0.007236050815252518,0.3910410331803584,0.46961233295276195,0.46961233295276195
log_ret,-0.007865501074606814,7.324052510473816e-05,-0.004295983797336938,-1.089256447268993,-0.48619841292652244,0.48619841292652244
close_vs_ema12,-0.013433981360086127,0.0005678761648910109,-0.008225429270588494,-1.3330551286810841,-0.5262819868460022,0.5262819868460022
close_vs_ema6,-0.009521209436099054,0.0002291634686260633,-0.005542948647276986,-1.3526481999593212,-0.5707133539186425,0.5707133539186425
