feature,base_indicator,n_events,winner_mean,control_mean,mean_paired_diff,median_paired_diff,paired_effect,abs_paired_effect,direction,sign_consistency,p_value,shape_only,fdr_q
ema_gap_6_24__d1,ema_gap_6_24,108,-0.002356860130829672,-0.001312749642019534,-0.0010441104888101378,-0.0006801097519200995,-0.80845559992268,0.80845559992268,WINNER_LOW,0.8611111111111112,2.037132399542325e-13,True,7.123852001199511e-10
macd_pct__d1,macd_pct,108,-0.0011676279791825233,-0.0006675319041295113,-0.000500096075053012,-0.0003684792083731736,-0.7826876101978342,0.7826876101978342,WINNER_LOW,0.8240740740740741,8.015191702240797e-13,True,1.1340045108473076e-09
close_vs_sma72__d1,close_vs_sma72,108,-0.007426016330605812,-0.004099221440022423,-0.0033267948905833897,-0.002358989344065776,-0.7725500888858677,0.7725500888858677,WINNER_LOW,0.7592592592592593,1.3704963548837305e-12,True,1.1340045108473076e-09
close_vs_vwap240__d1,close_vs_vwap240,108,-0.007515387661071684,-0.004357358247084954,-0.00315802941398673,-0.002240736619569361,-0.768478799493892,0.768478799493892,WINNER_LOW,0.7777777777777778,1.6992262283583122e-12,True,1.1340045108473076e-09
close_vs_vwap72__d1,close_vs_vwap72,108,-0.006981844398237795,-0.004006613845797767,-0.002975230552440028,-0.002376650515361689,-0.7633930142299763,0.7633930142299763,WINNER_LOW,0.75,2.221955685748661e-12,True,1.1340045108473076e-09
close_vs_ema240__d1,close_vs_ema240,108,-0.007589800782145378,-0.004296621571729828,-0.0032931792104155502,-0.002253029588609934,-0.7600452467484944,0.7600452467484944,WINNER_LOW,0.7592592592592593,2.650422687371093e-12,True,1.1340045108473076e-09
dist_high240__d1,dist_high240,108,-0.0070842399470199815,-0.004006814767417718,-0.003077425179602263,-0.0019024521185201592,-0.7595081538853292,0.7595081538853292,WINNER_LOW,0.7777777777777778,2.72642631311151e-12,True,1.1340045108473076e-09
close_vs_ema168__d1,close_vs_ema168,108,-0.007498339762538241,-0.0042243230886823665,-0.0032740166738558737,-0.002181162367196521,-0.7590783996432646,0.7590783996432646,WINNER_LOW,0.7777777777777778,2.7887977820923475e-12,True,1.1340045108473076e-09
close_vs_ema72__d1,close_vs_ema72,108,-0.007188591512136487,-0.00397148153273924,-0.0032171099793972474,-0.00230010420364124,-0.7568412863142671,0.7568412863142671,WINNER_LOW,0.7685185185185185,3.13712218197379e-12,True,1.1340045108473076e-09
close_vs_sma240__d1,close_vs_sma240,108,-0.007670152917718816,-0.004365269487482658,-0.003304883430236158,-0.0022947404184378685,-0.7562112994912042,0.7562112994912042,WINNER_LOW,0.7407407407407407,3.242792424499021e-12,True,1.1340045108473076e-09
dist_high72__d1,dist_high72,108,-0.007156586167150602,-0.003972892184974289,-0.003183693982176313,-0.0018258592579513788,-0.7519310270459181,0.7519310270459181,WINNER_LOW,0.7685185185185185,4.060657024514881e-12,True,1.2092464454093472e-09
close_vs_ema48__d1,close_vs_ema48,108,-0.006947273487269369,-0.003794535233452768,-0.0031527382538166023,-0.002262624203285668,-0.7504155719965568,0.7504155719965568,WINNER_LOW,0.7685185185185185,4.396906343603683e-12,True,1.2092464454093472e-09
close_vs_sma168__d1,close_vs_sma168,108,-0.007603770508905183,-0.0043299208675509565,-0.0032738496413542264,-0.002374102990143001,-0.7499936960848452,0.7499936960848452,WINNER_LOW,0.7685185185185185,4.495339945759655e-12,True,1.2092464454093472e-09
close_vs_sma24__d1,close_vs_sma24,108,-0.006820089343717781,-0.0036908184783863325,-0.0031292708653314484,-0.0022000173630658537,-0.7401563248205751,0.7401563248205751,WINNER_LOW,0.7870370370370371,7.526458944443495e-12,True,1.8800019234799215e-09
abs_body_pct__w24__pos,abs_body_pct,108,0.5517176999678163,0.3941338747448753,0.15758382522294093,0.1175001859664917,0.732869765217809,0.732869765217809,WINNER_HIGH,0.7685185185185185,1.1012620185416457e-11,True,2.56740885256009e-09
close_vs_ema24__d1,close_vs_ema24,108,-0.006313595433985702,-0.0033733554226964093,-0.002940240011289293,-0.0019358921330422164,-0.7237675895084057,0.7237675895084057,WINNER_LOW,0.7685185185185185,1.7691495908936782e-11,True,3.866697574596995e-09
macd_hist_pct__d1,macd_hist_pct,108,-0.000652054379105546,-0.00032663251763962207,-0.00032542186146592393,-0.00016649736098770516,-0.7203861736895727,0.7203861736895727,WINNER_LOW,0.8333333333333334,2.1089471115824285e-11,True,4.338228264237501e-09
body_pct__w24__pos,body_pct,108,0.2580161342759513,0.36684080116899204,-0.10882466689304068,-0.11107239117845893,-0.6954712241162881,0.6954712241162881,WINNER_LOW,0.75,7.639417058525711e-11,True,1.3248079878005342e-08
log_ret__w24__pos,log_ret,108,0.25954613427165896,0.3687700412495933,-0.10922390697793428,-0.11162491501308978,-0.6946817255173191,0.6946817255173191,WINNER_LOW,0.75,7.955667070006067e-11,True,1.3248079878005342e-08
close_vs_ema6__w24__pos,close_vs_ema6,108,0.1595124016403807,0.2569538182550955,-0.0974414166147148,-0.1068600259721279,-0.678578043335679,0.678578043335679,WINNER_LOW,0.7870370370370371,1.813908088176893e-10,True,2.114412194784865e-08
close_vs_vwap24__d1,close_vs_vwap24,108,-0.006069104718301754,-0.0034518855797563857,-0.002617219138545368,-0.0018098480300977825,-0.6761184464668389,0.6761184464668389,WINNER_LOW,0.8148148148148148,2.056102832423408e-10,True,2.2469348765577057e-08
ema_gap_24_72__d1,ema_gap_24_72,108,-0.0009230805178967111,-0.000604541410022766,-0.00031853910787394514,-0.00019541436922736468,-0.6742410756259991,0.6742410756259991,WINNER_LOW,0.7129629629629629,2.2622773165646611e-10,True,2.332693464129311e-08
close_vs_ema12__d1,close_vs_ema12,108,-0.005339055768588339,-0.0027840975203599996,-0.0025549582482283393,-0.0015963219339027999,-0.6715146659822223,0.6715146659822223,WINNER_LOW,0.7777777777777778,2.5986439076225447e-10,True,2.5808304621196897e-08
macd_fast_hist_pct__d1,macd_fast_hist_pct,108,-0.0009774445331324252,-0.00046044589676268036,-0.0005169986363697448,-0.00029827213438693434,-0.6622180942864745,0.6622180942864745,WINNER_LOW,0.8055555555555556,4.1628919536454123e-10,True,3.830956095236318e-08
atr72_pct__d1,atr72_pct,108,0.0001685574135820197,5.811598676991201e-05,0.00011044142681210769,5.591168023784121e-05,0.6061156875075101,0.6061156875075101,WINNER_HIGH,0.8148148148148148,6.787477717078351e-09,True,3.9372484621192294e-07
ema24_slope_6h__d1,ema24_slope_6h,108,-0.001265186254946221,-0.0007377026184830929,-0.0005274836364631281,-0.00041775149766181123,-0.5866926253607495,0.5866926253607495,WINNER_LOW,0.75,1.742809944273096e-08,True,8.583952641018334e-07
dist_high24__d1,dist_high24,108,-0.006588106153988822,-0.0036709796005955776,-0.0029171265533932456,-0.0018672980339033529,-0.565617018875553,0.565617018875553,WINNER_LOW,0.75,4.774875309348179e-08,True,1.919280339860986e-06
ema6_slope_3h__d1,ema6_slope_3h,108,-0.002545142821805644,-0.0012808959432837345,-0.0012642468785219099,-0.0008139974612277,-0.5511934058325347,0.5511934058325347,WINNER_LOW,0.7222222222222222,9.424323474239905e-08,True,3.4330061655642656e-06
ema72_slope_12h__d1,ema72_slope_12h,108,-0.000560508803177813,-0.0003759655095616192,-0.00018454329361619387,-0.00010965997862513177,-0.5463551907462962,0.5463551907462962,WINNER_LOW,0.6481481481481481,1.1816453372601972e-07,True,4.132213744398909e-06
atr24_pct__d3,atr24_pct,108,0.0006319097761257177,0.00018286389482282344,0.00044904588130289424,0.00027031980207539166,0.541653843866628,0.541653843866628,WINNER_HIGH,0.7314814814814815,1.470764110804313e-07,True,4.852134052342153e-06
