event_id,anchor_row_idx,anchor_time,anchor_decision_pos,control_row_idx,control_time,control_decision_pos,match_rank,state_distance,quarter
1,1464,2024-01-01 00:00:00+00:00,0,2251,2024-02-02 19:00:00+00:00,787,1,0.13194117565335395,1
1,1464,2024-01-01 00:00:00+00:00,0,2727,2024-02-22 15:00:00+00:00,1263,2,0.16308228762571794,1
1,1464,2024-01-01 00:00:00+00:00,0,2657,2024-02-19 17:00:00+00:00,1193,3,0.2103695875860694,1
1,1464,2024-01-01 00:00:00+00:00,0,2307,2024-02-05 03:00:00+00:00,843,4,0.2110456242718203,1
1,1464,2024-01-01 00:00:00+00:00,0,3111,2024-03-09 15:00:00+00:00,1647,5,0.21222598618653865,1
2,1526,2024-01-03 14:00:00+00:00,62,1746,2024-01-12 18:00:00+00:00,282,1,0.7591891110657542,1
2,1526,2024-01-03 14:00:00+00:00,62,1744,2024-01-12 16:00:00+00:00,280,2,0.9679507979072016,1
2,1526,2024-01-03 14:00:00+00:00,62,1750,2024-01-12 22:00:00+00:00,286,3,1.0454364340007265,1
2,1526,2024-01-03 14:00:00+00:00,62,1745,2024-01-12 17:00:00+00:00,281,4,1.1601336932348334,1
2,1526,2024-01-03 14:00:00+00:00,62,1747,2024-01-12 19:00:00+00:00,283,5,1.2004391167069186,1
3,1630,2024-01-07 22:00:00+00:00,166,2725,2024-02-22 13:00:00+00:00,1261,1,0.24167073714439818,1
3,1630,2024-01-07 22:00:00+00:00,166,2679,2024-02-20 15:00:00+00:00,1215,2,0.28501738180977176,1
3,1630,2024-01-07 22:00:00+00:00,166,2587,2024-02-16 19:00:00+00:00,1123,3,0.2957088374024827,1
3,1630,2024-01-07 22:00:00+00:00,166,2743,2024-02-23 07:00:00+00:00,1279,4,0.2971540541388149,1
3,1630,2024-01-07 22:00:00+00:00,166,2751,2024-02-23 15:00:00+00:00,1287,5,0.3088410123640136,1
4,1692,2024-01-10 12:00:00+00:00,228,1743,2024-01-12 15:00:00+00:00,279,1,0.5890635368493842,1
4,1692,2024-01-10 12:00:00+00:00,228,3591,2024-03-29 15:00:00+00:00,2127,2,0.7734759908305799,1
4,1692,2024-01-10 12:00:00+00:00,228,1972,2024-01-22 04:00:00+00:00,508,3,0.8270292884471447,1
4,1692,2024-01-10 12:00:00+00:00,228,2697,2024-02-21 09:00:00+00:00,1233,4,0.8649792089338838,1
4,1692,2024-01-10 12:00:00+00:00,228,1720,2024-01-11 16:00:00+00:00,256,5,0.996467331070872,1
5,1799,2024-01-14 23:00:00+00:00,335,1972,2024-01-22 04:00:00+00:00,508,1,0.36966605758088816,1
5,1799,2024-01-14 23:00:00+00:00,335,3591,2024-03-29 15:00:00+00:00,2127,2,0.5432773674201,1
5,1799,2024-01-14 23:00:00+00:00,335,2606,2024-02-17 14:00:00+00:00,1142,3,0.5480213681839421,1
5,1799,2024-01-14 23:00:00+00:00,335,2697,2024-02-21 09:00:00+00:00,1233,4,0.5885742850161384,1
5,1799,2024-01-14 23:00:00+00:00,335,2605,2024-02-17 13:00:00+00:00,1141,5,0.69836012037829,1
6,1892,2024-01-18 20:00:00+00:00,428,1747,2024-01-12 19:00:00+00:00,283,1,0.5513950754416076,1
6,1892,2024-01-18 20:00:00+00:00,428,1746,2024-01-12 18:00:00+00:00,282,2,0.5716414130246894,1
6,1892,2024-01-18 20:00:00+00:00,428,1745,2024-01-12 17:00:00+00:00,281,3,0.6490263103400851,1
6,1892,2024-01-18 20:00:00+00:00,428,1749,2024-01-12 21:00:00+00:00,285,4,0.6913478115901538,1
6,1892,2024-01-18 20:00:00+00:00,428,1754,2024-01-13 02:00:00+00:00,290,5,0.8746913183399737,1
7,1912,2024-01-19 16:00:00+00:00,448,1972,2024-01-22 04:00:00+00:00,508,1,0.3985285468400211,1
7,1912,2024-01-19 16:00:00+00:00,448,3591,2024-03-29 15:00:00+00:00,2127,2,0.4674396211028322,1
7,1912,2024-01-19 16:00:00+00:00,448,2606,2024-02-17 14:00:00+00:00,1142,3,0.5430407888346054,1
7,1912,2024-01-19 16:00:00+00:00,448,2697,2024-02-21 09:00:00+00:00,1233,4,0.5432386783589817,1
7,1912,2024-01-19 16:00:00+00:00,448,2605,2024-02-17 13:00:00+00:00,1141,5,0.6422454795211211,1
8,2002,2024-01-23 10:00:00+00:00,538,3592,2024-03-29 16:00:00+00:00,2128,1,0.6524245100184641,1
8,2002,2024-01-23 10:00:00+00:00,538,2606,2024-02-17 14:00:00+00:00,1142,2,0.660453017816657,1
8,2002,2024-01-23 10:00:00+00:00,538,2699,2024-02-21 11:00:00+00:00,1235,3,0.6854322266862274,1
8,2002,2024-01-23 10:00:00+00:00,538,1972,2024-01-22 04:00:00+00:00,508,4,0.7178557602016098,1
8,2002,2024-01-23 10:00:00+00:00,538,1742,2024-01-12 14:00:00+00:00,278,5,0.7209261323770091,1
9,2052,2024-01-25 12:00:00+00:00,588,2582,2024-02-16 14:00:00+00:00,1118,1,0.26522586152327865,1
9,2052,2024-01-25 12:00:00+00:00,588,2182,2024-01-30 22:00:00+00:00,718,2,0.3107486211148733,1
9,2052,2024-01-25 12:00:00+00:00,588,2249,2024-02-02 17:00:00+00:00,785,3,0.32102926759984834,1
9,2052,2024-01-25 12:00:00+00:00,588,2628,2024-02-18 12:00:00+00:00,1164,4,0.3248500902589798,1
9,2052,2024-01-25 12:00:00+00:00,588,1837,2024-01-16 13:00:00+00:00,373,5,0.32780133010783974,1
10,2096,2024-01-27 08:00:00+00:00,632,1855,2024-01-17 07:00:00+00:00,391,1,0.3763835415005629,1
10,2096,2024-01-27 08:00:00+00:00,632,1853,2024-01-17 05:00:00+00:00,389,2,0.3993053931489781,1
10,2096,2024-01-27 08:00:00+00:00,632,3579,2024-03-29 03:00:00+00:00,2115,3,0.4080601797139127,1
10,2096,2024-01-27 08:00:00+00:00,632,1859,2024-01-17 11:00:00+00:00,395,4,0.42560543848172727,1
10,2096,2024-01-27 08:00:00+00:00,632,2587,2024-02-16 19:00:00+00:00,1123,5,0.4289801879931194,1
11,2131,2024-01-28 19:00:00+00:00,667,2699,2024-02-21 11:00:00+00:00,1235,1,0.22439677332681804,1
11,2131,2024-01-28 19:00:00+00:00,667,1977,2024-01-22 09:00:00+00:00,513,2,0.2584382454962646,1
11,2131,2024-01-28 19:00:00+00:00,667,3585,2024-03-29 09:00:00+00:00,2121,3,0.2712003223639714,1
11,2131,2024-01-28 19:00:00+00:00,667,2304,2024-02-05 00:00:00+00:00,840,4,0.2888667087908997,1
11,2131,2024-01-28 19:00:00+00:00,667,1864,2024-01-17 16:00:00+00:00,400,5,0.29975896437983696,1
12,2209,2024-02-01 01:00:00+00:00,745,3591,2024-03-29 15:00:00+00:00,2127,1,0.4091360582464019,1
12,2209,2024-02-01 01:00:00+00:00,745,2697,2024-02-21 09:00:00+00:00,1233,2,0.47675932174565183,1
12,2209,2024-02-01 01:00:00+00:00,745,1742,2024-01-12 14:00:00+00:00,278,3,0.5462513119541839,1
12,2209,2024-02-01 01:00:00+00:00,745,2565,2024-02-15 21:00:00+00:00,1101,4,0.5539524505983007,1
12,2209,2024-02-01 01:00:00+00:00,745,1972,2024-01-22 04:00:00+00:00,508,5,0.5623840993862108,1
13,2352,2024-02-07 00:00:00+00:00,888,2635,2024-02-18 19:00:00+00:00,1171,1,0.09397896652684098,1
13,2352,2024-02-07 00:00:00+00:00,888,2636,2024-02-18 20:00:00+00:00,1172,2,0.11574746983399715,1
13,2352,2024-02-07 00:00:00+00:00,888,2261,2024-02-03 05:00:00+00:00,797,3,0.11674779361632989,1
13,2352,2024-02-07 00:00:00+00:00,888,2634,2024-02-18 18:00:00+00:00,1170,4,0.12218631926611981,1
13,2352,2024-02-07 00:00:00+00:00,888,2259,2024-02-03 03:00:00+00:00,795,5,0.13399361504948695,1
14,2434,2024-02-10 10:00:00+00:00,970,3581,2024-03-29 05:00:00+00:00,2117,1,0.23550203708002146,1
14,2434,2024-02-10 10:00:00+00:00,970,1855,2024-01-17 07:00:00+00:00,391,2,0.2628465308013404,1
14,2434,2024-02-10 10:00:00+00:00,970,3585,2024-03-29 09:00:00+00:00,2121,3,0.2641169396477003,1
14,2434,2024-02-10 10:00:00+00:00,970,2664,2024-02-20 00:00:00+00:00,1200,4,0.3190452784501453,1
14,2434,2024-02-10 10:00:00+00:00,970,2656,2024-02-19 16:00:00+00:00,1192,5,0.34415541129466865,1
15,2463,2024-02-11 15:00:00+00:00,999,2177,2024-01-30 17:00:00+00:00,713,1,0.13661523230013792,1
15,2463,2024-02-11 15:00:00+00:00,999,2175,2024-01-30 15:00:00+00:00,711,2,0.1483731203532601,1
15,2463,2024-02-11 15:00:00+00:00,999,3103,2024-03-09 07:00:00+00:00,1639,3,0.18740192662970093,1
15,2463,2024-02-11 15:00:00+00:00,999,2169,2024-01-30 09:00:00+00:00,705,4,0.18823753765940182,1
15,2463,2024-02-11 15:00:00+00:00,999,3575,2024-03-28 23:00:00+00:00,2111,5,0.19138065603440615,1
16,2510,2024-02-13 14:00:00+00:00,1046,1743,2024-01-12 15:00:00+00:00,279,1,0.6954151986711385,1
16,2510,2024-02-13 14:00:00+00:00,1046,1972,2024-01-22 04:00:00+00:00,508,2,0.722846243248724,1
16,2510,2024-02-13 14:00:00+00:00,1046,3591,2024-03-29 15:00:00+00:00,2127,3,0.7777421103248826,1
16,2510,2024-02-13 14:00:00+00:00,1046,2697,2024-02-21 09:00:00+00:00,1233,4,0.8755298781878781,1
16,2510,2024-02-13 14:00:00+00:00,1046,2606,2024-02-17 14:00:00+00:00,1142,5,0.8773568383923791,1
17,2800,2024-02-25 16:00:00+00:00,1336,2284,2024-02-04 04:00:00+00:00,820,1,0.19782502354282605,1
17,2800,2024-02-25 16:00:00+00:00,1336,3621,2024-03-30 21:00:00+00:00,2157,2,0.20039880473538008,1
17,2800,2024-02-25 16:00:00+00:00,1336,2601,2024-02-17 09:00:00+00:00,1137,3,0.2063992204739827,1
17,2800,2024-02-25 16:00:00+00:00,1336,3623,2024-03-30 23:00:00+00:00,2159,4,0.2296896672998025,1
17,2800,2024-02-25 16:00:00+00:00,1336,2600,2024-02-17 08:00:00+00:00,1136,5,0.248367981162727,1
18,2906,2024-03-01 02:00:00+00:00,1442,1731,2024-01-12 03:00:00+00:00,267,1,0.2580187848766355,1
18,2906,2024-03-01 02:00:00+00:00,1442,1729,2024-01-12 01:00:00+00:00,265,2,0.3118220753734793,1
18,2906,2024-03-01 02:00:00+00:00,1442,1725,2024-01-11 21:00:00+00:00,261,3,0.33190518472498,1
18,2906,2024-03-01 02:00:00+00:00,1442,1732,2024-01-12 04:00:00+00:00,268,4,0.34725277677650324,1
18,2906,2024-03-01 02:00:00+00:00,1442,1730,2024-01-12 02:00:00+00:00,266,5,0.41836019564281623,1
19,2952,2024-03-03 00:00:00+00:00,1488,2748,2024-02-23 12:00:00+00:00,1284,1,0.14173298666821868,1
19,2952,2024-03-03 00:00:00+00:00,1488,2658,2024-02-19 18:00:00+00:00,1194,2,0.15833441059233422,1
19,2952,2024-03-03 00:00:00+00:00,1488,1966,2024-01-21 22:00:00+00:00,502,3,0.16462607662220255,1
19,2952,2024-03-03 00:00:00+00:00,1488,3112,2024-03-09 16:00:00+00:00,1648,4,0.17379645318169776,1
19,2952,2024-03-03 00:00:00+00:00,1488,2301,2024-02-04 21:00:00+00:00,837,5,0.17627280616142044,1
20,3007,2024-03-05 07:00:00+00:00,1543,1720,2024-01-11 16:00:00+00:00,256,1,0.7560697327818223,1
20,3007,2024-03-05 07:00:00+00:00,1543,1561,2024-01-05 01:00:00+00:00,97,2,0.7599862266785276,1
20,3007,2024-03-05 07:00:00+00:00,1543,1724,2024-01-11 20:00:00+00:00,260,3,0.814068984552733,1
20,3007,2024-03-05 07:00:00+00:00,1543,1574,2024-01-05 14:00:00+00:00,110,4,0.9389470258099812,1
20,3007,2024-03-05 07:00:00+00:00,1543,3591,2024-03-29 15:00:00+00:00,2127,5,1.0133907771959205,1
21,3053,2024-03-07 05:00:00+00:00,1589,1575,2024-01-05 15:00:00+00:00,111,1,0.23077318403679942,1
21,3053,2024-03-07 05:00:00+00:00,1589,1735,2024-01-12 07:00:00+00:00,271,2,0.2939054420684011,1
21,3053,2024-03-07 05:00:00+00:00,1589,2708,2024-02-21 20:00:00+00:00,1244,3,0.3133511601770451,1
21,3053,2024-03-07 05:00:00+00:00,1589,2706,2024-02-21 18:00:00+00:00,1242,4,0.31393601774632907,1
21,3053,2024-03-07 05:00:00+00:00,1589,1734,2024-01-12 06:00:00+00:00,270,5,0.32758065346011905,1
22,3144,2024-03-11 00:00:00+00:00,1680,3591,2024-03-29 15:00:00+00:00,2127,1,0.36214713802711357,1
22,3144,2024-03-11 00:00:00+00:00,1680,2183,2024-01-30 23:00:00+00:00,719,2,0.3876370174436174,1
22,3144,2024-03-11 00:00:00+00:00,1680,2565,2024-02-15 21:00:00+00:00,1101,3,0.46141001250337876,1
22,3144,2024-03-11 00:00:00+00:00,1680,1742,2024-01-12 14:00:00+00:00,278,4,0.48524147941075024,1
22,3144,2024-03-11 00:00:00+00:00,1680,2697,2024-02-21 09:00:00+00:00,1233,5,0.48751661997261847,1
23,3185,2024-03-12 17:00:00+00:00,1721,2566,2024-02-15 22:00:00+00:00,1102,1,0.5413794776493738,1
23,3185,2024-03-12 17:00:00+00:00,1721,1973,2024-01-22 05:00:00+00:00,509,2,0.6592757217899188,1
23,3185,2024-03-12 17:00:00+00:00,1721,2682,2024-02-20 18:00:00+00:00,1218,3,0.662426573707921,1
23,3185,2024-03-12 17:00:00+00:00,1721,3593,2024-03-29 17:00:00+00:00,2129,4,0.6772939014636846,1
23,3185,2024-03-12 17:00:00+00:00,1721,2700,2024-02-21 12:00:00+00:00,1236,5,0.6778036227487089,1
24,3235,2024-03-14 19:00:00+00:00,1771,1746,2024-01-12 18:00:00+00:00,282,1,0.3222558580834325,1
24,3235,2024-03-14 19:00:00+00:00,1771,1747,2024-01-12 19:00:00+00:00,283,2,0.6869308212925479,1
24,3235,2024-03-14 19:00:00+00:00,1771,1749,2024-01-12 21:00:00+00:00,285,3,0.7790746582305058,1
24,3235,2024-03-14 19:00:00+00:00,1771,1745,2024-01-12 17:00:00+00:00,281,4,0.861730164749321,1
24,3235,2024-03-14 19:00:00+00:00,1771,1753,2024-01-13 01:00:00+00:00,289,5,0.9095083585647484,1
25,3249,2024-03-15 09:00:00+00:00,1785,1755,2024-01-13 03:00:00+00:00,291,1,0.7530962125133701,1
25,3249,2024-03-15 09:00:00+00:00,1785,1756,2024-01-13 04:00:00+00:00,292,2,0.7879613176871622,1
25,3249,2024-03-15 09:00:00+00:00,1785,1751,2024-01-12 23:00:00+00:00,287,3,0.8767297998587543,1
25,3249,2024-03-15 09:00:00+00:00,1785,1752,2024-01-13 00:00:00+00:00,288,4,0.8779178469686912,1
25,3249,2024-03-15 09:00:00+00:00,1785,1748,2024-01-12 20:00:00+00:00,284,5,0.8787536014296952,1
26,3287,2024-03-16 23:00:00+00:00,1823,1743,2024-01-12 15:00:00+00:00,279,1,0.6231811201869055,1
26,3287,2024-03-16 23:00:00+00:00,1823,1746,2024-01-12 18:00:00+00:00,282,2,0.7034503424655868,1
26,3287,2024-03-16 23:00:00+00:00,1823,1750,2024-01-12 22:00:00+00:00,286,3,0.8490071477036025,1
26,3287,2024-03-16 23:00:00+00:00,1823,1749,2024-01-12 21:00:00+00:00,285,4,0.9621627046349313,1
26,3287,2024-03-16 23:00:00+00:00,1823,1744,2024-01-12 16:00:00+00:00,280,5,1.0332165811677745,1
27,3344,2024-03-19 08:00:00+00:00,1880,1750,2024-01-12 22:00:00+00:00,286,1,0.38004729157599826,1
27,3344,2024-03-19 08:00:00+00:00,1880,1744,2024-01-12 16:00:00+00:00,280,2,0.7063642480018688,1
27,3344,2024-03-19 08:00:00+00:00,1880,1743,2024-01-12 15:00:00+00:00,279,3,0.7651764462542547,1
27,3344,2024-03-19 08:00:00+00:00,1880,1746,2024-01-12 18:00:00+00:00,282,4,0.7735828368295694,1
27,3344,2024-03-19 08:00:00+00:00,1880,1747,2024-01-12 19:00:00+00:00,283,5,1.3061864774176233,1
28,3364,2024-03-20 04:00:00+00:00,1900,1754,2024-01-13 02:00:00+00:00,290,1,0.5572614815120115,1
28,3364,2024-03-20 04:00:00+00:00,1900,1753,2024-01-13 01:00:00+00:00,289,2,0.5864805711119795,1
28,3364,2024-03-20 04:00:00+00:00,1900,1752,2024-01-13 00:00:00+00:00,288,3,0.6838577312607986,1
28,3364,2024-03-20 04:00:00+00:00,1900,1755,2024-01-13 03:00:00+00:00,291,4,0.7008372989588472,1
28,3364,2024-03-20 04:00:00+00:00,1900,1749,2024-01-12 21:00:00+00:00,285,5,0.7410817454315842,1
29,3422,2024-03-22 14:00:00+00:00,1958,1746,2024-01-12 18:00:00+00:00,282,1,0.294365106569446,1
29,3422,2024-03-22 14:00:00+00:00,1958,1747,2024-01-12 19:00:00+00:00,283,2,0.5335908072393372,1
29,3422,2024-03-22 14:00:00+00:00,1958,1745,2024-01-12 17:00:00+00:00,281,3,0.5782464496904811,1
29,3422,2024-03-22 14:00:00+00:00,1958,1749,2024-01-12 21:00:00+00:00,285,4,0.8425227223538203,1
29,3422,2024-03-22 14:00:00+00:00,1958,1754,2024-01-13 02:00:00+00:00,290,5,0.9785055027293027,1
30,3454,2024-03-23 22:00:00+00:00,1990,3570,2024-03-28 18:00:00+00:00,2106,1,0.16384069686278796,1
30,3454,2024-03-23 22:00:00+00:00,1990,2724,2024-02-22 12:00:00+00:00,1260,2,0.20846259141836168,1
30,3454,2024-03-23 22:00:00+00:00,1990,1849,2024-01-17 01:00:00+00:00,385,3,0.22244490709032091,1
30,3454,2024-03-23 22:00:00+00:00,1990,1589,2024-01-06 05:00:00+00:00,125,4,0.24449591420554342,1
30,3454,2024-03-23 22:00:00+00:00,1990,1588,2024-01-06 04:00:00+00:00,124,5,0.25830211836805367,1
31,3543,2024-03-27 15:00:00+00:00,2079,3591,2024-03-29 15:00:00+00:00,2127,1,0.4088270365354522,1
31,3543,2024-03-27 15:00:00+00:00,2079,2697,2024-02-21 09:00:00+00:00,1233,2,0.5739443703315383,1
31,3543,2024-03-27 15:00:00+00:00,2079,1972,2024-01-22 04:00:00+00:00,508,3,0.6771570733570909,1
31,3543,2024-03-27 15:00:00+00:00,2079,1742,2024-01-12 14:00:00+00:00,278,4,0.7011804352943993,1
31,3543,2024-03-27 15:00:00+00:00,2079,2183,2024-01-30 23:00:00+00:00,719,5,0.7046931023399072,1
32,3713,2024-04-03 17:00:00+00:00,2249,4889,2024-05-22 17:00:00+00:00,3425,1,0.20368377291945886,2
32,3713,2024-04-03 17:00:00+00:00,2249,4252,2024-04-26 04:00:00+00:00,2788,2,0.2213579240213847,2
32,3713,2024-04-03 17:00:00+00:00,2249,3672,2024-04-02 00:00:00+00:00,2208,3,0.2263263843204268,2
32,3713,2024-04-03 17:00:00+00:00,2249,4528,2024-05-07 16:00:00+00:00,3064,4,0.2275055961202092,2
32,3713,2024-04-03 17:00:00+00:00,2249,5716,2024-06-26 04:00:00+00:00,4252,5,0.23601527708003336,2
33,3800,2024-04-07 08:00:00+00:00,2336,5214,2024-06-05 06:00:00+00:00,3750,1,0.06523384948269818,2
33,3800,2024-04-07 08:00:00+00:00,2336,5215,2024-06-05 07:00:00+00:00,3751,2,0.10233436641470162,2
33,3800,2024-04-07 08:00:00+00:00,2336,4173,2024-04-22 21:00:00+00:00,2709,3,0.12462613743070253,2
33,3800,2024-04-07 08:00:00+00:00,2336,4172,2024-04-22 20:00:00+00:00,2708,4,0.16192883272159594,2
33,3800,2024-04-07 08:00:00+00:00,2336,4593,2024-05-10 09:00:00+00:00,3129,5,0.16483587209703926,2
34,3866,2024-04-10 02:00:00+00:00,2402,4225,2024-04-25 01:00:00+00:00,2761,1,0.24699125243909922,2
34,3866,2024-04-10 02:00:00+00:00,2402,5029,2024-05-28 13:00:00+00:00,3565,2,0.28473628345285834,2
34,3866,2024-04-10 02:00:00+00:00,2402,5032,2024-05-28 16:00:00+00:00,3568,3,0.28663385429181526,2
34,3866,2024-04-10 02:00:00+00:00,2402,4236,2024-04-25 12:00:00+00:00,2772,4,0.2931188491649061,2
34,3866,2024-04-10 02:00:00+00:00,2402,5533,2024-06-18 13:00:00+00:00,4069,5,0.29839887367634266,2
35,3956,2024-04-13 20:00:00+00:00,2492,3930,2024-04-12 18:00:00+00:00,2466,1,2.3952117704499267,2
35,3956,2024-04-13 20:00:00+00:00,2492,3674,2024-04-02 02:00:00+00:00,2210,2,2.63525853586297,2
35,3956,2024-04-13 20:00:00+00:00,2492,4598,2024-05-10 14:00:00+00:00,3134,3,3.009158566412435,2
35,3956,2024-04-13 20:00:00+00:00,2492,3675,2024-04-02 03:00:00+00:00,2211,4,3.6748943506314964,2
35,3956,2024-04-13 20:00:00+00:00,2492,4601,2024-05-10 17:00:00+00:00,3137,5,3.7185497824567832,2
36,3977,2024-04-14 17:00:00+00:00,2513,4523,2024-05-07 11:00:00+00:00,3059,1,0.5070115549338899,2
36,3977,2024-04-14 17:00:00+00:00,2513,4515,2024-05-07 03:00:00+00:00,3051,2,0.5199112829407639,2
36,3977,2024-04-14 17:00:00+00:00,2513,3761,2024-04-05 17:00:00+00:00,2297,3,0.5210068414348049,2
36,3977,2024-04-14 17:00:00+00:00,2513,5520,2024-06-18 00:00:00+00:00,4056,4,0.5441748804044334,2
36,3977,2024-04-14 17:00:00+00:00,2513,3672,2024-04-02 00:00:00+00:00,2208,5,0.5449101905567802,2
37,4022,2024-04-16 14:00:00+00:00,2558,5521,2024-06-18 01:00:00+00:00,4057,1,0.40725689597940373,2
37,4022,2024-04-16 14:00:00+00:00,2558,4272,2024-04-27 00:00:00+00:00,2808,2,0.508409145214021,2
37,4022,2024-04-16 14:00:00+00:00,2558,4502,2024-05-06 14:00:00+00:00,3038,3,0.5311932278858261,2
37,4022,2024-04-16 14:00:00+00:00,2558,4273,2024-04-27 01:00:00+00:00,2809,4,0.5489943515265585,2
37,4022,2024-04-16 14:00:00+00:00,2558,3749,2024-04-05 05:00:00+00:00,2285,5,0.5598871407112016,2
38,4047,2024-04-17 15:00:00+00:00,2583,3930,2024-04-12 18:00:00+00:00,2466,1,0.6709082544343379,2
38,4047,2024-04-17 15:00:00+00:00,2583,4601,2024-05-10 17:00:00+00:00,3137,2,0.7634228193107794,2
38,4047,2024-04-17 15:00:00+00:00,2583,3675,2024-04-02 03:00:00+00:00,2211,3,0.816079966517551,2
38,4047,2024-04-17 15:00:00+00:00,2583,3929,2024-04-12 17:00:00+00:00,2465,4,0.9481674623662615,2
38,4047,2024-04-17 15:00:00+00:00,2583,5274,2024-06-07 18:00:00+00:00,3810,5,1.033476449824434,2
39,4082,2024-04-19 02:00:00+00:00,2618,4600,2024-05-10 16:00:00+00:00,3136,1,0.5995157749691743,2
39,4082,2024-04-19 02:00:00+00:00,2618,3677,2024-04-02 05:00:00+00:00,2213,2,0.6140187332499539,2
39,4082,2024-04-19 02:00:00+00:00,2618,4602,2024-05-10 18:00:00+00:00,3138,3,0.6466835365490882,2
39,4082,2024-04-19 02:00:00+00:00,2618,5275,2024-06-07 19:00:00+00:00,3811,4,0.6902669503646021,2
39,4082,2024-04-19 02:00:00+00:00,2618,3678,2024-04-02 06:00:00+00:00,2214,5,0.715867400266534,2
40,4114,2024-04-20 10:00:00+00:00,2650,5418,2024-06-13 18:00:00+00:00,3954,1,0.21362702890991975,2
40,4114,2024-04-20 10:00:00+00:00,2650,5417,2024-06-13 17:00:00+00:00,3953,2,0.21848088806316998,2
40,4114,2024-04-20 10:00:00+00:00,2650,4893,2024-05-22 21:00:00+00:00,3429,3,0.2200238845691281,2
40,4114,2024-04-20 10:00:00+00:00,2650,4276,2024-04-27 04:00:00+00:00,2812,4,0.22578413443661263,2
40,4114,2024-04-20 10:00:00+00:00,2650,5531,2024-06-18 11:00:00+00:00,4067,5,0.22603007456565782,2
41,4147,2024-04-21 19:00:00+00:00,2683,5728,2024-06-26 16:00:00+00:00,4264,1,0.1550596403771487,2
41,4147,2024-04-21 19:00:00+00:00,2683,5767,2024-06-28 07:00:00+00:00,4303,2,0.169944617351651,2
41,4147,2024-04-21 19:00:00+00:00,2683,4187,2024-04-23 11:00:00+00:00,2723,3,0.1863661296936492,2
41,4147,2024-04-21 19:00:00+00:00,2683,5722,2024-06-26 10:00:00+00:00,4258,4,0.20295200912917802,2
41,4147,2024-04-21 19:00:00+00:00,2683,5721,2024-06-26 09:00:00+00:00,4257,5,0.20763007879345607,2
42,4323,2024-04-29 03:00:00+00:00,2859,5600,2024-06-21 08:00:00+00:00,4136,1,0.18928796766538933,2
42,4323,2024-04-29 03:00:00+00:00,2859,3928,2024-04-12 16:00:00+00:00,2464,2,0.2543541252138739,2
42,4323,2024-04-29 03:00:00+00:00,2859,5509,2024-06-17 13:00:00+00:00,4045,3,0.2638146625454677,2
42,4323,2024-04-29 03:00:00+00:00,2859,3926,2024-04-12 14:00:00+00:00,2462,4,0.27745521167701426,2
42,4323,2024-04-29 03:00:00+00:00,2859,5103,2024-05-31 15:00:00+00:00,3639,5,0.28996417764560367,2
43,4375,2024-05-01 07:00:00+00:00,2911,3674,2024-04-02 02:00:00+00:00,2210,1,0.6939999601955521,2
43,4375,2024-05-01 07:00:00+00:00,2911,3930,2024-04-12 18:00:00+00:00,2466,2,0.9230090539715298,2
43,4375,2024-05-01 07:00:00+00:00,2911,4598,2024-05-10 14:00:00+00:00,3134,3,1.1134529598826912,2
43,4375,2024-05-01 07:00:00+00:00,2911,5440,2024-06-14 16:00:00+00:00,3976,4,1.8194438620107605,2
43,4375,2024-05-01 07:00:00+00:00,2911,3653,2024-04-01 05:00:00+00:00,2189,5,1.858433138345588,2
44,4558,2024-05-08 22:00:00+00:00,3094,5103,2024-05-31 15:00:00+00:00,3639,1,0.2574795998864921,2
44,4558,2024-05-08 22:00:00+00:00,3094,4263,2024-04-26 15:00:00+00:00,2799,2,0.2970086324480362,2
44,4558,2024-05-08 22:00:00+00:00,3094,5534,2024-06-18 14:00:00+00:00,4070,3,0.3155191638134398,2
44,4558,2024-05-08 22:00:00+00:00,3094,5509,2024-06-17 13:00:00+00:00,4045,4,0.31787778555043966,2
44,4558,2024-05-08 22:00:00+00:00,3094,5104,2024-05-31 16:00:00+00:00,3640,5,0.35838236061369433,2
45,4640,2024-05-12 08:00:00+00:00,3176,5456,2024-06-15 08:00:00+00:00,3992,1,0.17860983297104058,2
45,4640,2024-05-12 08:00:00+00:00,3176,5259,2024-06-07 03:00:00+00:00,3795,2,0.21042571419906148,2
45,4640,2024-05-12 08:00:00+00:00,3176,5243,2024-06-06 11:00:00+00:00,3779,3,0.2121765836294379,2
45,4640,2024-05-12 08:00:00+00:00,3176,4973,2024-05-26 05:00:00+00:00,3509,4,0.21242615467845066,2
45,4640,2024-05-12 08:00:00+00:00,3176,5429,2024-06-14 05:00:00+00:00,3965,5,0.21550705540832182,2
46,4692,2024-05-14 12:00:00+00:00,3228,3656,2024-04-01 08:00:00+00:00,2192,1,0.19806842917514542,2
46,4692,2024-05-14 12:00:00+00:00,3228,5605,2024-06-21 13:00:00+00:00,4141,2,0.2257446371716006,2
46,4692,2024-05-14 12:00:00+00:00,3228,5602,2024-06-21 10:00:00+00:00,4138,3,0.23802784993369525,2
46,4692,2024-05-14 12:00:00+00:00,3228,5603,2024-06-21 11:00:00+00:00,4139,4,0.24259833706482775,2
46,4692,2024-05-14 12:00:00+00:00,3228,5777,2024-06-28 17:00:00+00:00,4313,5,0.2501581205088653,2
47,4744,2024-05-16 16:00:00+00:00,3280,3902,2024-04-11 14:00:00+00:00,2438,1,0.34879116386896825,2
47,4744,2024-05-16 16:00:00+00:00,3280,4867,2024-05-21 19:00:00+00:00,3403,2,0.3761644419128035,2
47,4744,2024-05-16 16:00:00+00:00,3280,4863,2024-05-21 15:00:00+00:00,3399,3,0.4180386565064505,2
47,4744,2024-05-16 16:00:00+00:00,3280,4502,2024-05-06 14:00:00+00:00,3038,4,0.4212286890416277,2
47,4744,2024-05-16 16:00:00+00:00,3280,3755,2024-04-05 11:00:00+00:00,2291,5,0.426272079090227,2
48,4819,2024-05-19 19:00:00+00:00,3355,5102,2024-05-31 14:00:00+00:00,3638,1,0.21208564439271588,2
48,4819,2024-05-19 19:00:00+00:00,3355,5509,2024-06-17 13:00:00+00:00,4045,2,0.22545711904160767,2
48,4819,2024-05-19 19:00:00+00:00,3355,5505,2024-06-17 09:00:00+00:00,4041,3,0.27254020833314735,2
48,4819,2024-05-19 19:00:00+00:00,3355,5774,2024-06-28 14:00:00+00:00,4310,4,0.2997320232303217,2
48,4819,2024-05-19 19:00:00+00:00,3355,5103,2024-05-31 15:00:00+00:00,3639,5,0.2999806673969706,2
49,4926,2024-05-24 06:00:00+00:00,3462,5533,2024-06-18 13:00:00+00:00,4069,1,0.28504098392313687,2
49,4926,2024-05-24 06:00:00+00:00,3462,5534,2024-06-18 14:00:00+00:00,4070,2,0.31374395882329825,2
49,4926,2024-05-24 06:00:00+00:00,3462,4236,2024-04-25 12:00:00+00:00,2772,3,0.3284386645726165,2
49,4926,2024-05-24 06:00:00+00:00,3462,4234,2024-04-25 10:00:00+00:00,2770,4,0.3314959214337606,2
49,4926,2024-05-24 06:00:00+00:00,3462,4272,2024-04-27 00:00:00+00:00,2808,5,0.33931310069135334,2
50,4998,2024-05-27 06:00:00+00:00,3534,5742,2024-06-27 06:00:00+00:00,4278,1,0.13168082206727683,2
50,4998,2024-05-27 06:00:00+00:00,3534,5507,2024-06-17 11:00:00+00:00,4043,2,0.18052040700580207,2
50,4998,2024-05-27 06:00:00+00:00,3534,5728,2024-06-26 16:00:00+00:00,4264,3,0.1875833514240922,2
50,4998,2024-05-27 06:00:00+00:00,3534,5722,2024-06-26 10:00:00+00:00,4258,4,0.19203684361899162,2
50,4998,2024-05-27 06:00:00+00:00,3534,5499,2024-06-17 03:00:00+00:00,4035,5,0.19272526855062855,2
51,5059,2024-05-29 19:00:00+00:00,3595,5511,2024-06-17 15:00:00+00:00,4047,1,0.14281126712184747,2
51,5059,2024-05-29 19:00:00+00:00,3595,5735,2024-06-26 23:00:00+00:00,4271,2,0.15127821248439424,2
51,5059,2024-05-29 19:00:00+00:00,3595,5537,2024-06-18 17:00:00+00:00,4073,3,0.16707940283460737,2
51,5059,2024-05-29 19:00:00+00:00,3595,5734,2024-06-26 22:00:00+00:00,4270,4,0.17567198651381766,2
51,5059,2024-05-29 19:00:00+00:00,3595,4282,2024-04-27 10:00:00+00:00,2818,5,0.18301217689531285,2
52,5153,2024-06-02 17:00:00+00:00,3689,5271,2024-06-07 15:00:00+00:00,3807,1,0.15811224374430796,2
52,5153,2024-06-02 17:00:00+00:00,3689,4207,2024-04-24 07:00:00+00:00,2743,2,0.16669389022477257,2
52,5153,2024-06-02 17:00:00+00:00,3689,5765,2024-06-28 05:00:00+00:00,4301,3,0.16773057637316344,2
52,5153,2024-06-02 17:00:00+00:00,3689,5555,2024-06-19 11:00:00+00:00,4091,4,0.17381052743434153,2
52,5153,2024-06-02 17:00:00+00:00,3689,4208,2024-04-24 08:00:00+00:00,2744,5,0.17531076113938193,2
53,5189,2024-06-04 05:00:00+00:00,3725,5240,2024-06-06 08:00:00+00:00,3776,1,0.13882006930440358,2
53,5189,2024-06-04 05:00:00+00:00,3725,5255,2024-06-06 23:00:00+00:00,3791,2,0.14516069191404787,2
53,5189,2024-06-04 05:00:00+00:00,3725,5237,2024-06-06 05:00:00+00:00,3773,3,0.14603936441397525,2
53,5189,2024-06-04 05:00:00+00:00,3725,4794,2024-05-18 18:00:00+00:00,3330,4,0.14985753418527642,2
53,5189,2024-06-04 05:00:00+00:00,3725,5724,2024-06-26 12:00:00+00:00,4260,5,0.15745493702591107,2
54,5364,2024-06-11 12:00:00+00:00,3900,5443,2024-06-14 19:00:00+00:00,3979,1,0.3278872950103583,2
54,5364,2024-06-11 12:00:00+00:00,3900,5780,2024-06-28 20:00:00+00:00,4316,2,0.3486571971092041,2
54,5364,2024-06-11 12:00:00+00:00,3900,4217,2024-04-24 17:00:00+00:00,2753,3,0.35848575914156605,2
54,5364,2024-06-11 12:00:00+00:00,3900,5277,2024-06-07 21:00:00+00:00,3813,4,0.3708959609981625,2
54,5364,2024-06-11 12:00:00+00:00,3900,5781,2024-06-28 21:00:00+00:00,4317,5,0.3788260957908051,2
55,5683,2024-06-24 19:00:00+00:00,4219,4601,2024-05-10 17:00:00+00:00,3137,1,0.7008476498584173,2
55,5683,2024-06-24 19:00:00+00:00,4219,3687,2024-04-02 15:00:00+00:00,2223,2,0.7288551748489407,2
55,5683,2024-06-24 19:00:00+00:00,4219,4218,2024-04-24 18:00:00+00:00,2754,3,0.7791683794460216,2
55,5683,2024-06-24 19:00:00+00:00,4219,3929,2024-04-12 17:00:00+00:00,2465,4,0.7981234927977552,2
55,5683,2024-06-24 19:00:00+00:00,4219,3653,2024-04-01 05:00:00+00:00,2189,5,0.8971004497615831,2
56,5807,2024-06-29 23:00:00+00:00,4343,5333,2024-06-10 05:00:00+00:00,3869,1,0.10800048847154882,2
56,5807,2024-06-29 23:00:00+00:00,4343,5630,2024-06-22 14:00:00+00:00,4166,2,0.12665937404639335,2
56,5807,2024-06-29 23:00:00+00:00,4343,5328,2024-06-10 00:00:00+00:00,3864,3,0.14237846650826355,2
56,5807,2024-06-29 23:00:00+00:00,4343,5128,2024-06-01 16:00:00+00:00,3664,4,0.14379921499429232,2
56,5807,2024-06-29 23:00:00+00:00,4343,5631,2024-06-22 15:00:00+00:00,4167,5,0.14846975902249446,2
57,5932,2024-07-05 04:00:00+00:00,4468,6520,2024-07-29 16:00:00+00:00,5056,1,1.7502300091554936,3
57,5932,2024-07-05 04:00:00+00:00,4468,5905,2024-07-04 01:00:00+00:00,4441,2,1.8372188093953468,3
57,5932,2024-07-05 04:00:00+00:00,4468,6622,2024-08-02 22:00:00+00:00,5158,3,1.8395775519807152,3
57,5932,2024-07-05 04:00:00+00:00,4468,6621,2024-08-02 21:00:00+00:00,5157,4,2.1729977344886398,3
57,5932,2024-07-05 04:00:00+00:00,4468,6624,2024-08-03 00:00:00+00:00,5160,5,2.1802423529402133,3
58,6000,2024-07-08 00:00:00+00:00,4536,6520,2024-07-29 16:00:00+00:00,5056,1,0.36250116598836357,3
58,6000,2024-07-08 00:00:00+00:00,4536,6622,2024-08-02 22:00:00+00:00,5158,2,0.5498004926594695,3
58,6000,2024-07-08 00:00:00+00:00,4536,6621,2024-08-02 21:00:00+00:00,5157,3,0.6938091735379874,3
58,6000,2024-07-08 00:00:00+00:00,4536,8025,2024-09-30 09:00:00+00:00,6561,4,0.8140036612133883,3
58,6000,2024-07-08 00:00:00+00:00,4536,6624,2024-08-03 00:00:00+00:00,5160,5,0.860662867892783,3
59,6062,2024-07-10 14:00:00+00:00,4598,6344,2024-07-22 08:00:00+00:00,4880,1,0.29364086456743926,3
59,6062,2024-07-10 14:00:00+00:00,4598,7793,2024-09-20 17:00:00+00:00,6329,2,0.29393113726424563,3
59,6062,2024-07-10 14:00:00+00:00,4598,7270,2024-08-29 22:00:00+00:00,5806,3,0.3130705322604673,3
59,6062,2024-07-10 14:00:00+00:00,4598,7272,2024-08-30 00:00:00+00:00,5808,4,0.3196318787784725,3
59,6062,2024-07-10 14:00:00+00:00,4598,6228,2024-07-17 12:00:00+00:00,4764,5,0.3269088184681691,3
60,6105,2024-07-12 09:00:00+00:00,4641,7195,2024-08-26 19:00:00+00:00,5731,1,0.24567684611532128,3
60,6105,2024-07-12 09:00:00+00:00,4641,6541,2024-07-30 13:00:00+00:00,5077,2,0.2468042563854296,3
60,6105,2024-07-12 09:00:00+00:00,4641,7193,2024-08-26 17:00:00+00:00,5729,3,0.2535845358740804,3
60,6105,2024-07-12 09:00:00+00:00,4641,7206,2024-08-27 06:00:00+00:00,5742,4,0.2649485633320808,3
60,6105,2024-07-12 09:00:00+00:00,4641,7801,2024-09-21 01:00:00+00:00,6337,5,0.27011115892103427,3
61,6119,2024-07-12 23:00:00+00:00,4655,6964,2024-08-17 04:00:00+00:00,5500,1,0.12435169994619992,3
61,6119,2024-07-12 23:00:00+00:00,4655,6963,2024-08-17 03:00:00+00:00,5499,2,0.1446965876428184,3
61,6119,2024-07-12 23:00:00+00:00,4655,7299,2024-08-31 03:00:00+00:00,5835,3,0.19651589704018238,3
61,6119,2024-07-12 23:00:00+00:00,4655,6362,2024-07-23 02:00:00+00:00,4898,4,0.19680444135886113,3
61,6119,2024-07-12 23:00:00+00:00,4655,6965,2024-08-17 05:00:00+00:00,5501,5,0.2045813131818465,3
62,6198,2024-07-16 06:00:00+00:00,4734,6518,2024-07-29 14:00:00+00:00,5054,1,0.4187529690499941,3
62,6198,2024-07-16 06:00:00+00:00,4734,6783,2024-08-09 15:00:00+00:00,5319,2,0.5906284961195806,3
62,6198,2024-07-16 06:00:00+00:00,4734,7431,2024-09-05 15:00:00+00:00,5967,3,0.6186100633400239,3
62,6198,2024-07-16 06:00:00+00:00,4734,6376,2024-07-23 16:00:00+00:00,4912,4,0.6210915011113619,3
62,6198,2024-07-16 06:00:00+00:00,4734,6365,2024-07-23 05:00:00+00:00,4901,5,0.6710645776510503,3
63,6255,2024-07-18 15:00:00+00:00,4791,6365,2024-07-23 05:00:00+00:00,4901,1,0.13731822514460218,3
63,6255,2024-07-18 15:00:00+00:00,4791,7287,2024-08-30 15:00:00+00:00,5823,2,0.28268333527650075,3
63,6255,2024-07-18 15:00:00+00:00,4791,5883,2024-07-03 03:00:00+00:00,4419,3,0.2911859900951939,3
63,6255,2024-07-18 15:00:00+00:00,4791,6641,2024-08-03 17:00:00+00:00,5177,4,0.3181160447274299,3
63,6255,2024-07-18 15:00:00+00:00,4791,5870,2024-07-02 14:00:00+00:00,4406,5,0.32802629495629987,3
64,6410,2024-07-25 02:00:00+00:00,4946,6904,2024-08-14 16:00:00+00:00,5440,1,0.2812787493251435,3
64,6410,2024-07-25 02:00:00+00:00,4946,6619,2024-08-02 19:00:00+00:00,5155,2,0.2899887880625858,3
64,6410,2024-07-25 02:00:00+00:00,4946,7287,2024-08-30 15:00:00+00:00,5823,3,0.33230481458912764,3
64,6410,2024-07-25 02:00:00+00:00,4946,6618,2024-08-02 18:00:00+00:00,5154,4,0.3715253678805233,3
64,6410,2024-07-25 02:00:00+00:00,4946,6903,2024-08-14 15:00:00+00:00,5439,5,0.37622861354767745,3
65,6484,2024-07-28 04:00:00+00:00,5020,7435,2024-09-05 19:00:00+00:00,5971,1,0.29909315747186876,3
65,6484,2024-07-28 04:00:00+00:00,5020,6376,2024-07-23 16:00:00+00:00,4912,2,0.3426086912060888,3
65,6484,2024-07-28 04:00:00+00:00,5020,6379,2024-07-23 19:00:00+00:00,4915,3,0.3775056591434696,3
65,6484,2024-07-28 04:00:00+00:00,5020,6350,2024-07-22 14:00:00+00:00,4886,4,0.38287531877093073,3
65,6484,2024-07-28 04:00:00+00:00,5020,6365,2024-07-23 05:00:00+00:00,4901,5,0.3897944649771039,3
66,6591,2024-08-01 15:00:00+00:00,5127,6520,2024-07-29 16:00:00+00:00,5056,1,0.608128434796528,3
66,6591,2024-08-01 15:00:00+00:00,5127,6639,2024-08-03 15:00:00+00:00,5175,2,0.6107346587367765,3
66,6591,2024-08-01 15:00:00+00:00,5127,7286,2024-08-30 14:00:00+00:00,5822,3,0.6331356067763843,3
66,6591,2024-08-01 15:00:00+00:00,5127,8025,2024-09-30 09:00:00+00:00,6561,4,0.6496623731445578,3
66,6591,2024-08-01 15:00:00+00:00,5127,6901,2024-08-14 13:00:00+00:00,5437,5,0.6657641819258001,3
67,6684,2024-08-05 12:00:00+00:00,5220,6622,2024-08-02 22:00:00+00:00,5158,1,3.1755382132144545,3
67,6684,2024-08-05 12:00:00+00:00,5220,5905,2024-07-04 01:00:00+00:00,4441,2,3.263654937951888,3
67,6684,2024-08-05 12:00:00+00:00,5220,6520,2024-07-29 16:00:00+00:00,5056,3,3.3608035750171315,3
67,6684,2024-08-05 12:00:00+00:00,5220,6624,2024-08-03 00:00:00+00:00,5160,4,3.397048305316558,3
67,6684,2024-08-05 12:00:00+00:00,5220,6621,2024-08-02 21:00:00+00:00,5157,5,3.4796001592455665,3
68,6738,2024-08-07 18:00:00+00:00,5274,6520,2024-07-29 16:00:00+00:00,5056,1,0.42024731665011955,3
68,6738,2024-08-07 18:00:00+00:00,5274,6622,2024-08-02 22:00:00+00:00,5158,2,0.43376711491667486,3
68,6738,2024-08-07 18:00:00+00:00,5274,6621,2024-08-02 21:00:00+00:00,5157,3,0.5474520769405506,3
68,6738,2024-08-07 18:00:00+00:00,5274,6624,2024-08-03 00:00:00+00:00,5160,4,0.7364455311127037,3
68,6738,2024-08-07 18:00:00+00:00,5274,6904,2024-08-14 16:00:00+00:00,5440,5,0.8025709964001768,3
69,6836,2024-08-11 20:00:00+00:00,5372,6520,2024-07-29 16:00:00+00:00,5056,1,0.35092560647551235,3
69,6836,2024-08-11 20:00:00+00:00,5372,6622,2024-08-02 22:00:00+00:00,5158,2,0.7819998758812481,3
69,6836,2024-08-11 20:00:00+00:00,5372,6901,2024-08-14 13:00:00+00:00,5437,3,0.8371522820974054,3
69,6836,2024-08-11 20:00:00+00:00,5372,6621,2024-08-02 21:00:00+00:00,5157,4,0.8881824428765395,3
69,6836,2024-08-11 20:00:00+00:00,5372,8025,2024-09-30 09:00:00+00:00,6561,5,0.9159182892496304,3
70,6931,2024-08-15 19:00:00+00:00,5467,6520,2024-07-29 16:00:00+00:00,5056,1,0.5587591481701704,3
70,6931,2024-08-15 19:00:00+00:00,5467,6622,2024-08-02 22:00:00+00:00,5158,2,0.7541132484303623,3
70,6931,2024-08-15 19:00:00+00:00,5467,6621,2024-08-02 21:00:00+00:00,5157,3,0.8057425494911264,3
70,6931,2024-08-15 19:00:00+00:00,5467,7287,2024-08-30 15:00:00+00:00,5823,4,0.8639051986395667,3
70,6931,2024-08-15 19:00:00+00:00,5467,6901,2024-08-14 13:00:00+00:00,5437,5,0.8873503098926747,3
71,7008,2024-08-19 00:00:00+00:00,5544,6902,2024-08-14 14:00:00+00:00,5438,1,0.34866113114428365,3
71,7008,2024-08-19 00:00:00+00:00,5544,5884,2024-07-03 04:00:00+00:00,4420,2,0.35358400353762226,3
71,7008,2024-08-19 00:00:00+00:00,5544,6903,2024-08-14 15:00:00+00:00,5439,3,0.36009186288462264,3
71,7008,2024-08-19 00:00:00+00:00,5544,8018,2024-09-30 02:00:00+00:00,6554,4,0.3806262844433791,3
71,7008,2024-08-19 00:00:00+00:00,5544,5883,2024-07-03 03:00:00+00:00,4419,5,0.4142307073627518,3
72,7051,2024-08-20 19:00:00+00:00,5587,6368,2024-07-23 08:00:00+00:00,4904,1,0.32374823014712933,3
72,7051,2024-08-20 19:00:00+00:00,5587,7794,2024-09-20 18:00:00+00:00,6330,2,0.34115253060478984,3
72,7051,2024-08-20 19:00:00+00:00,5587,7433,2024-09-05 17:00:00+00:00,5969,3,0.3762858395145214,3
72,7051,2024-08-20 19:00:00+00:00,5587,6351,2024-07-22 15:00:00+00:00,4887,4,0.39304634629494306,3
72,7051,2024-08-20 19:00:00+00:00,5587,6786,2024-08-09 18:00:00+00:00,5322,5,0.3937177085706203,3
73,7097,2024-08-22 17:00:00+00:00,5633,7793,2024-09-20 17:00:00+00:00,6329,1,0.13432460326899248,3
73,7097,2024-08-22 17:00:00+00:00,5633,7425,2024-09-05 09:00:00+00:00,5961,2,0.1598140025860368,3
73,7097,2024-08-22 17:00:00+00:00,5633,7427,2024-09-05 11:00:00+00:00,5963,3,0.20812948110126314,3
73,7097,2024-08-22 17:00:00+00:00,5633,7426,2024-09-05 10:00:00+00:00,5962,4,0.21577742588549584,3
73,7097,2024-08-22 17:00:00+00:00,5633,7428,2024-09-05 12:00:00+00:00,5964,5,0.2634685563656468,3
74,7240,2024-08-28 16:00:00+00:00,5776,6656,2024-08-04 08:00:00+00:00,5192,1,0.3346052056270978,3
74,7240,2024-08-28 16:00:00+00:00,5776,6647,2024-08-03 23:00:00+00:00,5183,2,0.37530432175622663,3
74,7240,2024-08-28 16:00:00+00:00,5776,6649,2024-08-04 01:00:00+00:00,5185,3,0.3871736774863576,3
74,7240,2024-08-28 16:00:00+00:00,5776,6648,2024-08-04 00:00:00+00:00,5184,4,0.39004456040128793,3
74,7240,2024-08-28 16:00:00+00:00,5776,6633,2024-08-03 09:00:00+00:00,5169,5,0.3961154764932626,3
75,7342,2024-09-01 22:00:00+00:00,5878,7286,2024-08-30 14:00:00+00:00,5822,1,0.21809871000398015,3
75,7342,2024-09-01 22:00:00+00:00,5878,6639,2024-08-03 15:00:00+00:00,5175,2,0.33998876804249023,3
75,7342,2024-09-01 22:00:00+00:00,5878,6518,2024-07-29 14:00:00+00:00,5054,3,0.5081065694496242,3
75,7342,2024-09-01 22:00:00+00:00,5878,6901,2024-08-14 13:00:00+00:00,5437,4,0.5744815712906008,3
75,7342,2024-09-01 22:00:00+00:00,5878,6376,2024-07-23 16:00:00+00:00,4912,5,0.5822130362790073,3
76,7397,2024-09-04 05:00:00+00:00,5933,5892,2024-07-03 12:00:00+00:00,4428,1,0.29916051966660223,3
76,7397,2024-09-04 05:00:00+00:00,5933,6529,2024-07-30 01:00:00+00:00,5065,2,0.3306439997847059,3
76,7397,2024-09-04 05:00:00+00:00,5933,7431,2024-09-05 15:00:00+00:00,5967,3,0.3502911486608314,3
76,7397,2024-09-04 05:00:00+00:00,5933,6527,2024-07-29 23:00:00+00:00,5063,4,0.35207103019554287,3
76,7397,2024-09-04 05:00:00+00:00,5933,5888,2024-07-03 08:00:00+00:00,4424,5,0.35434498349366256,3
77,7460,2024-09-06 20:00:00+00:00,5996,6622,2024-08-02 22:00:00+00:00,5158,1,0.3539580838164871,3
77,7460,2024-09-06 20:00:00+00:00,5996,6624,2024-08-03 00:00:00+00:00,5160,2,0.593693290196499,3
77,7460,2024-09-06 20:00:00+00:00,5996,6621,2024-08-02 21:00:00+00:00,5157,3,0.6737408752994981,3
77,7460,2024-09-06 20:00:00+00:00,5996,6520,2024-07-29 16:00:00+00:00,5056,4,0.8827956751390437,3
77,7460,2024-09-06 20:00:00+00:00,5996,6529,2024-07-30 01:00:00+00:00,5065,5,0.9835242641599623,3
78,7503,2024-09-08 15:00:00+00:00,6039,5870,2024-07-02 14:00:00+00:00,4406,1,0.22094667431246737,3
78,7503,2024-09-08 15:00:00+00:00,6039,6542,2024-07-30 14:00:00+00:00,5078,2,0.2776607015285555,3
78,7503,2024-09-08 15:00:00+00:00,6039,6365,2024-07-23 05:00:00+00:00,4901,3,0.27828814777159216,3
78,7503,2024-09-08 15:00:00+00:00,6039,6350,2024-07-22 14:00:00+00:00,4886,4,0.28386867862581133,3
78,7503,2024-09-08 15:00:00+00:00,6039,7210,2024-08-27 10:00:00+00:00,5746,5,0.2977699312455849,3
79,7565,2024-09-11 05:00:00+00:00,6101,6379,2024-07-23 19:00:00+00:00,4915,1,0.2781558862880325,3
79,7565,2024-09-11 05:00:00+00:00,6101,6617,2024-08-02 17:00:00+00:00,5153,2,0.29544856453138485,3
79,7565,2024-09-11 05:00:00+00:00,6101,6519,2024-07-29 15:00:00+00:00,5055,3,0.3134606593283671,3
79,7565,2024-09-11 05:00:00+00:00,6101,6618,2024-08-02 18:00:00+00:00,5154,4,0.32639811083742987,3
79,7565,2024-09-11 05:00:00+00:00,6101,6350,2024-07-22 14:00:00+00:00,4886,5,0.3286641450393028,3
80,7599,2024-09-12 15:00:00+00:00,6135,6228,2024-07-17 12:00:00+00:00,4764,1,0.16115149364007422,3
80,7599,2024-09-12 15:00:00+00:00,6135,7861,2024-09-23 13:00:00+00:00,6397,2,0.16967991783059233,3
80,7599,2024-09-12 15:00:00+00:00,6135,7795,2024-09-20 19:00:00+00:00,6331,3,0.1882339983761192,3
80,7599,2024-09-12 15:00:00+00:00,6135,5855,2024-07-01 23:00:00+00:00,4391,4,0.19787916996123678,3
80,7599,2024-09-12 15:00:00+00:00,6135,6319,2024-07-21 07:00:00+00:00,4855,5,0.20745111107657188,3
81,7694,2024-09-16 14:00:00+00:00,6230,8025,2024-09-30 09:00:00+00:00,6561,1,0.3126545620851983,3
81,7694,2024-09-16 14:00:00+00:00,6230,6639,2024-08-03 15:00:00+00:00,5175,2,0.3921772097430395,3
81,7694,2024-09-16 14:00:00+00:00,6230,7431,2024-09-05 15:00:00+00:00,5967,3,0.4231633166220203,3
81,7694,2024-09-16 14:00:00+00:00,6230,7286,2024-08-30 14:00:00+00:00,5822,4,0.45015120564039324,3
81,7694,2024-09-16 14:00:00+00:00,6230,6518,2024-07-29 14:00:00+00:00,5054,5,0.5332050242056077,3
82,7834,2024-09-22 10:00:00+00:00,6370,7183,2024-08-26 07:00:00+00:00,5719,1,0.1604011783072625,3
82,7834,2024-09-22 10:00:00+00:00,6370,7182,2024-08-26 06:00:00+00:00,5718,2,0.20986997477674532,3
82,7834,2024-09-22 10:00:00+00:00,6370,7981,2024-09-28 13:00:00+00:00,6517,3,0.22785381226211365,3
82,7834,2024-09-22 10:00:00+00:00,6370,7999,2024-09-29 07:00:00+00:00,6535,4,0.23898721460980515,3
82,7834,2024-09-22 10:00:00+00:00,6370,7873,2024-09-24 01:00:00+00:00,6409,5,0.25425756540161043,3
83,7912,2024-09-25 16:00:00+00:00,6448,5864,2024-07-02 08:00:00+00:00,4400,1,0.1617729261685204,3
83,7912,2024-09-25 16:00:00+00:00,6448,5865,2024-07-02 09:00:00+00:00,4401,2,0.16300501273407456,3
83,7912,2024-09-25 16:00:00+00:00,6448,5877,2024-07-02 21:00:00+00:00,4413,3,0.16924373543918403,3
83,7912,2024-09-25 16:00:00+00:00,6448,5876,2024-07-02 20:00:00+00:00,4412,4,0.1866952109257102,3
83,7912,2024-09-25 16:00:00+00:00,6448,6319,2024-07-21 07:00:00+00:00,4855,5,0.18694191796331036,3
84,8104,2024-10-03 16:00:00+00:00,6640,9704,2024-12-09 08:00:00+00:00,8240,1,0.17683248986023972,4
84,8104,2024-10-03 16:00:00+00:00,6640,10005,2024-12-21 21:00:00+00:00,8541,2,0.23361869421498754,4
84,8104,2024-10-03 16:00:00+00:00,6640,8226,2024-10-08 18:00:00+00:00,6762,3,0.24424468308765446,4
84,8104,2024-10-03 16:00:00+00:00,6640,8223,2024-10-08 15:00:00+00:00,6759,4,0.2542788630398073,4
84,8104,2024-10-03 16:00:00+00:00,6640,10015,2024-12-22 07:00:00+00:00,8551,5,0.25832343737440633,4
85,8163,2024-10-06 03:00:00+00:00,6699,8497,2024-10-20 01:00:00+00:00,7033,1,0.08790631388907101,4
85,8163,2024-10-06 03:00:00+00:00,6699,8487,2024-10-19 15:00:00+00:00,7023,2,0.14760721081387873,4
85,8163,2024-10-06 03:00:00+00:00,6699,9327,2024-11-23 15:00:00+00:00,7863,3,0.15362936842098876,4
85,8163,2024-10-06 03:00:00+00:00,6699,8498,2024-10-20 02:00:00+00:00,7034,4,0.15916697092212131,4
85,8163,2024-10-06 03:00:00+00:00,6699,8242,2024-10-09 10:00:00+00:00,6778,5,0.16275134198318444,4
86,8181,2024-10-06 21:00:00+00:00,6717,8526,2024-10-21 06:00:00+00:00,7062,1,0.1701053959519856,4
86,8181,2024-10-06 21:00:00+00:00,6717,9670,2024-12-07 22:00:00+00:00,8206,2,0.17270946739867019,4
86,8181,2024-10-06 21:00:00+00:00,6717,8522,2024-10-21 02:00:00+00:00,7058,3,0.1815095114524245,4
86,8181,2024-10-06 21:00:00+00:00,6717,8470,2024-10-18 22:00:00+00:00,7006,4,0.19858421332702297,4
86,8181,2024-10-06 21:00:00+00:00,6717,8620,2024-10-25 04:00:00+00:00,7156,5,0.2133822357779362,4
87,8273,2024-10-10 17:00:00+00:00,6809,9351,2024-11-24 15:00:00+00:00,7887,1,0.31876433416199584,4
87,8273,2024-10-10 17:00:00+00:00,6809,9536,2024-12-02 08:00:00+00:00,8072,2,0.3357416969786092,4
87,8273,2024-10-10 17:00:00+00:00,6809,8633,2024-10-25 17:00:00+00:00,7169,3,0.355512615054958,4
87,8273,2024-10-10 17:00:00+00:00,6809,8533,2024-10-21 13:00:00+00:00,7069,4,0.3555211297950597,4
87,8273,2024-10-10 17:00:00+00:00,6809,8834,2024-11-03 02:00:00+00:00,7370,5,0.364564197753969,4
88,8338,2024-10-13 10:00:00+00:00,6874,8483,2024-10-19 11:00:00+00:00,7019,1,0.12307653227383077,4
88,8338,2024-10-13 10:00:00+00:00,6874,8485,2024-10-19 13:00:00+00:00,7021,2,0.14289814725224462,4
88,8338,2024-10-13 10:00:00+00:00,6874,8488,2024-10-19 16:00:00+00:00,7024,3,0.18174400831243073,4
88,8338,2024-10-13 10:00:00+00:00,6874,8482,2024-10-19 10:00:00+00:00,7018,4,0.18503898132848492,4
88,8338,2024-10-13 10:00:00+00:00,6874,9322,2024-11-23 10:00:00+00:00,7858,5,0.1963176692094591,4
89,8585,2024-10-23 17:00:00+00:00,7121,8846,2024-11-03 14:00:00+00:00,7382,1,0.19439165083121734,4
89,8585,2024-10-23 17:00:00+00:00,7121,9353,2024-11-24 17:00:00+00:00,7889,2,0.23871789598342538,4
89,8585,2024-10-23 17:00:00+00:00,7121,8056,2024-10-01 16:00:00+00:00,6592,3,0.24181395590711813,4
89,8585,2024-10-23 17:00:00+00:00,7121,9348,2024-11-24 12:00:00+00:00,7884,4,0.2739282161930618,4
89,8585,2024-10-23 17:00:00+00:00,7121,8536,2024-10-21 16:00:00+00:00,7072,5,0.3091075960257979,4
90,8688,2024-10-28 00:00:00+00:00,7224,9522,2024-12-01 18:00:00+00:00,8058,1,0.10927056809013709,4
90,8688,2024-10-28 00:00:00+00:00,7224,8525,2024-10-21 05:00:00+00:00,7061,2,0.15227062940141353,4
90,8688,2024-10-28 00:00:00+00:00,7224,9519,2024-12-01 15:00:00+00:00,8055,3,0.1555249942612263,4
90,8688,2024-10-28 00:00:00+00:00,7224,8468,2024-10-18 20:00:00+00:00,7004,4,0.1555948624522121,4
90,8688,2024-10-28 00:00:00+00:00,7224,9524,2024-12-01 20:00:00+00:00,8060,5,0.16042479559970724,4
91,8790,2024-11-01 06:00:00+00:00,7326,8846,2024-11-03 14:00:00+00:00,7382,1,0.2758370435378012,4
91,8790,2024-11-01 06:00:00+00:00,7326,8076,2024-10-02 12:00:00+00:00,6612,2,0.2806700192722622,4
91,8790,2024-11-01 06:00:00+00:00,7326,9353,2024-11-24 17:00:00+00:00,7889,3,0.30439571313159053,4
91,8790,2024-11-01 06:00:00+00:00,7326,9707,2024-12-09 11:00:00+00:00,8243,4,0.3265440523360549,4
91,8790,2024-11-01 06:00:00+00:00,7326,9920,2024-12-18 08:00:00+00:00,8456,5,0.3272232983251551,4
92,8872,2024-11-04 16:00:00+00:00,7408,8633,2024-10-25 17:00:00+00:00,7169,1,0.19738911472174914,4
92,8872,2024-11-04 16:00:00+00:00,7408,10022,2024-12-22 14:00:00+00:00,8558,2,0.3112547223784215,4
92,8872,2024-11-04 16:00:00+00:00,7408,8053,2024-10-01 13:00:00+00:00,6589,3,0.31615635584331775,4
92,8872,2024-11-04 16:00:00+00:00,7408,10012,2024-12-22 04:00:00+00:00,8548,4,0.3340628358510275,4
92,8872,2024-11-04 16:00:00+00:00,7408,8206,2024-10-07 22:00:00+00:00,6742,5,0.33682646386863496,4
93,8980,2024-11-09 04:00:00+00:00,7516,8473,2024-10-19 01:00:00+00:00,7009,1,0.07650351175667593,4
93,8980,2024-11-09 04:00:00+00:00,7516,8765,2024-10-31 05:00:00+00:00,7301,2,0.07653829289089434,4
93,8980,2024-11-09 04:00:00+00:00,7516,8472,2024-10-19 00:00:00+00:00,7008,3,0.1345614982753985,4
93,8980,2024-11-09 04:00:00+00:00,7516,8764,2024-10-31 04:00:00+00:00,7300,4,0.14322715210251638,4
93,8980,2024-11-09 04:00:00+00:00,7516,9317,2024-11-23 05:00:00+00:00,7853,5,0.14418342648128563,4
94,9060,2024-11-12 12:00:00+00:00,7596,9913,2024-12-18 01:00:00+00:00,8449,1,0.9075665677588068,4
94,9060,2024-11-12 12:00:00+00:00,7596,8638,2024-10-25 22:00:00+00:00,7174,2,0.9391671418618506,4
94,9060,2024-11-12 12:00:00+00:00,7596,9915,2024-12-18 03:00:00+00:00,8451,3,0.9466686289068286,4
94,9060,2024-11-12 12:00:00+00:00,7596,8206,2024-10-07 22:00:00+00:00,6742,4,0.9529874540082279,4
94,9060,2024-11-12 12:00:00+00:00,7596,8207,2024-10-07 23:00:00+00:00,6743,5,0.9632643381842011,4
95,9116,2024-11-14 20:00:00+00:00,7652,10112,2024-12-26 08:00:00+00:00,8648,1,0.7278051314360409,4
95,9116,2024-11-14 20:00:00+00:00,7652,9931,2024-12-18 19:00:00+00:00,8467,2,0.7287561243843339,4
95,9116,2024-11-14 20:00:00+00:00,7652,9374,2024-11-25 14:00:00+00:00,7910,3,0.7506904746101997,4
95,9116,2024-11-14 20:00:00+00:00,7652,9937,2024-12-19 01:00:00+00:00,8473,4,0.7677611839171554,4
95,9116,2024-11-14 20:00:00+00:00,7652,8206,2024-10-07 22:00:00+00:00,6742,5,0.782296150064237,4
96,9189,2024-11-17 21:00:00+00:00,7725,9353,2024-11-24 17:00:00+00:00,7889,1,0.17165163476607828,4
96,9189,2024-11-17 21:00:00+00:00,7725,9538,2024-12-02 10:00:00+00:00,8074,2,0.23086530928900123,4
96,9189,2024-11-17 21:00:00+00:00,7725,9707,2024-12-09 11:00:00+00:00,8243,3,0.23367177833460004,4
96,9189,2024-11-17 21:00:00+00:00,7725,9705,2024-12-09 09:00:00+00:00,8241,4,0.24063161763762878,4
96,9189,2024-11-17 21:00:00+00:00,7725,10012,2024-12-22 04:00:00+00:00,8548,5,0.28632421259435414,4
97,9205,2024-11-18 13:00:00+00:00,7741,10143,2024-12-27 15:00:00+00:00,8679,1,0.3681098629356808,4
97,9205,2024-11-18 13:00:00+00:00,7741,8206,2024-10-07 22:00:00+00:00,6742,2,0.37772289228856004,4
97,9205,2024-11-18 13:00:00+00:00,7741,8633,2024-10-25 17:00:00+00:00,7169,3,0.4338253313113234,4
97,9205,2024-11-18 13:00:00+00:00,7741,10012,2024-12-22 04:00:00+00:00,8548,4,0.44452877027865845,4
97,9205,2024-11-18 13:00:00+00:00,7741,8638,2024-10-25 22:00:00+00:00,7174,5,0.4677246142032234,4
98,9242,2024-11-20 02:00:00+00:00,7778,9909,2024-12-17 21:00:00+00:00,8445,1,0.18713841974221895,4
98,9242,2024-11-20 02:00:00+00:00,7778,9653,2024-12-07 05:00:00+00:00,8189,2,0.19204536180139378,4
98,9242,2024-11-20 02:00:00+00:00,7778,9907,2024-12-17 19:00:00+00:00,8443,3,0.20441018266849761,4
98,9242,2024-11-20 02:00:00+00:00,7778,8211,2024-10-08 03:00:00+00:00,6747,4,0.23570109843239767,4
98,9242,2024-11-20 02:00:00+00:00,7778,10000,2024-12-21 16:00:00+00:00,8536,5,0.2519690510235323,4
99,9402,2024-11-26 18:00:00+00:00,7938,10135,2024-12-27 07:00:00+00:00,8671,1,0.5055112637350945,4
99,9402,2024-11-26 18:00:00+00:00,7938,9931,2024-12-18 19:00:00+00:00,8467,2,0.5276637115071127,4
99,9402,2024-11-26 18:00:00+00:00,7938,10143,2024-12-27 15:00:00+00:00,8679,3,0.546275293609545,4
99,9402,2024-11-26 18:00:00+00:00,7938,8206,2024-10-07 22:00:00+00:00,6742,4,0.5595163022695978,4
99,9402,2024-11-26 18:00:00+00:00,7938,10022,2024-12-22 14:00:00+00:00,8558,5,0.5942792616195491,4
100,9447,2024-11-28 15:00:00+00:00,7983,10110,2024-12-26 06:00:00+00:00,8646,1,0.15714187652500192,4
100,9447,2024-11-28 15:00:00+00:00,7983,9702,2024-12-09 06:00:00+00:00,8238,2,0.1602882257319309,4
100,9447,2024-11-28 15:00:00+00:00,7983,9909,2024-12-17 21:00:00+00:00,8445,3,0.17915102012473447,4
100,9447,2024-11-28 15:00:00+00:00,7983,8213,2024-10-08 05:00:00+00:00,6749,4,0.1815075165961277,4
100,9447,2024-11-28 15:00:00+00:00,7983,10010,2024-12-22 02:00:00+00:00,8546,5,0.18312196016074275,4
101,9565,2024-12-03 13:00:00+00:00,8101,9351,2024-11-24 15:00:00+00:00,7887,1,0.16276491116518282,4
101,9565,2024-12-03 13:00:00+00:00,8101,9536,2024-12-02 08:00:00+00:00,8072,2,0.21512655320180038,4
101,9565,2024-12-03 13:00:00+00:00,8101,8533,2024-10-21 13:00:00+00:00,7069,3,0.22508761206382968,4
101,9565,2024-12-03 13:00:00+00:00,8101,8633,2024-10-25 17:00:00+00:00,7169,4,0.23394624765179364,4
101,9565,2024-12-03 13:00:00+00:00,8101,8834,2024-11-03 02:00:00+00:00,7370,5,0.3584925628313832,4
102,9622,2024-12-05 22:00:00+00:00,8158,9932,2024-12-18 20:00:00+00:00,8468,1,1.1568375150898789,4
102,9622,2024-12-05 22:00:00+00:00,8158,8060,2024-10-01 20:00:00+00:00,6596,2,1.1857625233375526,4
102,9622,2024-12-05 22:00:00+00:00,8158,10112,2024-12-26 08:00:00+00:00,8648,3,1.2805011228078693,4
102,9622,2024-12-05 22:00:00+00:00,8158,9935,2024-12-18 23:00:00+00:00,8471,4,1.4293410279599268,4
102,9622,2024-12-05 22:00:00+00:00,8158,9374,2024-11-25 14:00:00+00:00,7910,5,1.483221365668,4
103,9735,2024-12-10 15:00:00+00:00,8271,9931,2024-12-18 19:00:00+00:00,8467,1,0.2908536314628079,4
103,9735,2024-12-10 15:00:00+00:00,8271,10022,2024-12-22 14:00:00+00:00,8558,2,0.47543254514370586,4
103,9735,2024-12-10 15:00:00+00:00,8271,9374,2024-11-25 14:00:00+00:00,7910,3,0.5578741615516548,4
103,9735,2024-12-10 15:00:00+00:00,8271,10143,2024-12-27 15:00:00+00:00,8679,4,0.6748964774613897,4
103,9735,2024-12-10 15:00:00+00:00,8271,10135,2024-12-27 07:00:00+00:00,8671,5,0.6904303139070568,4
104,9793,2024-12-13 01:00:00+00:00,8329,9913,2024-12-18 01:00:00+00:00,8449,1,0.15510352122330506,4
104,9793,2024-12-13 01:00:00+00:00,8329,9707,2024-12-09 11:00:00+00:00,8243,2,0.17918520775379337,4
104,9793,2024-12-13 01:00:00+00:00,8329,8638,2024-10-25 22:00:00+00:00,7174,3,0.24287865802083003,4
104,9793,2024-12-13 01:00:00+00:00,8329,9705,2024-12-09 09:00:00+00:00,8241,4,0.25266876030289925,4
104,9793,2024-12-13 01:00:00+00:00,8329,10012,2024-12-22 04:00:00+00:00,8548,5,0.28975320558181483,4
105,9839,2024-12-14 23:00:00+00:00,8375,9663,2024-12-07 15:00:00+00:00,8199,1,0.08117451146938463,4
105,9839,2024-12-14 23:00:00+00:00,8375,9496,2024-11-30 16:00:00+00:00,8032,2,0.12248700571796561,4
105,9839,2024-12-14 23:00:00+00:00,8375,9337,2024-11-24 01:00:00+00:00,7873,3,0.1284543818228595,4
105,9839,2024-12-14 23:00:00+00:00,8375,9683,2024-12-08 11:00:00+00:00,8219,4,0.13523781634241056,4
105,9839,2024-12-14 23:00:00+00:00,8375,9508,2024-12-01 04:00:00+00:00,8044,5,0.14317842105088285,4
106,9875,2024-12-16 11:00:00+00:00,8411,9906,2024-12-17 18:00:00+00:00,8442,1,0.23891627411981287,4
106,9875,2024-12-16 11:00:00+00:00,8411,9651,2024-12-07 03:00:00+00:00,8187,2,0.2571721674315952,4
106,9875,2024-12-16 11:00:00+00:00,8411,10108,2024-12-26 04:00:00+00:00,8644,3,0.27178788090784617,4
106,9875,2024-12-16 11:00:00+00:00,8411,8631,2024-10-25 15:00:00+00:00,7167,4,0.2940557981130413,4
106,9875,2024-12-16 11:00:00+00:00,8411,9301,2024-11-22 13:00:00+00:00,7837,5,0.3271018323332582,4
107,9971,2024-12-20 11:00:00+00:00,8507,9932,2024-12-18 20:00:00+00:00,8468,1,0.6869888087559755,4
107,9971,2024-12-20 11:00:00+00:00,8507,8060,2024-10-01 20:00:00+00:00,6596,2,0.8132205948860661,4
107,9971,2024-12-20 11:00:00+00:00,8507,9935,2024-12-18 23:00:00+00:00,8471,3,1.0256978464701385,4
107,9971,2024-12-20 11:00:00+00:00,8507,10112,2024-12-26 08:00:00+00:00,8648,4,1.065230683846,4
107,9971,2024-12-20 11:00:00+00:00,8507,9937,2024-12-19 01:00:00+00:00,8473,5,1.1187740815629628,4
108,10047,2024-12-23 15:00:00+00:00,8583,10143,2024-12-27 15:00:00+00:00,8679,1,0.35419013743802646,4
108,10047,2024-12-23 15:00:00+00:00,8583,8633,2024-10-25 17:00:00+00:00,7169,2,0.4772980636983805,4
108,10047,2024-12-23 15:00:00+00:00,8583,9916,2024-12-18 04:00:00+00:00,8452,3,0.5016654995100459,4
108,10047,2024-12-23 15:00:00+00:00,8583,9536,2024-12-02 08:00:00+00:00,8072,4,0.5052675407451755,4
108,10047,2024-12-23 15:00:00+00:00,8583,10144,2024-12-27 16:00:00+00:00,8680,5,0.5379731831586345,4
