threshold,signals,wins,precision,signals_per_day,wins_per_day,target
0.24321782588958724,8296,2684,0.3235294117647059,45.582417582417584,14.747252747252746,ANCHOR
0.24541331291198773,8178,2651,0.32416238689166055,44.934065934065934,14.565934065934066,ANCHOR
0.2474335101297346,8080,2626,0.325,44.395604395604394,14.428571428571429,ANCHOR
0.24938212751331965,7963,2590,0.32525430114278536,43.752747252747255,14.23076923076923,ANCHOR
0.251708227618266,7860,2560,0.3256997455470738,43.18681318681319,14.065934065934066,ANCHOR
0.2543940396026029,7751,2515,0.3244742613856277,42.58791208791209,13.81868131868132,ANCHOR
0.2567590560347349,7636,2476,0.3242535358826611,41.956043956043956,13.604395604395604,ANCHOR
0.25900802794149325,7529,2436,0.32354894408287954,41.36813186813187,13.384615384615385,ANCHOR
0.26150141166428437,7415,2398,0.3233985165205664,40.74175824175824,13.175824175824175,ANCHOR
0.263123128919278,7306,2363,0.32343279496304406,40.142857142857146,12.983516483516484,ANCHOR
0.2652106795068516,7205,2330,0.32338653712699517,39.58791208791209,12.802197802197803,ANCHOR
0.26761806433483687,7098,2302,0.3243167089320935,39.0,12.648351648351648,ANCHOR
0.2702322048251915,6995,2272,0.3248034310221587,38.434065934065934,12.483516483516484,ANCHOR
0.2725386214862433,6890,2248,0.3262699564586357,37.857142857142854,12.351648351648352,ANCHOR
0.27493896383350125,6779,2213,0.32644932880955896,37.247252747252745,12.159340659340659,ANCHOR
0.2772236436302378,6670,2172,0.3256371814092954,36.64835164835165,11.934065934065934,ANCHOR
0.27970171938508226,6560,2130,0.3246951219512195,36.043956043956044,11.703296703296703,ANCHOR
0.2823653660992444,6449,2080,0.32253062490308576,35.434065934065934,11.428571428571429,ANCHOR
0.28470572611033074,6345,2053,0.3235618597320725,34.862637362637365,11.280219780219781,ANCHOR
0.2874183332111876,6230,2020,0.32423756019261635,34.23076923076923,11.098901098901099,ANCHOR
0.2903300878961207,6125,1979,0.32310204081632654,33.65384615384615,10.873626373626374,ANCHOR
0.29284396567587145,6010,1950,0.324459234608985,33.02197802197802,10.714285714285714,ANCHOR
0.29587199477826087,5911,1927,0.3260023684655727,32.47802197802198,10.587912087912088,ANCHOR
0.29851192983530345,5796,1887,0.3255693581780538,31.846153846153847,10.368131868131869,ANCHOR
0.3012395138659733,5689,1853,0.325716294603621,31.25824175824176,10.18131868131868,ANCHOR
0.3043751227653621,5572,1820,0.32663316582914576,30.615384615384617,10.0,ANCHOR
0.30694599824436625,5462,1783,0.3264372024899304,30.01098901098901,9.796703296703297,ANCHOR
0.3096211578482289,5358,1760,0.3284807764091079,29.439560439560438,9.67032967032967,ANCHOR
0.31249748710858516,5249,1735,0.3305391503143456,28.84065934065934,9.532967032967033,ANCHOR
0.3157492188275871,5140,1698,0.3303501945525292,28.24175824175824,9.32967032967033,ANCHOR
0.31893114661766286,5036,1674,0.3324066719618745,27.67032967032967,9.197802197802197,ANCHOR
0.32153349840034684,4915,1641,0.3338758901322482,27.005494505494507,9.016483516483516,ANCHOR
0.3249065459178666,4811,1601,0.3327790480149657,26.434065934065934,8.796703296703297,ANCHOR
0.32815642259888744,4695,1561,0.33248136315228966,25.796703296703296,8.576923076923077,ANCHOR
0.33106173515319826,4580,1517,0.3312227074235808,25.164835164835164,8.335164835164836,ANCHOR
0.3338229215347147,4465,1486,0.3328107502799552,24.532967032967033,8.164835164835164,ANCHOR
0.3371321590674126,4354,1451,0.33325677537896187,23.923076923076923,7.972527472527473,ANCHOR
0.34061670745833444,4239,1404,0.33121019108280253,23.291208791208792,7.714285714285714,ANCHOR
0.3436499648377047,4131,1374,0.33260711692084244,22.697802197802197,7.549450549450549,ANCHOR
0.347523556846683,4022,1339,0.3329189457981104,22.0989010989011,7.357142857142857,ANCHOR
0.3508333990331426,3916,1308,0.33401430030643514,21.516483516483518,7.186813186813187,ANCHOR
0.3546344569578004,3804,1266,0.33280757097791797,20.9010989010989,6.956043956043956,ANCHOR
0.3591943523237262,3676,1227,0.3337867247007617,20.197802197802197,6.741758241758242,ANCHOR
0.363370704994363,3562,1192,0.33464345873104995,19.571428571428573,6.549450549450549,ANCHOR
0.3676039160308195,3449,1156,0.33516961438098,18.95054945054945,6.351648351648351,ANCHOR
0.3720269263396826,3330,1118,0.33573573573573573,18.296703296703296,6.142857142857143,ANCHOR
0.37599902607626795,3206,1075,0.335308796007486,17.615384615384617,5.906593406593407,ANCHOR
0.38044302564556315,3086,1035,0.3353856124432923,16.956043956043956,5.686813186813187,ANCHOR
0.38497370808811426,2970,1010,0.3400673400673401,16.318681318681318,5.549450549450549,ANCHOR
0.38986092183549526,2843,968,0.34048540274358075,15.62087912087912,5.318681318681318,ANCHOR
0.3950004536418617,2724,922,0.33847283406754775,14.967032967032967,5.065934065934066,ANCHOR
0.4005806917053158,2606,888,0.340752110514198,14.31868131868132,4.8791208791208796,ANCHOR
0.40618432792566417,2482,849,0.34206285253827556,13.637362637362637,4.664835164835165,ANCHOR
0.41126595620381645,2360,810,0.3432203389830508,12.967032967032967,4.450549450549451,ANCHOR
0.4166495642419576,2239,775,0.34613666815542654,12.302197802197803,4.258241758241758,ANCHOR
0.42304834559812393,2120,732,0.3452830188679245,11.648351648351648,4.021978021978022,ANCHOR
0.4298122701402484,1997,692,0.34651977966950426,10.972527472527473,3.802197802197802,ANCHOR
0.4362017551317017,1868,650,0.34796573875803,10.263736263736265,3.5714285714285716,ANCHOR
0.4430808119450582,1743,612,0.35111876075731496,9.576923076923077,3.3626373626373627,ANCHOR
0.451280723810197,1618,567,0.3504326328800989,8.89010989010989,3.1153846153846154,ANCHOR
0.45213914998573607,1603,563,0.3512164691203993,8.807692307692308,3.0934065934065935,ANCHOR
0.45295598953886884,1588,555,0.3494962216624685,8.725274725274724,3.0494505494505493,ANCHOR
0.45387679642665224,1572,548,0.3486005089058524,8.637362637362637,3.010989010989011,ANCHOR
0.4549777107600922,1556,540,0.34704370179948585,8.54945054945055,2.967032967032967,ANCHOR
0.4560956992680479,1539,534,0.3469785575048733,8.456043956043956,2.934065934065934,ANCHOR
0.45721085721933385,1521,528,0.34714003944773175,8.357142857142858,2.901098901098901,ANCHOR
0.4577978395963015,1506,521,0.3459495351925631,8.274725274725276,2.8626373626373627,ANCHOR
0.4586643123596527,1491,518,0.3474178403755869,8.192307692307692,2.8461538461538463,ANCHOR
0.4593588306752948,1475,512,0.34711864406779663,8.104395604395604,2.8131868131868134,ANCHOR
0.4603294571894636,1460,509,0.34863013698630135,8.021978021978022,2.7967032967032965,ANCHOR
0.46132852204238306,1444,502,0.3476454293628809,7.934065934065934,2.758241758241758,ANCHOR
0.4625278379283373,1430,496,0.34685314685314683,7.857142857142857,2.7252747252747254,ANCHOR
0.4636489084521419,1414,491,0.34724186704384724,7.769230769230769,2.697802197802198,ANCHOR
0.464438188773171,1396,483,0.3459885386819484,7.670329670329671,2.6538461538461537,ANCHOR
0.4656047021890027,1383,481,0.3477946493130875,7.5989010989010985,2.642857142857143,ANCHOR
0.4668030385820206,1367,476,0.34820775420629113,7.510989010989011,2.6153846153846154,ANCHOR
0.46800487655929385,1354,476,0.3515509601181684,7.43956043956044,2.6153846153846154,ANCHOR
0.46909145637705385,1339,472,0.3525018670649739,7.357142857142857,2.5934065934065935,ANCHOR
0.47015361070934675,1324,461,0.34818731117824775,7.274725274725275,2.532967032967033,ANCHOR
0.47114686981032156,1310,455,0.3473282442748092,7.197802197802198,2.5,ANCHOR
0.4718149987866604,1293,447,0.345707656612529,7.104395604395604,2.456043956043956,ANCHOR
0.47255315240727663,1275,444,0.34823529411764703,7.0054945054945055,2.4395604395604398,ANCHOR
0.4737833982177941,1258,440,0.3497615262321145,6.912087912087912,2.4175824175824174,ANCHOR
0.4748299101213887,1240,431,0.34758064516129034,6.813186813186813,2.368131868131868,ANCHOR
0.4755537073219894,1222,425,0.34779050736497547,6.714285714285714,2.3351648351648353,ANCHOR
0.4767752027783214,1206,419,0.3474295190713101,6.626373626373627,2.302197802197802,ANCHOR
0.4778420780580254,1190,417,0.35042016806722687,6.538461538461538,2.291208791208791,ANCHOR
0.47903227534173387,1175,414,0.3523404255319149,6.456043956043956,2.2747252747252746,ANCHOR
0.4803923604609085,1160,406,0.35,6.373626373626373,2.230769230769231,ANCHOR
0.4816665873497327,1146,401,0.349912739965096,6.2967032967032965,2.2032967032967035,ANCHOR
0.4827752025912067,1133,397,0.3503971756398941,6.225274725274725,2.181318681318681,ANCHOR
0.48363427729546415,1117,387,0.34646374216651743,6.137362637362638,2.1263736263736264,ANCHOR
0.485286534843566,1102,379,0.34392014519056263,6.054945054945055,2.0824175824175826,ANCHOR
0.48651956057246787,1086,374,0.3443830570902394,5.967032967032967,2.0549450549450547,ANCHOR
0.48815150238290617,1071,367,0.3426704014939309,5.884615384615385,2.0164835164835164,ANCHOR
0.4886505351398561,1055,361,0.34218009478672984,5.7967032967032965,1.9835164835164836,ANCHOR
0.48939224617088867,1037,354,0.3413693346190935,5.697802197802198,1.945054945054945,ANCHOR
0.49056421505046355,1021,347,0.33986287952987265,5.6098901098901095,1.9065934065934067,ANCHOR
0.49201933678494214,1003,340,0.3389830508474576,5.510989010989011,1.8681318681318682,ANCHOR
0.4934972091717059,986,334,0.33874239350912777,5.417582417582418,1.835164835164835,ANCHOR
0.494662123990965,969,328,0.3384932920536636,5.324175824175824,1.8021978021978022,ANCHOR
0.49605344456057004,952,325,0.34138655462184875,5.230769230769231,1.7857142857142858,ANCHOR
0.4972669205092175,936,322,0.344017094017094,5.142857142857143,1.7692307692307692,ANCHOR
0.4987524307619166,922,318,0.34490238611713664,5.065934065934066,1.7472527472527473,ANCHOR
0.5000694331338117,905,312,0.3447513812154696,4.972527472527473,1.7142857142857142,ANCHOR
0.5018015454207889,888,306,0.34459459459459457,4.8791208791208796,1.6813186813186813,ANCHOR
0.5032541874390634,873,301,0.3447880870561283,4.7967032967032965,1.6538461538461537,ANCHOR
0.5040731940269482,859,296,0.3445867287543655,4.71978021978022,1.6263736263736264,ANCHOR
0.5054143251407007,842,289,0.34323040380047504,4.626373626373627,1.5879120879120878,ANCHOR
0.5076679203480112,825,281,0.3406060606060606,4.532967032967033,1.543956043956044,ANCHOR
0.509583183095424,810,274,0.33827160493827163,4.450549450549451,1.5054945054945055,ANCHOR
0.511291479255578,793,271,0.3417402269861286,4.357142857142857,1.489010989010989,ANCHOR
0.5122527719087236,775,266,0.3432258064516129,4.258241758241758,1.4615384615384615,ANCHOR
0.5138257884194561,757,259,0.34214002642007924,4.15934065934066,1.4230769230769231,ANCHOR
0.5151084012623025,741,254,0.3427800269905533,4.071428571428571,1.3956043956043955,ANCHOR
0.5165537587540059,724,248,0.3425414364640884,3.978021978021978,1.3626373626373627,ANCHOR
0.518317000497746,710,243,0.34225352112676055,3.901098901098901,1.335164835164835,ANCHOR
0.5201026757397234,694,241,0.3472622478386167,3.8131868131868134,1.3241758241758241,ANCHOR
0.5221060586820673,677,235,0.34711964549483015,3.71978021978022,1.2912087912087913,ANCHOR
0.5239488379562944,660,229,0.346969696969697,3.6263736263736264,1.2582417582417582,ANCHOR
0.5254795742759216,644,225,0.34937888198757766,3.5384615384615383,1.2362637362637363,ANCHOR
0.526944689545449,628,217,0.34554140127388533,3.4505494505494507,1.1923076923076923,ANCHOR
0.5287321180331513,612,210,0.3431372549019608,3.3626373626373627,1.1538461538461537,ANCHOR
0.5308749862562244,596,206,0.34563758389261745,3.2747252747252746,1.1318681318681318,ANCHOR
0.53299665909779,579,200,0.3454231433506045,3.181318681318681,1.098901098901099,ANCHOR
0.5350386988362192,564,197,0.34929078014184395,3.098901098901099,1.0824175824175823,ANCHOR
0.537553564983078,548,196,0.35766423357664234,3.010989010989011,1.0769230769230769,ANCHOR
0.5394910039901728,531,188,0.3540489642184557,2.9175824175824174,1.032967032967033,ANCHOR
0.5419834317376381,516,182,0.35271317829457366,2.8351648351648353,1.0,ANCHOR
0.5437497072582029,498,177,0.35542168674698793,2.7362637362637363,0.9725274725274725,ANCHOR
0.5450933586434487,481,171,0.35550935550935553,2.642857142857143,0.9395604395604396,ANCHOR
0.5483627551416816,463,166,0.35853131749460043,2.543956043956044,0.9120879120879121,ANCHOR
0.5502478184096439,445,160,0.3595505617977528,2.4450549450549453,0.8791208791208791,ANCHOR
0.5531407795857789,429,158,0.3682983682983683,2.357142857142857,0.8681318681318682,ANCHOR
0.5561349507826793,412,150,0.3640776699029126,2.2637362637362637,0.8241758241758241,ANCHOR
0.5590183106193043,394,145,0.3680203045685279,2.1648351648351647,0.7967032967032966,ANCHOR
0.5626897872792007,376,139,0.3696808510638298,2.065934065934066,0.7637362637362637,ANCHOR
0.5650192632856238,361,136,0.3767313019390582,1.9835164835164836,0.7472527472527473,ANCHOR
0.5691167192459166,343,126,0.3673469387755102,1.8846153846153846,0.6923076923076923,ANCHOR
0.5698043496350985,339,125,0.3687315634218289,1.8626373626373627,0.6868131868131868,ANCHOR
0.5704912362301036,337,125,0.37091988130563797,1.8516483516483517,0.6868131868131868,ANCHOR
0.5710690613031385,334,123,0.36826347305389223,1.835164835164835,0.6758241758241759,ANCHOR
0.5713967596448997,330,123,0.37272727272727274,1.8131868131868132,0.6758241758241759,ANCHOR
0.5720951824188228,327,122,0.3730886850152905,1.7967032967032968,0.6703296703296703,ANCHOR
0.572475910075507,323,120,0.3715170278637771,1.7747252747252746,0.6593406593406593,ANCHOR
0.5729071290671225,320,120,0.375,1.7582417582417582,0.6593406593406593,ANCHOR
0.5738556721330895,316,118,0.37341772151898733,1.7362637362637363,0.6483516483516484,ANCHOR
0.5747203698634932,313,116,0.3706070287539936,1.7197802197802199,0.6373626373626373,ANCHOR
0.5750698430995749,310,115,0.3709677419354839,1.7032967032967032,0.6318681318681318,ANCHOR
0.5754478242927157,306,112,0.3660130718954248,1.6813186813186813,0.6153846153846154,ANCHOR
0.5764254670605429,304,112,0.3684210526315789,1.6703296703296704,0.6153846153846154,ANCHOR
0.5777452727036042,302,111,0.3675496688741722,1.6593406593406594,0.6098901098901099,ANCHOR
0.577851225451748,301,110,0.3654485049833887,1.6538461538461537,0.6043956043956044,ANCHOR
0.5785111378106184,298,108,0.3624161073825503,1.6373626373626373,0.5934065934065934,ANCHOR
0.5790850914194127,294,106,0.36054421768707484,1.6153846153846154,0.5824175824175825,ANCHOR
0.5799885429902516,291,105,0.36082474226804123,1.598901098901099,0.5769230769230769,ANCHOR
0.5816722373225494,287,102,0.3554006968641115,1.5769230769230769,0.5604395604395604,ANCHOR
0.5823756535404864,284,102,0.3591549295774648,1.5604395604395604,0.5604395604395604,ANCHOR
0.5840071795925987,280,100,0.35714285714285715,1.5384615384615385,0.5494505494505495,ANCHOR
0.5849731808156582,277,99,0.3574007220216607,1.521978021978022,0.5439560439560439,ANCHOR
0.585443996286396,274,98,0.35766423357664234,1.5054945054945055,0.5384615384615384,ANCHOR
0.5858388527414973,270,95,0.35185185185185186,1.4835164835164836,0.521978021978022,ANCHOR
0.5862859662460557,267,95,0.35580524344569286,1.467032967032967,0.521978021978022,ANCHOR
0.5865084680138203,263,95,0.3612167300380228,1.445054945054945,0.521978021978022,ANCHOR
0.5876691656343865,260,93,0.3576923076923077,1.4285714285714286,0.510989010989011,ANCHOR
0.5894324447675202,256,92,0.359375,1.4065934065934067,0.5054945054945055,ANCHOR
0.589934085760213,253,90,0.3557312252964427,1.39010989010989,0.4945054945054945,ANCHOR
0.59048930341378,250,90,0.36,1.3736263736263736,0.4945054945054945,ANCHOR
0.5924035346363552,246,90,0.36585365853658536,1.3516483516483517,0.4945054945054945,ANCHOR
0.5934454861289409,243,88,0.36213991769547327,1.335164835164835,0.4835164835164835,ANCHOR
0.593715551327204,239,87,0.36401673640167365,1.3131868131868132,0.47802197802197804,ANCHOR
0.5945615356763192,237,87,0.3670886075949367,1.3021978021978022,0.47802197802197804,ANCHOR
0.5951803751454214,234,87,0.3717948717948718,1.2857142857142858,0.47802197802197804,ANCHOR
0.5958508166472078,230,87,0.3782608695652174,1.2637362637362637,0.47802197802197804,ANCHOR
0.5964392348116094,227,84,0.3700440528634361,1.2472527472527473,0.46153846153846156,ANCHOR
0.5968306068239804,223,83,0.3721973094170404,1.2252747252747254,0.45604395604395603,ANCHOR
0.5974079577518238,220,82,0.37272727272727274,1.2087912087912087,0.45054945054945056,ANCHOR
0.5977187993461465,216,81,0.375,1.1868131868131868,0.44505494505494503,ANCHOR
0.598044680311224,214,79,0.3691588785046729,1.1758241758241759,0.4340659340659341,ANCHOR
0.6002801226974557,211,78,0.3696682464454976,1.1593406593406594,0.42857142857142855,ANCHOR
0.6015006671544308,207,77,0.3719806763285024,1.1373626373626373,0.4230769230769231,ANCHOR
0.6026105153649677,204,76,0.37254901960784315,1.120879120879121,0.4175824175824176,ANCHOR
0.6030868754280905,200,76,0.38,1.098901098901099,0.4175824175824176,ANCHOR
0.6040373967452473,197,75,0.38071065989847713,1.0824175824175823,0.41208791208791207,ANCHOR
0.6045848730520764,194,74,0.38144329896907214,1.065934065934066,0.4065934065934066,ANCHOR
0.6049506877602959,190,73,0.38421052631578945,1.043956043956044,0.4010989010989011,ANCHOR
0.6057242546341637,187,71,0.37967914438502676,1.0274725274725274,0.3901098901098901,ANCHOR
0.6066993356678296,183,70,0.3825136612021858,1.0054945054945055,0.38461538461538464,ANCHOR
0.6075880027612164,180,69,0.38333333333333336,0.989010989010989,0.3791208791208791,ANCHOR
0.6095058275461275,176,67,0.3806818181818182,0.967032967032967,0.36813186813186816,ANCHOR
0.6123994934717516,173,65,0.37572254335260113,0.9505494505494505,0.35714285714285715,ANCHOR
0.6142607545269801,170,64,0.3764705882352941,0.9340659340659341,0.3516483516483517,ANCHOR
0.6156160925085001,166,64,0.3855421686746988,0.9120879120879121,0.3516483516483517,ANCHOR
0.6172475374672015,163,63,0.38650306748466257,0.8956043956043956,0.34615384615384615,ANCHOR
0.6190927918819369,159,61,0.3836477987421384,0.8736263736263736,0.33516483516483514,ANCHOR
0.6219962646079789,156,59,0.3782051282051282,0.8571428571428571,0.3241758241758242,ANCHOR
0.6232030985557696,152,57,0.375,0.8351648351648352,0.3131868131868132,ANCHOR
0.6245980878553102,149,55,0.3691275167785235,0.8186813186813187,0.3021978021978022,ANCHOR
0.6257886235063839,146,54,0.3698630136986301,0.8021978021978022,0.2967032967032967,ANCHOR
0.6270770317857898,142,52,0.36619718309859156,0.7802197802197802,0.2857142857142857,ANCHOR
0.6273898682348689,139,51,0.3669064748201439,0.7637362637362637,0.2802197802197802,ANCHOR
0.6277047160170219,135,50,0.37037037037037035,0.7417582417582418,0.27472527472527475,ANCHOR
0.6285282923380431,133,50,0.37593984962406013,0.7307692307692307,0.27472527472527475,ANCHOR
0.6298167078434819,130,48,0.36923076923076925,0.7142857142857143,0.26373626373626374,ANCHOR
0.6324953933397887,126,48,0.38095238095238093,0.6923076923076923,0.26373626373626374,ANCHOR
0.6353001631238244,124,47,0.3790322580645161,0.6813186813186813,0.25824175824175827,ANCHOR
0.6378399479143608,121,47,0.3884297520661157,0.6648351648351648,0.25824175824175827,ANCHOR
0.6410041791699217,118,47,0.3983050847457627,0.6483516483516484,0.25824175824175827,ANCHOR
0.6434825968983312,114,44,0.38596491228070173,0.6263736263736264,0.24175824175824176,ANCHOR
0.6452699813370922,111,44,0.3963963963963964,0.6098901098901099,0.24175824175824176,ANCHOR
0.6482050366400908,108,42,0.3888888888888889,0.5934065934065934,0.23076923076923078,ANCHOR
0.650576391649246,104,38,0.36538461538461536,0.5714285714285714,0.2087912087912088,ANCHOR
0.6519742549183482,101,37,0.36633663366336633,0.554945054945055,0.2032967032967033,ANCHOR
0.6534039458542091,97,34,0.35051546391752575,0.532967032967033,0.18681318681318682,ANCHOR
0.6562832885289421,94,34,0.3617021276595745,0.5164835164835165,0.18681318681318682,ANCHOR
0.6612290228843682,91,33,0.3626373626373626,0.5,0.1813186813186813,ANCHOR
0.6628478982780934,87,32,0.367816091954023,0.47802197802197804,0.17582417582417584,ANCHOR
0.663902451703044,84,30,0.35714285714285715,0.46153846153846156,0.16483516483516483,ANCHOR
0.6649975170126232,80,30,0.375,0.43956043956043955,0.16483516483516483,ANCHOR
0.6707699594150291,77,28,0.36363636363636365,0.4230769230769231,0.15384615384615385,ANCHOR
0.6720357789752668,73,27,0.3698630136986301,0.4010989010989011,0.14835164835164835,ANCHOR
0.6753828304073735,71,26,0.36619718309859156,0.3901098901098901,0.14285714285714285,ANCHOR
0.6783976952726131,68,24,0.35294117647058826,0.37362637362637363,0.13186813186813187,ANCHOR
0.6798951866048708,64,22,0.34375,0.3516483516483517,0.12087912087912088,ANCHOR
0.6828125399358222,61,22,0.36065573770491804,0.33516483516483514,0.12087912087912088,ANCHOR
0.6863380312847362,57,21,0.3684210526315789,0.3131868131868132,0.11538461538461539,ANCHOR
0.6886010885874475,54,19,0.35185185185185186,0.2967032967032967,0.1043956043956044,ANCHOR
0.6912412312726866,51,17,0.3333333333333333,0.2802197802197802,0.09340659340659341,ANCHOR
0.6948517011295698,47,14,0.2978723404255319,0.25824175824175827,0.07692307692307693,ANCHOR
0.6968609308209345,44,13,0.29545454545454547,0.24175824175824176,0.07142857142857142,ANCHOR
0.7016257360024557,40,11,0.275,0.21978021978021978,0.06043956043956044,ANCHOR
0.7040549098693694,38,10,0.2631578947368421,0.2087912087912088,0.054945054945054944,ANCHOR
0.7061694191008132,35,10,0.2857142857142857,0.19230769230769232,0.054945054945054944,ANCHOR
0.7113391582712526,32,7,0.21875,0.17582417582417584,0.038461538461538464,ANCHOR
0.7165683233376476,29,6,0.20689655172413793,0.15934065934065933,0.03296703296703297,ANCHOR
0.7211529236477976,25,5,0.2,0.13736263736263737,0.027472527472527472,ANCHOR
0.7293101708999857,22,4,0.18181818181818182,0.12087912087912088,0.02197802197802198,ANCHOR
0.7471260208368302,18,4,0.2222222222222222,0.0989010989010989,0.02197802197802198,ANCHOR
0.3914480483531952,5502,1864,0.33878589603780446,30.23076923076923,10.241758241758241,EARLY3
0.3930576753010187,5444,1853,0.34037472446730344,29.912087912087912,10.18131868131868,EARLY3
0.3945910763942589,5390,1832,0.3398886827458256,29.615384615384617,10.065934065934066,EARLY3
0.3963383532580682,5327,1814,0.3405293786371316,29.26923076923077,9.967032967032967,EARLY3
0.3980395623586946,5280,1797,0.3403409090909091,29.01098901098901,9.873626373626374,EARLY3
0.3999177172830548,5221,1773,0.3395901168358552,28.686813186813186,9.741758241758241,EARLY3
0.40174950801720055,5160,1759,0.340891472868217,28.35164835164835,9.664835164835164,EARLY3
0.4035326273360494,5107,1737,0.34012140199725865,28.060439560439562,9.543956043956044,EARLY3
0.40522303833799855,5056,1721,0.3403876582278481,27.78021978021978,9.456043956043956,EARLY3
0.4069731079521825,4992,1715,0.34354967948717946,27.428571428571427,9.423076923076923,EARLY3
0.40855888710183613,4924,1691,0.3434199837530463,27.054945054945055,9.291208791208792,EARLY3
0.41042344628754307,4857,1676,0.34506897261684166,26.686813186813186,9.208791208791208,EARLY3
0.412143570649422,4791,1652,0.3448131914005427,26.324175824175825,9.076923076923077,EARLY3
0.4137024771359006,4731,1636,0.3458042697104206,25.994505494505493,8.989010989010989,EARLY3
0.4153257601948107,4672,1606,0.34375,25.67032967032967,8.824175824175825,EARLY3
0.417112394126795,4601,1585,0.344490328189524,25.28021978021978,8.708791208791208,EARLY3
0.4190138097940858,4536,1565,0.34501763668430335,24.923076923076923,8.598901098901099,EARLY3
0.42068358760769087,4473,1547,0.3458528951486698,24.576923076923077,8.5,EARLY3
0.4225413761502606,4420,1518,0.3434389140271493,24.285714285714285,8.340659340659341,EARLY3
0.4245287554546938,4354,1497,0.3438217730822232,23.923076923076923,8.225274725274724,EARLY3
0.4267196159241552,4275,1471,0.344093567251462,23.48901098901099,8.082417582417582,EARLY3
0.428751339063806,4212,1454,0.3452041785375119,23.142857142857142,7.989010989010989,EARLY3
0.430543601512908,4158,1437,0.34559884559884557,22.846153846153847,7.895604395604396,EARLY3
0.43278414736359816,4092,1411,0.3448191593352884,22.483516483516482,7.752747252747253,EARLY3
0.4349339737326413,4025,1388,0.3448447204968944,22.115384615384617,7.626373626373627,EARLY3
0.4369987910278772,3954,1359,0.34370257966616086,21.725274725274726,7.467032967032967,EARLY3
0.4392709993507897,3881,1341,0.34552950270548827,21.324175824175825,7.368131868131868,EARLY3
0.44157869862297844,3824,1322,0.3457112970711297,21.01098901098901,7.263736263736264,EARLY3
0.44365410146066697,3765,1307,0.34714475431606906,20.686813186813186,7.181318681318682,EARLY3
0.4460249262947149,3684,1284,0.3485342019543974,20.24175824175824,7.054945054945055,EARLY3
0.44856877381518706,3608,1259,0.34894678492239467,19.824175824175825,6.917582417582418,EARLY3
0.45108135049625964,3540,1237,0.3494350282485876,19.45054945054945,6.7967032967032965,EARLY3
0.453739693973024,3476,1223,0.35184119677790565,19.0989010989011,6.71978021978022,EARLY3
0.45643008496801757,3406,1213,0.3561362301820317,18.714285714285715,6.664835164835165,EARLY3
0.458674507848287,3323,1181,0.3554017454107734,18.25824175824176,6.489010989010989,EARLY3
0.4613217522330202,3248,1157,0.3562192118226601,17.846153846153847,6.357142857142857,EARLY3
0.4638929142790328,3172,1135,0.3578184110970996,17.428571428571427,6.236263736263736,EARLY3
0.46689254235413113,3097,1112,0.35905715208266065,17.016483516483518,6.1098901098901095,EARLY3
0.4695568746631429,3016,1086,0.36007957559681697,16.571428571428573,5.967032967032967,EARLY3
0.47230535907260357,2950,1053,0.35694915254237286,16.208791208791208,5.785714285714286,EARLY3
0.47491302330615165,2871,1028,0.35806339254615116,15.774725274725276,5.648351648351649,EARLY3
0.4778027622982597,2791,1001,0.358652812611967,15.335164835164836,5.5,EARLY3
0.4808909913847002,2697,960,0.3559510567296997,14.81868131868132,5.274725274725275,EARLY3
0.48389538112333186,2627,934,0.3555386372287781,14.434065934065934,5.131868131868132,EARLY3
0.4873033236447028,2546,901,0.35388845247446976,13.989010989010989,4.950549450549451,EARLY3
0.490382322456877,2466,874,0.3544201135442011,13.54945054945055,4.802197802197802,EARLY3
0.4938332793268098,2393,844,0.352695361470957,13.148351648351648,4.637362637362638,EARLY3
0.49716459801641544,2318,822,0.3546160483175151,12.736263736263735,4.516483516483516,EARLY3
0.50051304623232,2239,797,0.3559624832514515,12.302197802197803,4.3791208791208796,EARLY3
0.5041608842348648,2158,765,0.35449490268767375,11.857142857142858,4.2032967032967035,EARLY3
0.5075218785819362,2068,736,0.35589941972920697,11.362637362637363,4.043956043956044,EARLY3
0.5112615691201162,1980,707,0.3570707070707071,10.87912087912088,3.8846153846153846,EARLY3
0.5148054774332853,1901,674,0.3545502367175171,10.445054945054945,3.7032967032967035,EARLY3
0.5186796573057013,1816,656,0.36123348017621143,9.978021978021978,3.6043956043956045,EARLY3
0.522262355230622,1720,628,0.36511627906976746,9.45054945054945,3.4505494505494507,EARLY3
0.5273909176002116,1629,597,0.3664825046040516,8.95054945054945,3.28021978021978,EARLY3
0.5322805704908868,1549,574,0.3705616526791478,8.510989010989011,3.1538461538461537,EARLY3
0.5376413410396884,1451,540,0.37215713301171605,7.972527472527473,2.967032967032967,EARLY3
0.5425850321478762,1362,512,0.37591776798825255,7.483516483516484,2.8131868131868134,EARLY3
0.5480990791320814,1271,481,0.37844217151848936,6.983516483516484,2.642857142857143,EARLY3
0.5488547985583923,1260,479,0.38015873015873014,6.923076923076923,2.631868131868132,EARLY3
0.5494684907394121,1245,477,0.38313253012048193,6.84065934065934,2.620879120879121,EARLY3
0.5500553223452991,1235,472,0.3821862348178138,6.785714285714286,2.5934065934065935,EARLY3
0.5509876551145225,1223,466,0.3810302534750613,6.71978021978022,2.5604395604395602,EARLY3
0.5516741758660425,1214,463,0.38138385502471167,6.670329670329671,2.543956043956044,EARLY3
0.5525791409287268,1202,459,0.38186356073211314,6.604395604395604,2.521978021978022,EARLY3
0.5533881384088988,1192,457,0.38338926174496646,6.549450549450549,2.510989010989011,EARLY3
0.5540102849127355,1184,453,0.38260135135135137,6.5054945054945055,2.489010989010989,EARLY3
0.554586486212815,1175,449,0.3821276595744681,6.456043956043956,2.467032967032967,EARLY3
0.5551244110698942,1163,441,0.3791917454858126,6.3901098901098905,2.423076923076923,EARLY3
0.5558456943065302,1157,440,0.3802938634399309,6.357142857142857,2.4175824175824174,EARLY3
0.5565096846773654,1144,436,0.3811188811188811,6.285714285714286,2.3956043956043955,EARLY3
0.5571540652951108,1127,429,0.38065661047027505,6.1923076923076925,2.357142857142857,EARLY3
0.5576985291348234,1117,425,0.38048343777976723,6.137362637362638,2.3351648351648353,EARLY3
0.5584977513325369,1105,421,0.38099547511312215,6.071428571428571,2.3131868131868134,EARLY3
0.5589562091223806,1092,414,0.3791208791208791,6.0,2.2747252747252746,EARLY3
0.5598668242285523,1079,407,0.37720111214087115,5.928571428571429,2.2362637362637363,EARLY3
0.5604283859639229,1069,400,0.37418147801683815,5.873626373626373,2.197802197802198,EARLY3
0.5610262931328786,1058,397,0.3752362948960302,5.813186813186813,2.181318681318681,EARLY3
0.561822411470775,1050,392,0.37333333333333335,5.769230769230769,2.1538461538461537,EARLY3
0.5625987297371957,1041,387,0.37175792507204614,5.71978021978022,2.1263736263736264,EARLY3
0.5636523727887794,1031,387,0.37536372453928224,5.664835164835165,2.1263736263736264,EARLY3
0.5641822626439846,1020,384,0.3764705882352941,5.604395604395604,2.10989010989011,EARLY3
0.5649759772457658,1006,380,0.37773359840954274,5.527472527472527,2.087912087912088,EARLY3
0.565741415265241,993,377,0.3796576032225579,5.456043956043956,2.0714285714285716,EARLY3
0.566474365584458,978,369,0.3773006134969325,5.373626373626373,2.0274725274725274,EARLY3
0.5673398695414579,964,360,0.37344398340248963,5.2967032967032965,1.978021978021978,EARLY3
0.5681519360663015,951,357,0.3753943217665615,5.225274725274725,1.9615384615384615,EARLY3
0.5686345241703558,941,352,0.3740701381509033,5.170329670329671,1.934065934065934,EARLY3
0.5695252560362027,927,349,0.37648327939590076,5.093406593406593,1.9175824175824177,EARLY3
0.5703806548782535,922,348,0.3774403470715835,5.065934065934066,1.9120879120879122,EARLY3
0.5711774966686589,912,343,0.37609649122807015,5.010989010989011,1.8846153846153846,EARLY3
0.5721778605074824,898,338,0.37639198218262804,4.934065934065934,1.8571428571428572,EARLY3
0.5734164073678515,887,333,0.3754227733934611,4.873626373626373,1.8296703296703296,EARLY3
0.5741041478326049,873,326,0.3734249713631157,4.7967032967032965,1.7912087912087913,EARLY3
0.5750736256249336,870,324,0.3724137931034483,4.78021978021978,1.7802197802197801,EARLY3
0.5757973844009109,857,318,0.3710618436406068,4.708791208791209,1.7472527472527473,EARLY3
0.5766696523956101,842,313,0.37173396674584325,4.626373626373627,1.7197802197802199,EARLY3
0.5772950813498678,832,310,0.37259615384615385,4.571428571428571,1.7032967032967032,EARLY3
0.5782841179038912,820,308,0.375609756097561,4.5054945054945055,1.6923076923076923,EARLY3
0.5792153038737156,805,303,0.3763975155279503,4.423076923076923,1.664835164835165,EARLY3
0.5803622881973847,793,298,0.37578814627994955,4.357142857142857,1.6373626373626373,EARLY3
0.5811125081219248,780,293,0.37564102564102564,4.285714285714286,1.60989010989011,EARLY3
0.5819608698374108,764,291,0.38089005235602097,4.197802197802198,1.598901098901099,EARLY3
0.5831526599352869,751,287,0.3821571238348868,4.126373626373627,1.5769230769230769,EARLY3
0.5839963685349576,740,281,0.37972972972972974,4.065934065934066,1.543956043956044,EARLY3
0.5848944042121309,727,280,0.38514442916093533,3.9945054945054945,1.5384615384615385,EARLY3
0.5862935785824742,715,275,0.38461538461538464,3.9285714285714284,1.510989010989011,EARLY3
0.5877457419166086,699,271,0.3876967095851216,3.840659340659341,1.489010989010989,EARLY3
0.5893544718887234,686,266,0.3877551020408163,3.769230769230769,1.4615384615384615,EARLY3
0.5904940731615957,679,264,0.38880706921944036,3.730769230769231,1.4505494505494505,EARLY3
0.5918810824140708,665,261,0.3924812030075188,3.6538461538461537,1.434065934065934,EARLY3
0.5929491803133016,654,257,0.3929663608562691,3.5934065934065935,1.4120879120879122,EARLY3
0.5944718520430041,642,251,0.3909657320872274,3.5274725274725274,1.379120879120879,EARLY3
0.5957527109339248,627,249,0.39712918660287083,3.4450549450549453,1.3681318681318682,EARLY3
0.5967416082333915,610,242,0.39672131147540984,3.3516483516483517,1.3296703296703296,EARLY3
0.597863341017615,598,233,0.3896321070234114,3.2857142857142856,1.2802197802197801,EARLY3
0.5990459461574313,583,227,0.3893653516295026,3.2032967032967035,1.2472527472527473,EARLY3
0.600847803918621,574,223,0.3885017421602787,3.1538461538461537,1.2252747252747254,EARLY3
0.601910800360426,562,221,0.3932384341637011,3.087912087912088,1.2142857142857142,EARLY3
0.6028420516448681,549,217,0.39526411657559196,3.0164835164835164,1.1923076923076923,EARLY3
0.6041633112038218,533,211,0.39587242026266417,2.9285714285714284,1.1593406593406594,EARLY3
0.6049033184896507,519,208,0.4007707129094412,2.8516483516483517,1.1428571428571428,EARLY3
0.6061671003993553,506,202,0.39920948616600793,2.78021978021978,1.10989010989011,EARLY3
0.6073471279989296,492,199,0.40447154471544716,2.7032967032967035,1.0934065934065933,EARLY3
0.6085377710861499,476,193,0.4054621848739496,2.6153846153846154,1.0604395604395604,EARLY3
0.6097564570330363,467,189,0.40471092077087795,2.565934065934066,1.0384615384615385,EARLY3
0.6112864698699754,455,185,0.4065934065934066,2.5,1.0164835164835164,EARLY3
0.6136522598085532,441,182,0.4126984126984127,2.423076923076923,1.0,EARLY3
0.6152968540372797,427,180,0.4215456674473068,2.3461538461538463,0.989010989010989,EARLY3
0.6171277851877389,416,177,0.4254807692307692,2.2857142857142856,0.9725274725274725,EARLY3
0.6187496073155468,402,172,0.42786069651741293,2.208791208791209,0.945054945054945,EARLY3
0.6217585383125503,389,167,0.42930591259640105,2.1373626373626373,0.9175824175824175,EARLY3
0.624291631825363,374,163,0.4358288770053476,2.0549450549450547,0.8956043956043956,EARLY3
0.6263970406447784,358,157,0.43854748603351956,1.967032967032967,0.8626373626373627,EARLY3
0.6281481116934636,343,152,0.44314868804664725,1.8846153846153846,0.8351648351648352,EARLY3
0.6301411004006091,328,142,0.4329268292682927,1.8021978021978022,0.7802197802197802,EARLY3
0.632133388344243,313,136,0.43450479233226835,1.7197802197802199,0.7472527472527473,EARLY3
0.6339034686088597,299,131,0.43812709030100333,1.6428571428571428,0.7197802197802198,EARLY3
0.6340115057475628,298,131,0.4395973154362416,1.6373626373626373,0.7197802197802198,EARLY3
0.6344381012468656,296,129,0.4358108108108108,1.6263736263736264,0.7087912087912088,EARLY3
0.6348104326905621,294,129,0.4387755102040816,1.6153846153846154,0.7087912087912088,EARLY3
0.6358451301960023,290,127,0.4379310344827586,1.5934065934065933,0.6978021978021978,EARLY3
0.6364532816723136,288,125,0.4340277777777778,1.5824175824175823,0.6868131868131868,EARLY3
0.637128201572823,285,123,0.43157894736842106,1.565934065934066,0.6758241758241759,EARLY3
0.6375047875753566,283,121,0.4275618374558304,1.554945054945055,0.6648351648351648,EARLY3
0.6381761604530652,280,121,0.43214285714285716,1.5384615384615385,0.6648351648351648,EARLY3
0.6385035728497928,279,122,0.43727598566308246,1.532967032967033,0.6703296703296703,EARLY3
0.6398313838833516,277,122,0.4404332129963899,1.521978021978022,0.6703296703296703,EARLY3
0.6403116045369095,274,120,0.43795620437956206,1.5054945054945055,0.6593406593406593,EARLY3
0.6409483344395943,272,118,0.4338235294117647,1.4945054945054945,0.6483516483516484,EARLY3
0.6417733592363297,268,116,0.43283582089552236,1.4725274725274726,0.6373626373626373,EARLY3
0.6420467086946119,265,115,0.4339622641509434,1.456043956043956,0.6318681318681318,EARLY3
0.6423917679533813,263,114,0.43346007604562736,1.445054945054945,0.6263736263736264,EARLY3
0.6428453828503388,260,113,0.4346153846153846,1.4285714285714286,0.6208791208791209,EARLY3
0.6430432382039354,260,113,0.4346153846153846,1.4285714285714286,0.6208791208791209,EARLY3
0.6436337065566692,256,111,0.43359375,1.4065934065934067,0.6098901098901099,EARLY3
0.6440572240769298,253,111,0.43873517786561267,1.39010989010989,0.6098901098901099,EARLY3
0.6447509256035424,250,110,0.44,1.3736263736263736,0.6043956043956044,EARLY3
0.6457139516526894,247,107,0.4331983805668016,1.3571428571428572,0.5879120879120879,EARLY3
0.6462476732624902,244,107,0.4385245901639344,1.3406593406593406,0.5879120879120879,EARLY3
0.64672469542195,241,107,0.44398340248962653,1.3241758241758241,0.5879120879120879,EARLY3
0.647511188694924,238,105,0.4411764705882353,1.3076923076923077,0.5769230769230769,EARLY3
0.6477545980504064,236,104,0.4406779661016949,1.2967032967032968,0.5714285714285714,EARLY3
0.6482059379779931,233,102,0.43776824034334766,1.2802197802197801,0.5604395604395604,EARLY3
0.6487949170784535,230,101,0.4391304347826087,1.2637362637362637,0.554945054945055,EARLY3
0.6495849554081161,228,101,0.44298245614035087,1.2527472527472527,0.554945054945055,EARLY3
0.649956445719733,225,99,0.44,1.2362637362637363,0.5439560439560439,EARLY3
0.6502297355117224,221,98,0.4434389140271493,1.2142857142857142,0.5384615384615384,EARLY3
0.6504474437610109,218,97,0.44495412844036697,1.1978021978021978,0.532967032967033,EARLY3
0.6511430580890539,214,94,0.4392523364485981,1.1758241758241759,0.5164835164835165,EARLY3
0.6515056862592692,212,93,0.4386792452830189,1.164835164835165,0.510989010989011,EARLY3
0.6516864461682068,209,93,0.4449760765550239,1.1483516483516483,0.510989010989011,EARLY3
0.6529662462689659,206,92,0.44660194174757284,1.1318681318681318,0.5054945054945055,EARLY3
0.6538508543621409,205,91,0.44390243902439025,1.1263736263736264,0.5,EARLY3
0.6550740449953568,202,89,0.4405940594059406,1.10989010989011,0.489010989010989,EARLY3
0.6553878791202207,200,89,0.445,1.098901098901099,0.489010989010989,EARLY3
0.6559379188104113,197,88,0.4467005076142132,1.0824175824175823,0.4835164835164835,EARLY3
0.656612611987386,195,86,0.441025641025641,1.0714285714285714,0.4725274725274725,EARLY3
0.6576459575168905,192,83,0.4322916666666667,1.054945054945055,0.45604395604395603,EARLY3
0.6581739638415339,189,83,0.43915343915343913,1.0384615384615385,0.45604395604395603,EARLY3
0.6595903555590666,187,81,0.43315508021390375,1.0274725274725274,0.44505494505494503,EARLY3
0.6602610433260578,184,78,0.42391304347826086,1.010989010989011,0.42857142857142855,EARLY3
0.660631247813051,181,76,0.4198895027624309,0.9945054945054945,0.4175824175824176,EARLY3
0.6611592644879304,179,75,0.41899441340782123,0.9835164835164835,0.41208791208791207,EARLY3
0.6614926923270184,176,74,0.42045454545454547,0.967032967032967,0.4065934065934066,EARLY3
0.662332733567556,173,72,0.4161849710982659,0.9505494505494505,0.3956043956043956,EARLY3
0.6624284536337623,169,69,0.40828402366863903,0.9285714285714286,0.3791208791208791,EARLY3
0.6630527570657071,166,69,0.41566265060240964,0.9120879120879121,0.3791208791208791,EARLY3
0.6636662884755598,162,69,0.42592592592592593,0.8901098901098901,0.3791208791208791,EARLY3
0.6643365571147235,159,67,0.42138364779874216,0.8736263736263736,0.36813186813186816,EARLY3
0.6646260233103617,156,66,0.4230769230769231,0.8571428571428571,0.3626373626373626,EARLY3
0.6651116582220257,152,64,0.42105263157894735,0.8351648351648352,0.3516483516483517,EARLY3
0.6659187943008182,149,63,0.4228187919463087,0.8186813186813187,0.34615384615384615,EARLY3
0.6665738802437828,147,62,0.4217687074829932,0.8076923076923077,0.34065934065934067,EARLY3
0.6669917785752908,145,62,0.42758620689655175,0.7967032967032966,0.34065934065934067,EARLY3
0.6674795958278156,143,61,0.42657342657342656,0.7857142857142857,0.33516483516483514,EARLY3
0.6676635502336031,140,59,0.42142857142857143,0.7692307692307693,0.3241758241758242,EARLY3
0.6680457422516575,139,59,0.4244604316546763,0.7637362637362637,0.3241758241758242,EARLY3
0.6686740473766507,137,58,0.4233576642335766,0.7527472527472527,0.31868131868131866,EARLY3
0.669291186097656,136,58,0.4264705882352941,0.7472527472527473,0.31868131868131866,EARLY3
0.6704832104270594,132,56,0.42424242424242425,0.7252747252747253,0.3076923076923077,EARLY3
0.6730097224524514,129,56,0.43410852713178294,0.7087912087912088,0.3076923076923077,EARLY3
0.6734207656901281,126,53,0.42063492063492064,0.6923076923076923,0.29120879120879123,EARLY3
0.6740570633570353,123,51,0.4146341463414634,0.6758241758241759,0.2802197802197802,EARLY3
0.6742348923165389,120,50,0.4166666666666667,0.6593406593406593,0.27472527472527475,EARLY3
0.6755349252440727,116,49,0.4224137931034483,0.6373626373626373,0.2692307692307692,EARLY3
0.6761801052852111,114,49,0.4298245614035088,0.6263736263736264,0.2692307692307692,EARLY3
0.6768649349549871,110,48,0.43636363636363634,0.6043956043956044,0.26373626373626374,EARLY3
0.6775071976529241,107,46,0.42990654205607476,0.5879120879120879,0.25274725274725274,EARLY3
0.6782593285473878,104,45,0.4326923076923077,0.5714285714285714,0.24725274725274726,EARLY3
0.6790279986643968,100,43,0.43,0.5494505494505495,0.23626373626373626,EARLY3
0.679599818172359,97,42,0.4329896907216495,0.532967032967033,0.23076923076923078,EARLY3
0.6803527879823297,93,41,0.44086021505376344,0.510989010989011,0.22527472527472528,EARLY3
0.6817409600344564,90,40,0.4444444444444444,0.4945054945054945,0.21978021978021978,EARLY3
0.682118322221438,87,40,0.45977011494252873,0.47802197802197804,0.21978021978021978,EARLY3
0.6834740431092006,83,37,0.4457831325301205,0.45604395604395603,0.2032967032967033,EARLY3
0.6859959387381938,80,35,0.4375,0.43956043956043955,0.19230769230769232,EARLY3
0.6871024252140171,76,33,0.4342105263157895,0.4175824175824176,0.1813186813186813,EARLY3
0.6880152928373695,74,32,0.43243243243243246,0.4065934065934066,0.17582417582417584,EARLY3
0.6889255880278787,70,30,0.42857142857142855,0.38461538461538464,0.16483516483516483,EARLY3
0.690373306110651,67,28,0.417910447761194,0.36813186813186816,0.15384615384615385,EARLY3
0.6917231149788884,65,27,0.4153846153846154,0.35714285714285715,0.14835164835164835,EARLY3
0.6937605802880346,62,27,0.43548387096774194,0.34065934065934067,0.14835164835164835,EARLY3
0.6950804054130205,60,26,0.43333333333333335,0.32967032967032966,0.14285714285714285,EARLY3
0.6988202461452192,56,24,0.42857142857142855,0.3076923076923077,0.13186813186813187,EARLY3
0.6996669920179582,53,22,0.41509433962264153,0.29120879120879123,0.12087912087912088,EARLY3
0.7013786849611969,51,22,0.43137254901960786,0.2802197802197802,0.12087912087912088,EARLY3
0.7048314525214121,47,19,0.40425531914893614,0.25824175824175827,0.1043956043956044,EARLY3
0.7059924735596708,44,18,0.4090909090909091,0.24175824175824176,0.0989010989010989,EARLY3
0.7074100152343153,40,16,0.4,0.21978021978021978,0.08791208791208792,EARLY3
0.709291656038942,38,16,0.42105263157894735,0.2087912087912088,0.08791208791208792,EARLY3
0.7113842196589928,34,13,0.38235294117647056,0.18681318681318682,0.07142857142857142,EARLY3
0.715523261548291,31,13,0.41935483870967744,0.17032967032967034,0.07142857142857142,EARLY3
0.7173001915642683,28,11,0.39285714285714285,0.15384615384615385,0.06043956043956044,EARLY3
0.7196545418924654,24,10,0.4166666666666667,0.13186813186813187,0.054945054945054944,EARLY3
0.7229632688507897,21,8,0.38095238095238093,0.11538461538461539,0.04395604395604396,EARLY3
0.726580411148075,17,7,0.4117647058823529,0.09340659340659341,0.038461538461538464,EARLY3
0.2774245166778564,8418,2775,0.32965074839629366,46.252747252747255,15.247252747252746,W3
0.2787360545740295,8314,2737,0.32920375270627855,45.68131868131868,15.038461538461538,W3
0.2802853852611477,8204,2702,0.3293515358361775,45.07692307692308,14.846153846153847,W3
0.28186344724590484,8100,2671,0.3297530864197531,44.505494505494504,14.675824175824175,W3
0.28344754778732695,7999,2641,0.33016627078384797,43.95054945054945,14.510989010989011,W3
0.2848711962012919,7882,2602,0.3301192590713017,43.30769230769231,14.296703296703297,W3
0.28635124632867726,7775,2578,0.3315755627009646,42.71978021978022,14.164835164835164,W3
0.2879431114156362,7668,2537,0.3308555033907147,42.13186813186813,13.93956043956044,W3
0.2895634304264845,7571,2508,0.3312640338132347,41.5989010989011,13.780219780219781,W3
0.29100019176127545,7470,2478,0.3317269076305221,41.043956043956044,13.615384615384615,W3
0.2928361577502754,7359,2441,0.33170267699415684,40.434065934065934,13.412087912087912,W3
0.2943417242219892,7258,2413,0.3324607329842932,39.879120879120876,13.258241758241759,W3
0.2960985833911578,7161,2379,0.3322161709258483,39.34615384615385,13.071428571428571,W3
0.29771097455994555,7072,2352,0.332579185520362,38.857142857142854,12.923076923076923,W3
0.2996976079981194,6977,2320,0.33252114089150064,38.33516483516483,12.747252747252746,W3
0.3016761704420639,6872,2285,0.3325087310826543,37.75824175824176,12.554945054945055,W3
0.3036318777981439,6765,2244,0.33170731707317075,37.17032967032967,12.32967032967033,W3
0.3054138112876374,6660,2218,0.33303303303303305,36.59340659340659,12.186813186813186,W3
0.3071546195725265,6555,2171,0.33119755911517923,36.01648351648352,11.928571428571429,W3
0.3090983947454873,6452,2134,0.33075015499070054,35.45054945054945,11.725274725274724,W3
0.3111515153666669,6338,2092,0.3300725781003471,34.824175824175825,11.494505494505495,W3
0.31304351398500346,6237,2054,0.32932499599166265,34.26923076923077,11.285714285714286,W3
0.3151736744783692,6122,2021,0.33012087553087227,33.637362637362635,11.104395604395604,W3
0.31706215765516643,6012,1990,0.3310046573519627,33.032967032967036,10.934065934065934,W3
0.3193531614845084,5906,1955,0.3310193024043346,32.45054945054945,10.741758241758241,W3
0.32135428642822494,5801,1907,0.3287364247543527,31.873626373626372,10.478021978021978,W3
0.3233284878528723,5688,1869,0.32858649789029537,31.252747252747252,10.26923076923077,W3
0.3254734574132048,5568,1826,0.32794540229885055,30.593406593406595,10.032967032967033,W3
0.32756435188196475,5456,1797,0.3293621700879765,29.978021978021978,9.873626373626374,W3
0.3299192190776437,5339,1751,0.3279640382094025,29.335164835164836,9.62087912087912,W3
0.33216765280497274,5219,1710,0.32764897489940603,28.675824175824175,9.395604395604396,W3
0.33485394251548495,5095,1666,0.32698724239450444,27.994505494505493,9.153846153846153,W3
0.3376482341855259,4984,1635,0.3280497592295345,27.384615384615383,8.983516483516484,W3
0.3400933282860263,4867,1584,0.32545716046846107,26.74175824175824,8.703296703296703,W3
0.3423795766547575,4753,1556,0.32737218598779716,26.115384615384617,8.54945054945055,W3
0.34516373438350156,4626,1516,0.3277129269347168,25.417582417582416,8.32967032967033,W3
0.3476432284662279,4503,1482,0.3291139240506329,24.74175824175824,8.142857142857142,W3
0.3502542283171311,4381,1431,0.3266377539374572,24.071428571428573,7.862637362637362,W3
0.35255432213767124,4267,1394,0.32669322709163345,23.445054945054945,7.65934065934066,W3
0.35548443105261196,4147,1352,0.32601880877742945,22.785714285714285,7.428571428571429,W3
0.358350467015121,4023,1315,0.32687049465572954,22.104395604395606,7.225274725274725,W3
0.3612789767273399,3907,1279,0.3273611466598413,21.467032967032967,7.027472527472527,W3
0.36433705372325464,3784,1240,0.3276955602536998,20.791208791208792,6.813186813186813,W3
0.3675925328973996,3661,1213,0.3313302376399891,20.115384615384617,6.664835164835165,W3
0.37056997481039017,3530,1183,0.3351274787535411,19.395604395604394,6.5,W3
0.3739251249725535,3400,1146,0.33705882352941174,18.681318681318682,6.2967032967032965,W3
0.3769726632813273,3277,1109,0.3384192859322551,18.005494505494507,6.093406593406593,W3
0.3803358727592533,3149,1068,0.33915528739282313,17.302197802197803,5.868131868131868,W3
0.38408146504628426,3022,1027,0.3398411647915288,16.604395604395606,5.642857142857143,W3
0.3872707781145128,2902,990,0.34114403859407305,15.945054945054945,5.43956043956044,W3
0.3910550459360678,2780,946,0.3402877697841727,15.274725274725276,5.197802197802198,W3
0.394878885463133,2658,904,0.3401053423626787,14.604395604395604,4.967032967032967,W3
0.3989702839568507,2532,867,0.3424170616113744,13.912087912087912,4.763736263736264,W3
0.40348854673110834,2409,830,0.34454130344541306,13.236263736263735,4.56043956043956,W3
0.40826799766491845,2281,786,0.34458570802279703,12.532967032967033,4.318681318681318,W3
0.4130780775668263,2159,739,0.3422880963408986,11.862637362637363,4.06043956043956,W3
0.4177823383121188,2030,694,0.341871921182266,11.153846153846153,3.8131868131868134,W3
0.4228605655290295,1897,659,0.3473906167633105,10.423076923076923,3.620879120879121,W3
0.428984739901655,1771,617,0.34839073969508755,9.73076923076923,3.39010989010989,W3
0.4348791658878354,1640,569,0.3469512195121951,9.010989010989011,3.1263736263736264,W3
0.43539923547491344,1622,561,0.34586929716399506,8.912087912087912,3.0824175824175826,W3
0.4364860205740872,1606,554,0.3449564134495641,8.824175824175825,3.043956043956044,W3
0.43713433398174306,1590,544,0.3421383647798742,8.736263736263735,2.989010989010989,W3
0.43785419924953306,1576,540,0.3426395939086294,8.659340659340659,2.967032967032967,W3
0.4385238900969298,1559,534,0.3425272610647851,8.565934065934066,2.934065934065934,W3
0.43919176228136503,1547,529,0.34195216548157725,8.5,2.9065934065934065,W3
0.4399478165318692,1530,526,0.3437908496732026,8.406593406593407,2.89010989010989,W3
0.44085307764101445,1512,519,0.34325396825396826,8.307692307692308,2.8516483516483517,W3
0.4416985568306118,1497,510,0.3406813627254509,8.225274725274724,2.802197802197802,W3
0.44240010650852063,1482,507,0.34210526315789475,8.142857142857142,2.7857142857142856,W3
0.4430557088187977,1466,500,0.34106412005457026,8.054945054945055,2.7472527472527473,W3
0.443810583440563,1452,497,0.34228650137741046,7.978021978021978,2.730769230769231,W3
0.44444317824930796,1436,494,0.34401114206128136,7.8901098901098905,2.7142857142857144,W3
0.44529782156702863,1421,487,0.342716396903589,7.8076923076923075,2.6758241758241756,W3
0.4459712307060822,1405,478,0.3402135231316726,7.71978021978022,2.6263736263736264,W3
0.4465126319595537,1388,470,0.33861671469740634,7.626373626373627,2.5824175824175826,W3
0.4472536263888416,1373,462,0.33648943918426805,7.543956043956044,2.5384615384615383,W3
0.4481392101245592,1356,455,0.3355457227138643,7.450549450549451,2.5,W3
0.44918549843377686,1339,451,0.3368185212845407,7.357142857142857,2.478021978021978,W3
0.4498074106475969,1327,449,0.3383571966842502,7.291208791208791,2.467032967032967,W3
0.4509454718088785,1313,448,0.3412033511043412,7.214285714285714,2.4615384615384617,W3
0.4519220416817506,1296,444,0.3425925925925926,7.1208791208791204,2.4395604395604398,W3
0.4529670236080519,1280,439,0.34296875,7.032967032967033,2.412087912087912,W3
0.4542233074707334,1264,436,0.3449367088607595,6.945054945054945,2.3956043956043955,W3
0.45532061932962153,1248,428,0.34294871794871795,6.857142857142857,2.3516483516483517,W3
0.4563748469986497,1232,421,0.3417207792207792,6.769230769230769,2.3131868131868134,W3
0.4571896462561207,1214,416,0.342668863261944,6.670329670329671,2.2857142857142856,W3
0.45821628514120843,1197,415,0.3467000835421888,6.576923076923077,2.28021978021978,W3
0.45947239323809175,1184,412,0.34797297297297297,6.5054945054945055,2.2637362637362637,W3
0.4608674637878994,1167,407,0.34875749785775495,6.412087912087912,2.2362637362637363,W3
0.4617126497377307,1151,400,0.3475238922675934,6.324175824175824,2.197802197802198,W3
0.4624534662705436,1136,394,0.34683098591549294,6.241758241758242,2.1648351648351647,W3
0.4634401619766332,1118,390,0.3488372093023256,6.142857142857143,2.142857142857143,W3
0.46420769341686113,1100,385,0.35,6.043956043956044,2.1153846153846154,W3
0.4650626842281486,1084,381,0.3514760147601476,5.956043956043956,2.0934065934065935,W3
0.4661309413185596,1066,377,0.35365853658536583,5.857142857142857,2.0714285714285716,W3
0.4673247139484056,1048,374,0.3568702290076336,5.758241758241758,2.0549450549450547,W3
0.4681419468016552,1030,370,0.3592233009708738,5.65934065934066,2.032967032967033,W3
0.46887674352790726,1013,364,0.35932872655478776,5.565934065934066,2.0,W3
0.46972022712985234,997,357,0.35807422266800404,5.478021978021978,1.9615384615384615,W3
0.4706804931616497,981,353,0.3598369011213048,5.3901098901098905,1.9395604395604396,W3
0.471616611821742,963,344,0.3572170301142264,5.291208791208791,1.89010989010989,W3
0.4723910772528829,948,339,0.3575949367088608,5.208791208791209,1.8626373626373627,W3
0.47360861731179016,930,330,0.3548387096774194,5.1098901098901095,1.8131868131868132,W3
0.47463211974011116,914,327,0.35776805251641136,5.021978021978022,1.7967032967032968,W3
0.4758740577577085,897,322,0.358974358974359,4.928571428571429,1.7692307692307692,W3
0.477048296656791,880,314,0.3568181818181818,4.835164835164835,1.7252747252747254,W3
0.4781549324506486,862,307,0.3561484918793503,4.736263736263736,1.6868131868131868,W3
0.4791336011071751,846,302,0.35697399527186763,4.648351648351649,1.6593406593406594,W3
0.4804591984386694,829,297,0.35826296743063935,4.554945054945055,1.6318681318681318,W3
0.4814156353775458,812,288,0.35467980295566504,4.461538461538462,1.5824175824175823,W3
0.48275732961485585,794,280,0.3526448362720403,4.362637362637362,1.5384615384615385,W3
0.48383465767510253,777,277,0.3564993564993565,4.269230769230769,1.521978021978022,W3
0.4848557593369769,760,271,0.35657894736842105,4.175824175824176,1.489010989010989,W3
0.48620385278629175,744,262,0.3521505376344086,4.087912087912088,1.4395604395604396,W3
0.48730057297175744,728,257,0.35302197802197804,4.0,1.4120879120879122,W3
0.4890146914101857,713,248,0.34782608695652173,3.9175824175824174,1.3626373626373627,W3
0.4906147753377512,696,243,0.34913793103448276,3.8241758241758244,1.335164835164835,W3
0.49229777830763677,680,237,0.34852941176470587,3.7362637362637363,1.3021978021978022,W3
0.49425849599174126,664,228,0.3433734939759036,3.6483516483516483,1.2527472527472527,W3
0.49570330166816584,648,223,0.3441358024691358,3.5604395604395602,1.2252747252747254,W3
0.4973333303445502,632,217,0.34335443037974683,3.4725274725274726,1.1923076923076923,W3
0.49895657374285424,613,211,0.3442088091353997,3.368131868131868,1.1593406593406594,W3
0.5004556604337065,598,204,0.3411371237458194,3.2857142857142856,1.120879120879121,W3
0.5017101826547057,581,197,0.33907056798623064,3.1923076923076925,1.0824175824175823,W3
0.5039650977110567,563,191,0.3392539964476021,3.0934065934065935,1.0494505494505495,W3
0.5057115085879453,547,187,0.34186471663619744,3.0054945054945055,1.0274725274725274,W3
0.5085193096595433,529,179,0.3383742911153119,2.9065934065934065,0.9835164835164835,W3
0.5109170277209243,512,175,0.341796875,2.8131868131868134,0.9615384615384616,W3
0.512780281652379,497,171,0.3440643863179074,2.730769230769231,0.9395604395604396,W3
0.5159677893602398,481,167,0.3471933471933472,2.642857142857143,0.9175824175824175,W3
0.5179155403149286,463,162,0.34989200863930886,2.543956043956044,0.8901098901098901,W3
0.520612530394447,446,156,0.34977578475336324,2.4505494505494507,0.8571428571428571,W3
0.522140633661537,428,147,0.34345794392523366,2.3516483516483517,0.8076923076923077,W3
0.5240993280953997,412,137,0.3325242718446602,2.2637362637362637,0.7527472527472527,W3
0.5272539877831178,395,131,0.33164556962025316,2.17032967032967,0.7197802197802198,W3
0.5288815686551811,378,124,0.328042328042328,2.076923076923077,0.6813186813186813,W3
0.5308013605709305,360,120,0.3333333333333333,1.978021978021978,0.6593406593406593,W3
0.5331008858680776,343,114,0.3323615160349854,1.8846153846153846,0.6263736263736264,W3
0.5336426534997081,339,113,0.3333333333333333,1.8626373626373627,0.6208791208791209,W3
0.5341850079069299,336,111,0.33035714285714285,1.8461538461538463,0.6098901098901099,W3
0.534299647582661,333,109,0.32732732732732733,1.8296703296703296,0.5989010989010989,W3
0.5345935784368793,329,108,0.3282674772036474,1.8076923076923077,0.5934065934065934,W3
0.5358318848910939,326,106,0.32515337423312884,1.7912087912087913,0.5824175824175825,W3
0.5365383773211294,322,106,0.32919254658385094,1.7692307692307692,0.5824175824175825,W3
0.5372438271515307,319,105,0.329153605015674,1.7527472527472527,0.5769230769230769,W3
0.5377336940697953,316,103,0.3259493670886076,1.7362637362637363,0.5659340659340659,W3
0.5379689845128487,313,102,0.3258785942492013,1.7197802197802199,0.5604395604395604,W3
0.5384603560717471,311,102,0.3279742765273312,1.7087912087912087,0.5604395604395604,W3
0.5391587592177924,307,102,0.3322475570032573,1.6868131868131868,0.5604395604395604,W3
0.5394060115669699,304,102,0.3355263157894737,1.6703296703296704,0.5604395604395604,W3
0.5406578609124514,300,101,0.33666666666666667,1.6483516483516483,0.554945054945055,W3
0.5413489241306206,297,100,0.3367003367003367,1.6318681318681318,0.5494505494505495,W3
0.5416712442636489,294,100,0.3401360544217687,1.6153846153846154,0.5494505494505495,W3
0.5421642021285165,290,99,0.3413793103448276,1.5934065934065933,0.5439560439560439,W3
0.5425955761933573,287,98,0.34146341463414637,1.5769230769230769,0.5384615384615384,W3
0.5434206656932841,284,95,0.3345070422535211,1.5604395604395604,0.521978021978022,W3
0.5436739880807473,281,92,0.3274021352313167,1.543956043956044,0.5054945054945055,W3
0.5439978079362359,277,89,0.3212996389891697,1.521978021978022,0.489010989010989,W3
0.5446316600279246,274,87,0.3175182481751825,1.5054945054945055,0.47802197802197804,W3
0.5452765424251577,271,85,0.31365313653136534,1.489010989010989,0.46703296703296704,W3
0.5458005111157265,267,85,0.31835205992509363,1.467032967032967,0.46703296703296704,W3
0.5460220176003194,264,84,0.3181818181818182,1.4505494505494505,0.46153846153846156,W3
0.5465308179602477,260,82,0.3153846153846154,1.4285714285714286,0.45054945054945056,W3
0.5467475692093975,257,82,0.31906614785992216,1.4120879120879122,0.45054945054945056,W3
0.5469001863848145,253,82,0.3241106719367589,1.39010989010989,0.45054945054945056,W3
0.5483564605231239,251,81,0.32270916334661354,1.379120879120879,0.44505494505494503,W3
0.5486627553412395,248,81,0.32661290322580644,1.3626373626373627,0.44505494505494503,W3
0.5492577531771284,244,81,0.3319672131147541,1.3406593406593406,0.44505494505494503,W3
0.550095021571064,241,80,0.33195020746887965,1.3241758241758241,0.43956043956043955,W3
0.5507598157121635,237,79,0.3333333333333333,1.3021978021978022,0.4340659340659341,W3
0.5514973130861913,234,78,0.3333333333333333,1.2857142857142858,0.42857142857142855,W3
0.551939335966606,232,77,0.33189655172413796,1.2747252747252746,0.4230769230769231,W3
0.5534105813069764,228,77,0.33771929824561403,1.2527472527472527,0.4230769230769231,W3
0.5539826481038873,225,75,0.3333333333333333,1.2362637362637363,0.41208791208791207,W3
0.554714923311004,221,74,0.334841628959276,1.2142857142857142,0.4065934065934066,W3
0.5553834397325642,218,71,0.3256880733944954,1.1978021978021978,0.3901098901098901,W3
0.5556649377996281,214,70,0.32710280373831774,1.1758241758241759,0.38461538461538464,W3
0.555930416839298,211,70,0.33175355450236965,1.1593406593406594,0.38461538461538464,W3
0.5564594259500417,208,69,0.3317307692307692,1.1428571428571428,0.3791208791208791,W3
0.5570056643616076,205,67,0.32682926829268294,1.1263736263736264,0.36813186813186816,W3
0.5578657435831276,203,67,0.33004926108374383,1.1153846153846154,0.36813186813186816,W3
0.5584349305894606,199,66,0.3316582914572864,1.0934065934065933,0.3626373626373626,W3
0.559449045495553,196,64,0.32653061224489793,1.0769230769230769,0.3516483516483517,W3
0.5597445577134985,193,62,0.32124352331606215,1.0604395604395604,0.34065934065934067,W3
0.5605273470469203,189,61,0.32275132275132273,1.0384615384615385,0.33516483516483514,W3
0.5614157331726825,186,61,0.3279569892473118,1.021978021978022,0.33516483516483514,W3
0.5620267555785952,182,60,0.32967032967032966,1.0,0.32967032967032966,W3
0.5631433322646474,179,59,0.329608938547486,0.9835164835164835,0.3241758241758242,W3
0.5638065365914203,175,59,0.33714285714285713,0.9615384615384616,0.3241758241758242,W3
0.5642941794549532,173,59,0.34104046242774566,0.9505494505494505,0.3241758241758242,W3
0.5647685246084657,170,57,0.3352941176470588,0.9340659340659341,0.3131868131868132,W3
0.5652048615542382,166,56,0.3373493975903614,0.9120879120879121,0.3076923076923077,W3
0.5663248411019615,163,55,0.3374233128834356,0.8956043956043956,0.3021978021978022,W3
0.5670160810200847,159,53,0.3333333333333333,0.8736263736263736,0.29120879120879123,W3
0.5680163849780054,156,52,0.3333333333333333,0.8571428571428571,0.2857142857142857,W3
0.5690357501993283,152,49,0.3223684210526316,0.8351648351648352,0.2692307692307692,W3
0.569343129850399,149,48,0.3221476510067114,0.8186813186813187,0.26373626373626374,W3
0.5704757110855827,146,46,0.3150684931506849,0.8021978021978022,0.25274725274725274,W3
0.5710950787344313,142,44,0.30985915492957744,0.7802197802197802,0.24175824175824176,W3
0.5714553073960124,139,42,0.302158273381295,0.7637362637362637,0.23076923076923078,W3
0.5721730570879843,135,40,0.2962962962962963,0.7417582417582418,0.21978021978021978,W3
0.5732955058425356,132,37,0.2803030303030303,0.7252747252747253,0.2032967032967033,W3
0.5744149394553052,129,37,0.2868217054263566,0.7087912087912088,0.2032967032967033,W3
0.5757261119206732,125,37,0.296,0.6868131868131868,0.2032967032967033,W3
0.5763790775710886,122,36,0.29508196721311475,0.6703296703296703,0.1978021978021978,W3
0.5776821315813548,119,36,0.3025210084033613,0.6538461538461539,0.1978021978021978,W3
0.5783278763619428,116,36,0.3103448275862069,0.6373626373626373,0.1978021978021978,W3
0.5795467632467097,112,35,0.3125,0.6153846153846154,0.19230769230769232,W3
0.5804219255250036,110,34,0.3090909090909091,0.6043956043956044,0.18681318681318682,W3
0.5816966837449412,107,33,0.308411214953271,0.5879120879120879,0.1813186813186813,W3
0.5835347919972043,104,33,0.3173076923076923,0.5714285714285714,0.1813186813186813,W3
0.5863837055250549,101,32,0.31683168316831684,0.554945054945055,0.17582417582417584,W3
0.5878236919749792,98,31,0.3163265306122449,0.5384615384615384,0.17032967032967034,W3
0.5886072293743939,96,31,0.3229166666666667,0.5274725274725275,0.17032967032967034,W3
0.5901674654881155,93,29,0.3118279569892473,0.510989010989011,0.15934065934065933,W3
0.591504603695149,89,28,0.3146067415730337,0.489010989010989,0.15384615384615385,W3
0.5944586718373979,87,27,0.3103448275862069,0.47802197802197804,0.14835164835164835,W3
0.5961819994859059,83,26,0.3132530120481928,0.45604395604395603,0.14285714285714285,W3
0.5966896859775837,80,25,0.3125,0.43956043956043955,0.13736263736263737,W3
0.5987662323797632,76,24,0.3157894736842105,0.4175824175824176,0.13186813186813187,W3
0.6006068983766685,73,24,0.3287671232876712,0.4010989010989011,0.13186813186813187,W3
0.6040076512567275,70,23,0.32857142857142857,0.38461538461538464,0.12637362637362637,W3
0.6056710766288816,66,22,0.3333333333333333,0.3626373626373626,0.12087912087912088,W3
0.6076283784779573,63,20,0.31746031746031744,0.34615384615384615,0.10989010989010989,W3
0.6097242417956834,59,17,0.288135593220339,0.3241758241758242,0.09340659340659341,W3
0.6107688647058276,56,17,0.30357142857142855,0.3076923076923077,0.09340659340659341,W3
0.6128958586627885,53,16,0.3018867924528302,0.29120879120879123,0.08791208791208792,W3
0.6137567749890462,49,15,0.30612244897959184,0.2692307692307692,0.08241758241758242,W3
0.6172209122229722,46,14,0.30434782608695654,0.25274725274725274,0.07692307692307693,W3
0.6221677623613453,42,13,0.30952380952380953,0.23076923076923078,0.07142857142857142,W3
0.6244805994047897,39,12,0.3076923076923077,0.21428571428571427,0.06593406593406594,W3
0.631452404814678,35,9,0.2571428571428571,0.19230769230769232,0.04945054945054945,W3
0.6356387986679173,32,6,0.1875,0.17582417582417584,0.03296703296703297,W3
0.6401470889062546,29,6,0.20689655172413793,0.15934065934065933,0.03296703296703297,W3
0.6443426340832832,25,5,0.2,0.13736263736263737,0.027472527472527472,W3
0.6509476266918786,22,3,0.13636363636363635,0.12087912087912088,0.016483516483516484,W3
0.6566927386522388,18,2,0.1111111111111111,0.0989010989010989,0.01098901098901099,W3
