feature,type
rsi6,STATE
rsi14,STATE
bb_z,STATE
stoch_k,STATE
cci20,STATE
macd_hist_pct,STATE
close_vs_ema6,STATE
close_vs_ema12,STATE
close_vs_ema24,STATE
close_vs_vwap24,STATE
atr14_pct,STATE
log_ret,STATE
ema_gap_6_24__d1,TRAJECTORY
close_vs_vwap24__d3,TRAJECTORY
atr24_pct__d3,TRAJECTORY
body_pct__w24__pos,TRAJECTORY
close_vs_ema6__w24__pos,TRAJECTORY
abs_body_pct__w24__pos,TRAJECTORY
macd_fast_hist_pct__d1,TRAJECTORY
adx14__w72__late_vs_prev,TRAJECTORY
rebound_low72__w240__z,TRAJECTORY
dist_high24__d3,TRAJECTORY
ema24_slope_6h__d1,TRAJECTORY
trades_rel240__d3,TRAJECTORY
ema6_slope_3h__d1,TRAJECTORY
mfi14__w24__diff_std,TRAJECTORY
