target,stop,trades,mean_return,median_return,geomean_return,positive_rate,target_rate,stop_rate,resolved_24h,resolved_48h,resolved_72h,resolved_168h,median_hours,p90_hours,worst_return,selected_2024
0.05,0.025,45,0.013700899374516205,0.05,0.013017427310938912,0.5111111111111111,0.5111111111111111,0.4666666666666667,0.4222222222222222,0.6666666666666666,0.8,0.9777777777777777,34.0,97.2,-0.025,True
0.05,0.03,45,0.013145343818960651,0.05,0.012371102946748813,0.5333333333333333,0.5333333333333333,0.4444444444444444,0.4,0.6222222222222222,0.7555555555555555,0.9777777777777777,36.0,99.2,-0.03,False
0.05,0.02,45,0.012666666666666668,-0.02,0.012066182083888544,0.4666666666666667,0.4666666666666667,0.5333333333333333,0.5333333333333333,0.7555555555555555,0.8666666666666667,1.0,21.0,91.2,-0.02,False
0.04,0.025,45,0.01147867715229398,0.04,0.01097049411166573,0.5555555555555556,0.5555555555555556,0.4222222222222222,0.5111111111111111,0.7555555555555555,0.8888888888888888,0.9777777777777777,21.0,81.20000000000002,-0.025,False
0.03,0.025,45,0.010812010485627317,0.03,0.010475434559211072,0.6444444444444445,0.6444444444444445,0.3333333333333333,0.7333333333333333,0.8888888888888888,0.9555555555555556,0.9777777777777777,10.0,48.800000000000004,-0.025,False
0.04,0.03,45,0.010923121596738423,0.04,0.010341491715399442,0.5777777777777777,0.5777777777777777,0.4,0.4888888888888889,0.7111111111111111,0.8444444444444444,0.9777777777777777,25.0,92.20000000000002,-0.03,False
0.03,0.03,45,0.010478677152293983,0.03,0.010091459888259546,0.6666666666666666,0.6666666666666666,0.3111111111111111,0.7111111111111111,0.8444444444444444,0.9111111111111111,0.9777777777777777,12.0,56.20000000000001,-0.03,False
0.025,0.025,45,0.009444444444444448,0.025,0.009175655658215875,0.6888888888888889,0.6888888888888889,0.3111111111111111,0.7777777777777778,0.9111111111111111,1.0,1.0,8.0,45.00000000000001,-0.025,False
0.04,0.02,45,0.009333333333333332,-0.02,0.008888008546393156,0.4888888888888889,0.4888888888888889,0.5111111111111111,0.6,0.8222222222222222,0.9111111111111111,1.0,16.0,65.6,-0.02,False
0.025,0.03,45,0.009111111111111115,0.025,0.008798344459788332,0.7111111111111111,0.7111111111111111,0.28888888888888886,0.7555555555555555,0.8666666666666667,0.9555555555555556,1.0,10.0,48.0,-0.03,False
0.05,0.015,45,0.00811111111111111,-0.015,0.007636726186528442,0.35555555555555557,0.35555555555555557,0.6444444444444445,0.6888888888888889,0.8222222222222222,0.8888888888888888,1.0,12.0,80.80000000000004,-0.015,False
0.05,0.0075,45,0.007833333333333333,-0.0075,0.007518101812250766,0.26666666666666666,0.26666666666666666,0.7333333333333333,0.8666666666666667,0.8888888888888888,0.9111111111111111,1.0,1.0,52.60000000000005,-0.0075,False
0.03,0.02,45,0.0077777777777777776,0.03,0.007470340575714607,0.5555555555555556,0.5555555555555556,0.4444444444444444,0.8222222222222222,0.9333333333333333,0.9777777777777777,1.0,8.0,36.000000000000014,-0.02,False
0.05,0.01,45,0.007333333333333334,-0.01,0.006972224386016634,0.28888888888888886,0.28888888888888886,0.7111111111111111,0.8,0.8666666666666667,0.9111111111111111,1.0,3.0,63.80000000000001,-0.01,False
0.02,0.025,45,0.005999999999999999,0.02,0.005781809050993569,0.6888888888888889,0.6888888888888889,0.3111111111111111,0.7777777777777778,0.9333333333333333,1.0,1.0,5.0,42.0,-0.025,False
0.025,0.02,45,0.006,0.025,0.005753297863401841,0.5777777777777777,0.5777777777777777,0.4222222222222222,0.8222222222222222,0.9555555555555556,1.0,1.0,7.0,29.200000000000003,-0.02,False
0.04,0.015,45,0.005777777777777777,-0.015,0.005427347530965632,0.37777777777777777,0.37777777777777777,0.6222222222222222,0.7555555555555555,0.8666666666666667,0.9333333333333333,1.0,8.0,57.40000000000002,-0.015,False
0.02,0.03,45,0.005555555555555556,0.02,0.005296518917098592,0.7111111111111111,0.7111111111111111,0.28888888888888886,0.7777777777777778,0.8888888888888888,0.9555555555555556,1.0,5.0,45.60000000000001,-0.03,False
0.04,0.0075,45,0.005166666666666667,-0.0075,0.004950340781286755,0.26666666666666666,0.26666666666666666,0.7333333333333333,0.9111111111111111,0.9111111111111111,0.9555555555555556,1.0,1.0,19.6,-0.0075,False
0.03,0.01,45,0.00511111111111111,-0.01,0.004925205462056104,0.37777777777777777,0.37777777777777777,0.6222222222222222,0.9555555555555556,0.9777777777777777,1.0,1.0,1.0,16.0,-0.01,False
0.03,0.015,45,0.005,-0.015,0.004752035267354016,0.4444444444444444,0.4444444444444444,0.5555555555555556,0.9111111111111111,0.9777777777777777,1.0,1.0,4.0,22.6,-0.015,False
0.04,0.01,45,0.0044444444444444444,-0.01,0.0041922858957652576,0.28888888888888886,0.28888888888888886,0.7111111111111111,0.8666666666666667,0.8888888888888888,0.9555555555555556,1.0,2.0,42.60000000000002,-0.01,False
0.03,0.0075,45,0.004166666666666666,-0.0075,0.004017983255913293,0.3111111111111111,0.3111111111111111,0.6888888888888889,0.9777777777777777,0.9777777777777777,1.0,1.0,1.0,12.600000000000001,-0.0075,False
0.025,0.015,45,0.003666666666666667,-0.015,0.0034686141443158736,0.4666666666666667,0.4666666666666667,0.5333333333333333,0.9111111111111111,0.9777777777777777,1.0,1.0,4.0,22.6,-0.015,False
0.015,0.025,45,0.003444444444444444,0.015,0.003278787859901211,0.7111111111111111,0.7111111111111111,0.28888888888888886,0.8444444444444444,0.9555555555555556,1.0,1.0,5.0,33.20000000000001,-0.025,False
0.025,0.01,45,0.0032222222222222227,-0.01,0.003079509981641859,0.37777777777777777,0.37777777777777777,0.6222222222222222,0.9555555555555556,0.9777777777777777,1.0,1.0,1.0,15.0,-0.01,False
0.02,0.02,45,0.0031111111111111114,0.02,0.0029157285065666283,0.5777777777777777,0.5777777777777777,0.4222222222222222,0.8222222222222222,0.9555555555555556,1.0,1.0,4.0,29.200000000000003,-0.02,False
0.025,0.0075,45,0.002611111111111111,-0.0075,0.0024991246682699586,0.3111111111111111,0.3111111111111111,0.6888888888888889,0.9777777777777777,0.9777777777777777,1.0,1.0,1.0,9.600000000000001,-0.0075,False
0.015,0.03,45,0.002,0.015,0.0017897308264998024,0.7111111111111111,0.7111111111111111,0.28888888888888886,0.8444444444444444,0.9111111111111111,0.9555555555555556,1.0,5.0,33.20000000000001,-0.03,False
0.02,0.01,45,0.001333333333333333,-0.01,0.0012282038506090664,0.37777777777777777,0.37777777777777777,0.6222222222222222,0.9555555555555556,0.9777777777777777,1.0,1.0,1.0,13.0,-0.01,False
0.02,0.015,45,0.001333333333333334,-0.015,0.001181316444770264,0.4666666666666667,0.4666666666666667,0.5333333333333333,0.9111111111111111,0.9777777777777777,1.0,1.0,3.0,22.200000000000003,-0.015,False
0.02,0.0075,45,0.0010555555555555559,-0.0075,0.0009751534444020216,0.3111111111111111,0.3111111111111111,0.6888888888888889,0.9777777777777777,0.9777777777777777,1.0,1.0,1.0,8.200000000000003,-0.0075,False
0.015,0.02,45,0.0009999999999999996,0.015,0.0008524476964302252,0.6,0.6,0.4,0.8888888888888888,0.9777777777777777,1.0,1.0,4.0,24.800000000000004,-0.02,False
0.015,0.0075,45,0.0,-0.0075,-5.59718827931599e-05,0.3333333333333333,0.3333333333333333,0.6666666666666666,1.0,1.0,1.0,1.0,0.0,6.600000000000001,-0.0075,False
0.015,0.01,45,-7.324388009679852e-19,-0.01,-7.475372040199879e-05,0.4,0.4,0.6,0.9777777777777777,1.0,1.0,1.0,1.0,9.600000000000001,-0.01,False
0.015,0.015,45,-0.0003333333333333333,-0.015,-0.0004457716091572639,0.4888888888888889,0.4888888888888889,0.5111111111111111,0.9333333333333333,1.0,1.0,1.0,3.0,15.800000000000004,-0.015,False
