symbol,expected_archive_months,loaded_archive_months,missing_archive_months,rows,first_time,last_time,segments,usable_segments,currently_listed_spot_usdt
0GUSDT,13,13,,8966,2025-09-22 10:00:00+00:00,2026-09-30 23:00:00+00:00,1,1,True
AAOIBUSDT,3,3,,1859,2026-07-15 13:00:00+00:00,2026-09-30 23:00:00+00:00,1,0,True
ACXUSDT,21,21,,14846,2024-12-06 13:00:00+00:00,2026-08-17 02:00:00+00:00,1,1,False
AGLDUSDT,60,60,,43720,2021-10-05 07:00:00+00:00,2026-09-30 23:00:00+00:00,2,2,True
ALCXUSDT,57,57,,40388,2021-11-30 06:00:00+00:00,2026-07-10 02:00:00+00:00,2,2,False
AMATBUSDT,3,3,,1524,2026-07-29 12:00:00+00:00,2026-09-30 23:00:00+00:00,1,0,True
ANKRUSDT,87,87,,62991,2019-07-23 14:00:00+00:00,2026-09-30 23:00:00+00:00,19,3,True
ARKMUSDT,39,39,,28092,2023-07-18 12:00:00+00:00,2026-09-30 23:00:00+00:00,1,1,True
ASTRUSDT,56,56,,40212,2022-02-28 11:00:00+00:00,2026-09-30 23:00:00+00:00,2,2,True
AUDIOUSDT,72,72,,52018,2020-10-23 19:00:00+00:00,2026-09-30 23:00:00+00:00,11,2,True
AXSUSDT,71,71,,51736,2020-11-04 13:00:00+00:00,2026-09-30 23:00:00+00:00,11,2,True
BANANAUSDT,27,27,,19263,2024-07-20 09:00:00+00:00,2026-09-30 23:00:00+00:00,1,1,True
BCHABCUSDT,13,13,,9014,2018-11-16 08:00:00+00:00,2019-11-28 01:00:00+00:00,6,0,False
BETAUSDT,43,43,,30854,2021-10-08 12:00:00+00:00,2025-04-16 02:00:00+00:00,2,2,False
BLURUSDT,35,35,,24999,2023-11-24 09:00:00+00:00,2026-09-30 23:00:00+00:00,1,1,True
BNXUSDT,41,41,,29362,2021-11-04 11:00:00+00:00,2025-03-18 02:00:00+00:00,3,2,False
BTCUSDT,110,110,,79837,2017-08-17 04:00:00+00:00,2026-09-30 23:00:00+00:00,29,4,True
CAKEUSDT,68,68,,49181,2021-02-19 06:00:00+00:00,2026-09-30 23:00:00+00:00,7,2,True
CGPTUSDT,21,21,,15083,2025-01-10 13:00:00+00:00,2026-09-30 23:00:00+00:00,1,1,True
COCOSUSDT,46,46,,32914,2019-08-21 11:00:00+00:00,2023-05-29 07:00:00+00:00,19,2,False
CRCLBUSDT,4,4,,2670,2026-06-11 18:00:00+00:00,2026-09-30 23:00:00+00:00,1,0,True
CTSIUSDT,78,78,,56422,2020-04-23 02:00:00+00:00,2026-09-30 23:00:00+00:00,13,3,True
DARUSDT,39,39,,27810,2021-11-04 08:00:00+00:00,2025-01-06 02:00:00+00:00,2,2,False
DFUSDT,54,54,,38462,2021-09-24 10:00:00+00:00,2026-02-13 02:00:00+00:00,3,2,False
DOGSUSDT,26,26,,18372,2024-08-26 12:00:00+00:00,2026-09-30 23:00:00+00:00,1,1,True
DYMUSDT,32,32,,23215,2024-02-06 17:00:00+00:00,2026-09-30 23:00:00+00:00,1,1,True
ENSOUSDT,12,12,,8439,2025-10-14 09:00:00+00:00,2026-09-30 23:00:00+00:00,1,1,True
ERNUSDT,46,46,,32558,2021-06-22 06:00:00+00:00,2025-03-10 02:00:00+00:00,4,2,False
FETUSDT,92,92,,66459,2019-02-28 10:00:00+00:00,2026-09-30 23:00:00+00:00,21,3,True
FLNCBUSDT,3,3,,1524,2026-07-29 12:00:00+00:00,2026-09-30 23:00:00+00:00,1,0,True
FRAXUSDT,9,9,,6208,2026-01-15 08:00:00+00:00,2026-09-30 23:00:00+00:00,1,1,True
GALAUSDT,61,61,,44247,2021-09-13 06:00:00+00:00,2026-09-30 23:00:00+00:00,3,2,True
GLMUSDT,43,43,,31047,2023-03-17 08:00:00+00:00,2026-09-30 23:00:00+00:00,2,1,True
GPSUSDT,19,19,,13811,2025-03-04 13:00:00+00:00,2026-09-30 23:00:00+00:00,1,1,True
GXSUSDT,24,24,,17057,2020-05-13 14:00:00+00:00,2022-04-25 03:00:00+00:00,11,2,False
HIFIUSDT,33,33,,23490,2023-01-12 08:00:00+00:00,2025-09-17 02:00:00+00:00,2,1,False
HOODBUSDT,3,3,,1859,2026-07-15 13:00:00+00:00,2026-09-30 23:00:00+00:00,1,0,True
ICPUSDT,65,65,,47248,2021-05-11 01:00:00+00:00,2026-09-30 23:00:00+00:00,4,2,True
INTWBUSDT,3,3,,1691,2026-07-22 13:00:00+00:00,2026-09-30 23:00:00+00:00,1,0,True
JASMYUSDT,59,59,,42563,2021-11-22 12:00:00+00:00,2026-09-30 23:00:00+00:00,2,2,True
KAVAUSDT,84,84,,60755,2019-10-25 02:00:00+00:00,2026-09-30 23:00:00+00:00,18,3,True
KMDUSDT,60,60,,42890,2020-08-11 06:00:00+00:00,2025-07-04 02:00:00+00:00,11,2,False
LAZIOUSDT,60,60,,43331,2021-10-21 12:00:00+00:00,2026-09-30 23:00:00+00:00,2,2,True
LITEBUSDT,4,4,,2219,2026-06-30 13:00:00+00:00,2026-09-30 23:00:00+00:00,1,0,True
LTCUSDT,106,106,,77013,2017-12-13 03:00:00+00:00,2026-09-30 23:00:00+00:00,28,4,True
MANTRAUSDT,7,7,,5056,2026-03-04 08:00:00+00:00,2026-09-30 23:00:00+00:00,1,1,True
MCUSDT,24,24,,16914,2021-12-02 08:00:00+00:00,2023-11-07 02:00:00+00:00,2,2,False
MEUSDT,22,22,,15825,2024-12-10 15:00:00+00:00,2026-09-30 23:00:00+00:00,1,1,True
MLNUSDT,59,59,,42878,2021-07-05 06:00:00+00:00,2026-05-27 02:00:00+00:00,4,2,False
MTLUSDT,86,86,,62259,2019-08-23 10:00:00+00:00,2026-09-30 23:00:00+00:00,18,3,True
NBTUSDT,12,12,,8069,2022-03-11 06:00:00+00:00,2023-02-28 23:00:00+00:00,2,2,False
NFPUSDT,32,32,,22217,2023-12-27 10:00:00+00:00,2026-07-10 02:00:00+00:00,1,1,False
NPXSUSDT,21,21,,14387,2019-08-13 11:00:00+00:00,2021-04-05 04:00:00+00:00,14,1,False
OGUSDT,70,70,,50404,2020-12-30 06:00:00+00:00,2026-09-30 23:00:00+00:00,8,2,True
OOKIUSDT,36,36,,25150,2021-12-24 04:00:00+00:00,2024-11-06 02:00:00+00:00,2,2,False
ORNUSDT,50,50,,35402,2020-09-30 06:00:00+00:00,2024-10-15 02:00:00+00:00,11,2,False
PENDLEUSDT,39,39,,28454,2023-07-03 10:00:00+00:00,2026-09-30 23:00:00+00:00,1,1,True
PIVXUSDT,34,34,,24115,2023-11-16 08:00:00+00:00,2026-08-17 02:00:00+00:00,1,1,False
POLUSDT,25,25,,17942,2024-09-13 10:00:00+00:00,2026-09-30 23:00:00+00:00,1,1,True
PROSUSDT,28,28,,19434,2023-01-27 08:00:00+00:00,2025-04-16 02:00:00+00:00,2,1,False
QCOMBUSDT,3,3,,2051,2026-07-07 13:00:00+00:00,2026-09-30 23:00:00+00:00,1,0,True
RAMPUSDT,17,17,,11240,2021-03-22 09:00:00+00:00,2022-07-04 03:00:00+00:00,5,1,False
RENDERUSDT,27,27,,19120,2024-07-26 08:00:00+00:00,2026-09-30 23:00:00+00:00,1,1,True
RKLBBUSDT,3,3,,1859,2026-07-15 13:00:00+00:00,2026-09-30 23:00:00+00:00,1,0,True
RSRUSDT,74,74,,53398,2020-08-27 07:00:00+00:00,2026-09-30 23:00:00+00:00,11,2,True
SCRTUSDT,57,57,,40454,2022-01-21 12:00:00+00:00,2026-09-03 02:00:00+00:00,2,2,False
SHIBUSDT,65,65,,47262,2021-05-10 11:00:00+00:00,2026-09-30 23:00:00+00:00,4,2,True
SMHBUSDT,3,3,,1524,2026-07-29 12:00:00+00:00,2026-09-30 23:00:00+00:00,1,0,True
SPELLUSDT,58,58,,41799,2021-12-24 08:00:00+00:00,2026-09-30 23:00:00+00:00,2,2,True
STORJUSDT,75,75,,53403,2020-07-30 05:00:00+00:00,2026-09-03 02:00:00+00:00,11,2,False
STXUSDT,84,84,,60753,2019-10-25 04:00:00+00:00,2026-09-30 23:00:00+00:00,18,3,True
SXTUSDT,17,17,,12251,2025-05-08 13:00:00+00:00,2026-09-30 23:00:00+00:00,1,1,True
TIAUSDT,36,36,,25568,2023-10-31 16:00:00+00:00,2026-09-30 23:00:00+00:00,1,1,True
TQQQBUSDT,3,3,,1691,2026-07-22 13:00:00+00:00,2026-09-30 23:00:00+00:00,1,0,True
TSMBUSDT,3,3,,1859,2026-07-15 13:00:00+00:00,2026-09-30 23:00:00+00:00,1,0,True
UFTUSDT,26,26,,18258,2023-03-17 08:00:00+00:00,2025-04-16 02:00:00+00:00,2,1,False
USDSUSDT,23,23,,16056,2019-02-14 10:00:00+00:00,2026-09-30 23:00:00+00:00,11,1,True
VETUSDT,99,99,,71687,2018-07-25 04:00:00+00:00,2026-09-30 23:00:00+00:00,23,3,True
VTHOUSDT,75,75,,54380,2020-07-17 09:00:00+00:00,2026-09-30 23:00:00+00:00,11,3,True
WENBUSDT,1,1,,12,2026-09-30 12:00:00+00:00,2026-09-30 23:00:00+00:00,1,0,True
WRXUSDT,59,59,,42810,2020-02-05 02:00:00+00:00,2024-12-25 02:00:00+00:00,16,3,False
XMRUSDT,60,60,,43218,2019-03-15 04:00:00+00:00,2024-02-20 02:00:00+00:00,20,3,False
XZCUSDT,10,10,,7011,2020-04-07 13:00:00+00:00,2021-01-25 01:00:00+00:00,6,1,False
ZENUSDT,75,75,,54648,2020-07-06 05:00:00+00:00,2026-09-30 23:00:00+00:00,11,3,True
币安人生USDT,9,0,2026-01;2026-02;2026-03;2026-04;2026-05;2026-06;2026-07;2026-08;2026-09,0,,,0,0,True
1000CATUSDT,22,22,,15663,2024-12-17 09:00:00+00:00,2026-09-30 23:00:00+00:00,1,1,True
AAPLBUSDT,3,3,,1524,2026-07-29 12:00:00+00:00,2026-09-30 23:00:00+00:00,1,0,True
ADAUSDT,102,102,,74045,2018-04-17 04:00:00+00:00,2026-09-30 23:00:00+00:00,26,3,True
AGPUBUSDT,1,1,,180,2026-09-23 12:00:00+00:00,2026-09-30 23:00:00+00:00,1,0,True
ALGOUSDT,88,88,,63749,2019-06-22 00:00:00+00:00,2026-09-30 23:00:00+00:00,19,3,True
AMBUSDT,24,24,,17370,2023-03-03 08:00:00+00:00,2025-02-24 02:00:00+00:00,2,1,False
ANTUSDT,43,43,,30846,2020-08-13 02:00:00+00:00,2024-02-20 02:00:00+00:00,11,2,False
ARKUSDT,37,37,,26512,2023-09-22 08:00:00+00:00,2026-09-30 23:00:00+00:00,1,1,True
ASTSBUSDT,2,2,,1356,2026-08-05 12:00:00+00:00,2026-09-30 23:00:00+00:00,1,0,True
AUSDT,17,17,,11776,2025-05-28 08:00:00+00:00,2026-09-30 23:00:00+00:00,1,1,True
AXTIBUSDT,3,3,,1691,2026-07-22 13:00:00+00:00,2026-09-30 23:00:00+00:00,1,0,True
BANDUSDT,85,85,,61633,2019-09-18 12:00:00+00:00,2026-09-30 23:00:00+00:00,18,3,True
BCHSVUSDT,6,6,,3764,2018-11-16 08:00:00+00:00,2019-04-22 09:00:00+00:00,2,0,False
BETHUSDT,8,8,,5327,2023-03-03 08:00:00+00:00,2023-10-11 07:00:00+00:00,2,1,False
BLZUSDT,53,53,,38306,2020-08-11 06:00:00+00:00,2024-12-25 02:00:00+00:00,11,2,False
BOMEUSDT,31,31,,22284,2024-03-16 12:00:00+00:00,2026-09-30 23:00:00+00:00,1,1,True
BTGUSDT,19,19,,13335,2021-04-16 07:00:00+00:00,2022-10-24 08:00:00+00:00,5,1,False
CATIUSDT,25,25,,17773,2024-09-20 11:00:00+00:00,2026-09-30 23:00:00+00:00,1,1,True
CHESSUSDT,53,53,,37796,2021-10-22 06:00:00+00:00,2026-02-13 02:00:00+00:00,2,2,False
COHRBUSDT,2,2,,1356,2026-08-05 12:00:00+00:00,2026-09-30 23:00:00+00:00,1,0,True
CRDOBUSDT,2,2,,1356,2026-08-05 12:00:00+00:00,2026-09-30 23:00:00+00:00,1,0,True
CTXCUSDT,66,66,,47284,2019-11-22 14:00:00+00:00,2025-04-16 02:00:00+00:00,17,3,False
DASHUSDT,91,91,,65799,2019-03-28 04:00:00+00:00,2026-09-30 23:00:00+00:00,20,3,True
DGBUSDT,75,75,,54305,2020-07-20 12:00:00+00:00,2026-09-30 23:00:00+00:00,11,3,True
DOLOUSDT,14,14,,9584,2025-08-27 16:00:00+00:00,2026-09-30 23:00:00+00:00,1,1,True
EDENUSDT,13,13,,8773,2025-09-30 11:00:00+00:00,2026-09-30 23:00:00+00:00,1,1,True
ENSUSDT,59,59,,42856,2021-11-10 07:00:00+00:00,2026-09-30 23:00:00+00:00,2,2,True
ESPUSDT,8,8,,5531,2026-02-12 13:00:00+00:00,2026-09-30 23:00:00+00:00,1,1,True
FFUSDT,13,13,,8795,2025-09-29 13:00:00+00:00,2026-09-30 23:00:00+00:00,1,1,True
FLOKIUSDT,41,41,,29862,2023-05-05 18:00:00+00:00,2026-09-30 23:00:00+00:00,1,1,True
FRONTUSDT,35,35,,25384,2021-10-04 10:00:00+00:00,2024-08-27 02:00:00+00:00,2,2,False
GALUSDT,27,27,,19238,2022-05-05 12:00:00+00:00,2024-07-15 02:00:00+00:00,2,2,False
GLWBUSDT,3,3,,2051,2026-07-07 13:00:00+00:00,2026-09-30 23:00:00+00:00,1,0,True
GRAMUSDT,3,3,,2176,2026-07-02 08:00:00+00:00,2026-09-30 23:00:00+00:00,1,0,True
HAEDALUSDT,17,17,,11937,2025-05-21 15:00:00+00:00,2026-09-30 23:00:00+00:00,1,1,True
HIGHUSDT,55,55,,39475,2021-12-17 07:00:00+00:00,2026-06-19 02:00:00+00:00,2,2,False
HOOKUSDT,41,41,,29196,2022-12-01 14:00:00+00:00,2026-04-01 02:00:00+00:00,2,1,False
ICXUSDT,100,100,,72014,2018-06-13 08:00:00+00:00,2026-09-03 02:00:00+00:00,25,3,False
IOSTUSDT,91,91,,65943,2019-03-22 04:00:00+00:00,2026-09-30 23:00:00+00:00,20,3,True
JOEUSDT,58,58,,41700,2021-12-28 11:00:00+00:00,2026-09-30 23:00:00+00:00,2,2,True
KDAUSDT,45,45,,32199,2022-03-11 11:00:00+00:00,2025-11-12 02:00:00+00:00,2,2,False
KMNOUSDT,17,17,,12297,2025-05-06 15:00:00+00:00,2026-09-30 23:00:00+00:00,1,1,True
LDOUSDT,53,53,,38532,2022-05-09 11:00:00+00:00,2026-09-30 23:00:00+00:00,2,2,True
LITUSDT,49,49,,35191,2021-02-04 06:00:00+00:00,2025-02-10 02:00:00+00:00,8,2,False
LTOUSDT,66,66,,47334,2020-02-07 14:00:00+00:00,2025-07-04 02:00:00+00:00,16,3,False
MARSCOINUSDT,1,1,,635,2026-09-04 13:00:00+00:00,2026-09-30 23:00:00+00:00,1,0,True
MDTUSDT,71,71,,51519,2020-06-05 14:00:00+00:00,2026-04-23 02:00:00+00:00,12,3,False
MFTUSDT,42,42,,29365,2019-08-27 04:00:00+00:00,2023-01-03 02:00:00+00:00,17,2,False
MMTUSDT,11,11,,7932,2025-11-04 12:00:00+00:00,2026-09-30 23:00:00+00:00,1,1,True
MUBARAKUSDT,19,19,,13251,2025-03-27 21:00:00+00:00,2026-09-30 23:00:00+00:00,1,1,True
NEARUSDT,72,72,,52248,2020-10-14 05:00:00+00:00,2026-09-30 23:00:00+00:00,11,2,True
NIGHTUSDT,7,7,,4881,2026-03-11 15:00:00+00:00,2026-09-30 23:00:00+00:00,1,1,True
NTRNUSDT,31,31,,21687,2023-10-10 12:00:00+00:00,2026-04-01 02:00:00+00:00,1,1,False
OMGUSDT,63,63,,45594,2019-04-03 04:00:00+00:00,2024-06-17 02:00:00+00:00,20,3,False
OPENUSDT,13,13,,9299,2025-09-08 13:00:00+00:00,2026-09-30 23:00:00+00:00,1,1,True
OSMOUSDT,48,48,,34405,2022-10-28 10:00:00+00:00,2026-09-30 23:00:00+00:00,2,2,True
PENGUUSDT,22,22,,15658,2024-12-17 14:00:00+00:00,2026-09-30 23:00:00+00:00,1,1,True
PIXELUSDT,32,32,,22910,2024-02-19 10:00:00+00:00,2026-09-30 23:00:00+00:00,1,1,True
POLYUSDT,14,14,,9497,2021-09-09 08:00:00+00:00,2022-10-10 02:00:00+00:00,2,1,False
PROVEUSDT,14,14,,10111,2025-08-05 17:00:00+00:00,2026-09-30 23:00:00+00:00,1,1,True
QIUSDT,59,59,,42735,2021-11-15 08:00:00+00:00,2026-09-30 23:00:00+00:00,2,2,True
RAREUSDT,60,60,,43577,2021-10-11 06:00:00+00:00,2026-09-30 23:00:00+00:00,2,2,True
RENUSDT,64,64,,45628,2019-09-25 12:00:00+00:00,2024-12-10 02:00:00+00:00,18,3,False
RLCUSDT,83,83,,60276,2019-11-14 03:00:00+00:00,2026-09-30 23:00:00+00:00,17,3,True
RUNEUSDT,73,73,,53207,2020-09-04 06:00:00+00:00,2026-09-30 23:00:00+00:00,11,2,True
SCRUSDT,24,24,,17246,2024-10-11 10:00:00+00:00,2026-09-30 23:00:00+00:00,2,1,True
SIGNUSDT,18,18,,12493,2025-04-28 11:00:00+00:00,2026-09-30 23:00:00+00:00,1,1,True
SNTUSDT,24,24,,16747,2023-05-19 08:00:00+00:00,2025-04-16 02:00:00+00:00,1,1,False
SPKUSDT,16,16,,11295,2025-06-17 09:00:00+00:00,2026-09-30 23:00:00+00:00,1,1,True
STORMUSDT,11,11,,6850,2019-08-27 04:00:00+00:00,2020-06-08 02:00:00+00:00,7,0,False
SUIUSDT,41,41,,29916,2023-05-03 12:00:00+00:00,2026-09-30 23:00:00+00:00,1,1,True
SYNUSDT,44,44,,31597,2023-02-22 10:00:00+00:00,2026-09-30 23:00:00+00:00,2,1,True
TKOUSDT,66,66,,48047,2021-04-07 13:00:00+00:00,2026-09-30 23:00:00+00:00,6,2,True
TRBUSDT,74,74,,53350,2020-08-29 07:00:00+00:00,2026-09-30 23:00:00+00:00,11,2,True
TSTUSDT,20,20,,14365,2025-02-09 11:00:00+00:00,2026-09-30 23:00:00+00:00,1,1,True
UMAUSDT,73,73,,53084,2020-09-09 09:00:00+00:00,2026-09-30 23:00:00+00:00,11,2,True
USUALUSDT,23,23,,16308,2024-11-19 10:00:00+00:00,2026-09-30 23:00:00+00:00,2,1,True
VGXUSDT,34,34,,24187,2021-11-22 07:00:00+00:00,2024-08-26 02:00:00+00:00,2,2,False
WALUSDT,12,12,,8537,2025-10-10 07:00:00+00:00,2026-09-30 23:00:00+00:00,1,1,True
WIFUSDT,31,31,,22546,2024-03-05 14:00:00+00:00,2026-09-30 23:00:00+00:00,1,1,True
WTCUSDT,45,45,,32102,2020-04-07 13:00:00+00:00,2023-12-07 02:00:00+00:00,13,3,False
XNOUSDT,57,57,,40959,2022-01-28 08:00:00+00:00,2026-09-30 23:00:00+00:00,2,2,True
YBUSDT,12,12,,8413,2025-10-15 11:00:00+00:00,2026-09-30 23:00:00+00:00,1,1,True
ZILUSDT,92,92,,66674,2019-02-19 11:00:00+00:00,2026-09-30 23:00:00+00:00,21,3,True
牛来USDT,1,0,2026-09,0,,,0,0,True
1000CHEEMSUSDT,20,20,,14365,2025-02-09 11:00:00+00:00,2026-09-30 23:00:00+00:00,1,1,True
AAVEUSDT,72,72,,52226,2020-10-15 03:00:00+00:00,2026-09-30 23:00:00+00:00,11,2,True
ADBEBUSDT,1,1,,12,2026-09-30 12:00:00+00:00,2026-09-30 23:00:00+00:00,1,0,True
AIGENSYNUSDT,5,5,,3343,2026-05-14 17:00:00+00:00,2026-09-30 23:00:00+00:00,1,1,True
ALICEUSDT,67,67,,48606,2021-03-15 06:00:00+00:00,2026-09-30 23:00:00+00:00,6,2,True
AMCBUSDT,1,1,,180,2026-09-23 12:00:00+00:00,2026-09-30 23:00:00+00:00,1,0,True
ANYUSDT,4,4,,2782,2021-12-04 06:00:00+00:00,2022-03-30 03:00:00+00:00,1,0,False
ARMBUSDT,3,3,,1859,2026-07-15 13:00:00+00:00,2026-09-30 23:00:00+00:00,1,0,True
ASTUSDT,23,23,,16291,2023-05-19 08:00:00+00:00,2025-03-28 02:00:00+00:00,1,1,False
AUTOUSDT,25,25,,17886,2021-04-02 09:00:00+00:00,2023-04-18 02:00:00+00:00,6,1,False
BABABUSDT,3,3,,1859,2026-07-15 13:00:00+00:00,2026-09-30 23:00:00+00:00,1,0,True
BANKUSDT,11,11,,7714,2025-11-13 14:00:00+00:00,2026-09-30 23:00:00+00:00,1,1,True
BCHUSDT,83,83,,59935,2019-11-28 10:00:00+00:00,2026-09-30 23:00:00+00:00,16,3,True
BFUSDUSDT,14,14,,9922,2025-08-13 14:00:00+00:00,2026-09-30 23:00:00+00:00,1,1,True
BMNRBUSDT,2,2,,1356,2026-08-05 12:00:00+00:00,2026-09-30 23:00:00+00:00,1,0,True
BONDUSDT,37,37,,26702,2021-07-05 06:00:00+00:00,2024-07-22 02:00:00+00:00,4,2,False
BTSUSDT,47,47,,33562,2020-02-06 10:00:00+00:00,2023-12-07 02:00:00+00:00,16,3,False
CBRSBUSDT,3,3,,2051,2026-07-07 13:00:00+00:00,2026-09-30 23:00:00+00:00,1,0,True
CHIPUSDT,6,6,,3899,2026-04-21 13:00:00+00:00,2026-09-30 23:00:00+00:00,1,1,True
COMBOUSDT,22,22,,15955,2023-06-02 08:00:00+00:00,2025-03-28 02:00:00+00:00,1,1,False
CREAMUSDT,20,20,,13723,2023-09-22 08:00:00+00:00,2025-04-16 02:00:00+00:00,1,1,False
CUSDT,15,15,,10546,2025-07-18 14:00:00+00:00,2026-09-30 23:00:00+00:00,1,1,True
DATAUSDT,71,71,,51278,2020-04-07 13:00:00+00:00,2026-02-13 02:00:00+00:00,13,3,False
DIAUSDT,73,73,,53200,2020-09-04 13:00:00+00:00,2026-09-30 23:00:00+00:00,11,2,True
DOTUSDT,74,74,,53598,2020-08-18 23:00:00+00:00,2026-09-30 23:00:00+00:00,11,2,True
EDUUSDT,42,42,,30036,2023-04-28 12:00:00+00:00,2026-09-30 23:00:00+00:00,1,1,True
EOSUSDT,85,85,,61231,2018-05-28 05:00:00+00:00,2025-05-26 02:00:00+00:00,26,3,False
ETCUSDT,100,100,,72713,2018-06-12 02:00:00+00:00,2026-09-30 23:00:00+00:00,25,3,True
FIDAUSDT,61,61,,43835,2021-09-30 12:00:00+00:00,2026-09-30 23:00:00+00:00,2,2,True
FLOWUSDT,63,63,,45316,2021-07-30 13:00:00+00:00,2026-09-30 23:00:00+00:00,4,2,True
FTMUSDT,68,68,,48988,2019-06-11 04:00:00+00:00,2025-01-13 02:00:00+00:00,19,3,False
GASUSDT,43,43,,31047,2023-03-17 08:00:00+00:00,2026-09-30 23:00:00+00:00,2,1,True
GMEBUSDT,2,2,,1188,2026-08-12 12:00:00+00:00,2026-09-30 23:00:00+00:00,1,0,True
GRTUSDT,70,70,,50698,2020-12-17 20:00:00+00:00,2026-09-30 23:00:00+00:00,10,2,True
HARDUSDT,54,54,,38906,2020-11-06 06:00:00+00:00,2025-04-16 02:00:00+00:00,11,2,False
HIMSBUSDT,1,1,,516,2026-09-09 12:00:00+00:00,2026-09-30 23:00:00+00:00,1,0,True
HOTUSDT,92,92,,66699,2019-02-18 10:00:00+00:00,2026-09-30 23:00:00+00:00,21,3,True
IDEXUSDT,56,56,,39952,2021-09-09 08:00:00+00:00,2026-04-01 02:00:00+00:00,3,2,False
IOTAUSDT,101,101,,72984,2018-05-31 09:00:00+00:00,2026-09-30 23:00:00+00:00,26,3,True
JSTUSDT,74,74,,53783,2020-08-11 06:00:00+00:00,2026-09-30 23:00:00+00:00,11,2,True
KEEPUSDT,9,9,,5848,2021-06-17 06:00:00+00:00,2022-02-16 03:00:00+00:00,3,1,False
KNCUSDT,76,76,,55218,2020-06-12 08:00:00+00:00,2026-09-30 23:00:00+00:00,12,3,True
LENDUSDT,6,6,,3592,2020-05-15 08:00:00+00:00,2020-10-12 02:00:00+00:00,2,0,False
LOKAUSDT,43,43,,30830,2022-01-20 12:00:00+00:00,2025-07-28 02:00:00+00:00,2,2,False
LUMIAUSDT,24,24,,17103,2024-10-18 09:00:00+00:00,2026-09-30 23:00:00+00:00,1,1,True
MASKUSDT,65,65,,46907,2021-05-25 06:00:00+00:00,2026-09-30 23:00:00+00:00,4,2,True
MDXUSDT,39,39,,27707,2021-05-24 09:00:00+00:00,2024-07-22 02:00:00+00:00,4,2,False
MINAUSDT,62,62,,45059,2021-08-10 06:00:00+00:00,2026-09-30 23:00:00+00:00,4,2,True
MOBUSDT,25,25,,16912,2022-04-29 10:00:00+00:00,2024-04-03 02:00:00+00:00,2,2,False
MULTIUSDT,23,23,,16438,2022-04-06 04:00:00+00:00,2024-02-20 02:00:00+00:00,2,2,False
NEBLUSDT,7,7,,4458,2022-10-14 08:00:00+00:00,2023-04-18 02:00:00+00:00,2,1,False
NILUSDT,19,19,,13331,2025-03-24 13:00:00+00:00,2026-09-30 23:00:00+00:00,1,1,True
NULSUSDT,82,82,,58946,2018-07-23 04:00:00+00:00,2025-04-16 02:00:00+00:00,23,3,False
OMNIUSDT,18,18,,12711,2024-04-17 12:00:00+00:00,2025-09-29 02:00:00+00:00,1,1,False
OPGUSDT,5,5,,3156,2026-05-22 12:00:00+00:00,2026-09-30 23:00:00+00:00,1,1,True
OXTUSDT,68,68,,48936,2020-09-21 08:00:00+00:00,2026-04-23 02:00:00+00:00,11,2,False
PEOPLEUSDT,58,58,,41825,2021-12-23 06:00:00+00:00,2026-09-30 23:00:00+00:00,2,2,True
PLAUSDT,28,28,,19796,2021-11-23 06:00:00+00:00,2024-02-26 02:00:00+00:00,2,2,False
POLYXUSDT,48,48,,34671,2022-10-17 08:00:00+00:00,2026-09-30 23:00:00+00:00,2,2,True
PSGUSDT,70,70,,50616,2020-12-21 06:00:00+00:00,2026-09-30 23:00:00+00:00,10,2,True
QKCUSDT,43,43,,31047,2023-03-17 08:00:00+00:00,2026-09-30 23:00:00+00:00,2,1,True
RAYUSDT,62,62,,45059,2021-08-10 06:00:00+00:00,2026-09-30 23:00:00+00:00,4,2,True
REPUSDT,31,31,,22132,2020-06-12 08:00:00+00:00,2022-12-22 08:00:00+00:00,11,2,False
RLUSDUSDT,9,9,,6040,2026-01-22 08:00:00+00:00,2026-09-30 23:00:00+00:00,1,1,True
RVNUSDT,85,85,,61465,2019-09-25 12:00:00+00:00,2026-09-30 23:00:00+00:00,18,3,True
SCUSDT,75,75,,54648,2020-07-06 05:00:00+00:00,2026-09-30 23:00:00+00:00,11,3,True
SKHYBUSDT,3,3,,1907,2026-07-13 13:00:00+00:00,2026-09-30 23:00:00+00:00,1,0,True
SNXUSDT,75,75,,54569,2020-07-09 12:00:00+00:00,2026-09-30 23:00:00+00:00,11,3,True
SQQQBUSDT,1,1,,684,2026-09-02 12:00:00+00:00,2026-09-30 23:00:00+00:00,1,0,True
STOUSDT,17,17,,12392,2025-05-02 16:00:00+00:00,2026-09-30 23:00:00+00:00,1,1,True
SUNUSDT,73,73,,52695,2020-09-21 14:00:00+00:00,2026-09-30 23:00:00+00:00,12,2,True
SYSUSDT,57,57,,40934,2021-09-24 10:00:00+00:00,2026-05-27 02:00:00+00:00,3,2,False
TLMUSDT,66,66,,47910,2021-04-13 06:00:00+00:00,2026-09-30 23:00:00+00:00,6,2,True
TREEUSDT,15,15,,10282,2025-07-29 14:00:00+00:00,2026-09-30 23:00:00+00:00,1,1,True
TURBOUSDT,25,25,,17870,2024-09-16 10:00:00+00:00,2026-09-30 23:00:00+00:00,1,1,True
UNFIUSDT,49,49,,34730,2020-11-19 06:00:00+00:00,2024-11-06 02:00:00+00:00,11,2,False
UTKUSDT,67,67,,48469,2020-10-02 06:00:00+00:00,2026-04-14 13:00:00+00:00,11,2,False
VIBUSDT,28,28,,19146,2023-02-24 08:00:00+00:00,2025-05-02 02:00:00+00:00,2,1,False
WANUSDT,81,81,,58308,2019-08-27 04:00:00+00:00,2026-04-23 02:00:00+00:00,18,3,False
WINGUSDT,57,57,,40518,2020-09-16 02:00:00+00:00,2025-05-02 02:00:00+00:00,11,2,False
WUSDT,30,30,,21852,2024-04-03 12:00:00+00:00,2026-09-30 23:00:00+00:00,1,1,True
XPLUSDT,13,13,,8891,2025-09-25 13:00:00+00:00,2026-09-30 23:00:00+00:00,1,1,True
YFIIUSDT,36,36,,26013,2020-09-01 11:00:00+00:00,2023-08-22 02:00:00+00:00,11,2,False
ZKCUSDT,13,13,,9130,2025-09-15 14:00:00+00:00,2026-09-30 23:00:00+00:00,1,1,True
1000SATSUSDT,34,34,,24564,2023-12-12 12:00:00+00:00,2026-09-30 23:00:00+00:00,1,1,True
ACAUSDT,50,50,,35510,2022-01-25 12:00:00+00:00,2026-02-13 02:00:00+00:00,2,2,False
ADXUSDT,60,60,,43141,2021-10-29 10:00:00+00:00,2026-09-30 23:00:00+00:00,2,2,True
AIONUSDT,37,37,,26467,2020-02-19 09:00:00+00:00,2023-02-27 08:00:00+00:00,14,2,False
ALLOUSDT,11,11,,7762,2025-11-11 14:00:00+00:00,2026-09-30 23:00:00+00:00,1,1,True
AMDBUSDT,4,4,,2387,2026-06-23 13:00:00+00:00,2026-09-30 23:00:00+00:00,1,0,True
APEUSDT,55,55,,39801,2022-03-17 14:00:00+00:00,2026-09-30 23:00:00+00:00,2,2,True
ARPAUSDT,83,83,,60455,2019-11-06 14:00:00+00:00,2026-09-30 23:00:00+00:00,18,3,True
ATAUSDT,60,60,,43550,2021-06-07 06:00:00+00:00,2026-05-27 02:00:00+00:00,4,2,False
AVAUSDT,71,71,,51256,2020-11-24 13:00:00+00:00,2026-09-30 23:00:00+00:00,11,2,True
BABYUSDT,18,18,,12925,2025-04-10 11:00:00+00:00,2026-09-30 23:00:00+00:00,1,1,True
BARDUSDT,13,13,,9061,2025-09-18 11:00:00+00:00,2026-09-30 23:00:00+00:00,1,1,True
BEAMUSDT,41,41,,29315,2019-09-21 12:00:00+00:00,2023-01-26 08:00:00+00:00,17,2,False
BICOUSDT,58,58,,42161,2021-12-09 06:00:00+00:00,2026-09-30 23:00:00+00:00,2,2,True
BMTUSDT,19,19,,13473,2025-03-18 15:00:00+00:00,2026-09-30 23:00:00+00:00,1,1,True
BONKUSDT,34,34,,24496,2023-12-15 08:00:00+00:00,2026-09-30 23:00:00+00:00,1,1,True
BTTCUSDT,57,57,,41035,2022-01-25 04:00:00+00:00,2026-09-30 23:00:00+00:00,2,2,True
CELOUSDT,69,69,,50258,2021-01-05 08:00:00+00:00,2026-09-30 23:00:00+00:00,8,2,True
CHRUSDT,77,77,,56076,2020-05-07 14:00:00+00:00,2026-09-30 23:00:00+00:00,12,3,True
COMPUSDT,76,76,,54908,2020-06-25 06:00:00+00:00,2026-09-30 23:00:00+00:00,12,3,True
CRMBUSDT,1,1,,516,2026-09-09 12:00:00+00:00,2026-09-30 23:00:00+00:00,1,0,True
CVCUSDT,82,82,,58469,2019-08-27 04:00:00+00:00,2026-09-30 23:00:00+00:00,18,3,True
DCRUSDT,75,75,,54072,2020-07-30 05:00:00+00:00,2026-09-30 23:00:00+00:00,11,2,True
DJTBUSDT,2,2,,852,2026-08-26 12:00:00+00:00,2026-09-30 23:00:00+00:00,1,0,True
DRAMBUSDT,3,3,,2051,2026-07-07 13:00:00+00:00,2026-09-30 23:00:00+00:00,1,0,True
EGLDUSDT,73,73,,53234,2020-09-03 03:00:00+00:00,2026-09-30 23:00:00+00:00,11,2,True
EPICUSDT,19,19,,13600,2025-03-13 08:00:00+00:00,2026-09-30 23:00:00+00:00,1,1,True
ETHFIUSDT,31,31,,22236,2024-03-18 12:00:00+00:00,2026-09-30 23:00:00+00:00,1,1,True
FILUSDT,72,72,,52212,2020-10-15 17:00:00+00:00,2026-09-30 23:00:00+00:00,11,2,True
FLUXUSDT,58,58,,42137,2021-12-10 06:00:00+00:00,2026-09-30 23:00:00+00:00,2,2,True
FTTUSDT,73,73,,51948,2019-12-20 03:00:00+00:00,2026-09-30 23:00:00+00:00,16,3,True
GENIUSUSDT,5,5,,3156,2026-05-22 12:00:00+00:00,2026-09-30 23:00:00+00:00,1,1,True
GMTUSDT,55,55,,39995,2022-03-09 12:00:00+00:00,2026-09-30 23:00:00+00:00,2,2,True
GSBUSDT,3,3,,1524,2026-07-29 12:00:00+00:00,2026-09-30 23:00:00+00:00,1,0,True
HBARUSDT,85,85,,61377,2019-09-29 04:00:00+00:00,2026-09-30 23:00:00+00:00,18,3,True
HIVEUSDT,78,78,,56325,2020-04-27 05:00:00+00:00,2026-09-30 23:00:00+00:00,12,3,True
HPEBUSDT,1,1,,12,2026-09-30 12:00:00+00:00,2026-09-30 23:00:00+00:00,1,0,True
IDUSDT,43,43,,30923,2023-03-22 12:00:00+00:00,2026-09-30 23:00:00+00:00,2,1,True
IOTXUSDT,83,83,,60276,2019-11-14 03:00:00+00:00,2026-09-30 23:00:00+00:00,17,3,True
JTOUSDT,34,34,,24680,2023-12-07 16:00:00+00:00,2026-09-30 23:00:00+00:00,1,1,True
KERNELUSDT,18,18,,12828,2025-04-14 12:00:00+00:00,2026-09-30 23:00:00+00:00,1,1,True
KORUBUSDT,3,3,,1691,2026-07-22 13:00:00+00:00,2026-09-30 23:00:00+00:00,1,0,True
LEVERUSDT,37,37,,26086,2022-07-13 04:00:00+00:00,2025-07-04 02:00:00+00:00,2,2,False
LOOMUSDT,18,18,,12498,2023-03-24 08:00:00+00:00,2024-08-26 02:00:00+00:00,2,1,False
LUNAUSDT,74,74,,53102,2020-08-21 10:00:00+00:00,2026-09-30 23:00:00+00:00,12,3,True
MATICUSDT,66,66,,47071,2019-04-26 15:00:00+00:00,2024-09-10 02:00:00+00:00,20,3,False
MEGAUSDT,6,6,,3685,2026-04-30 11:00:00+00:00,2026-09-30 23:00:00+00:00,1,1,True
MIRAUSDT,13,13,,8868,2025-09-26 12:00:00+00:00,2026-09-30 23:00:00+00:00,1,1,True
MORPHOUSDT,12,12,,8697,2025-10-03 15:00:00+00:00,2026-09-30 23:00:00+00:00,1,1,True
MUUBUSDT,3,3,,1691,2026-07-22 13:00:00+00:00,2026-09-30 23:00:00+00:00,1,0,True
NEIROUSDT,25,25,,17870,2024-09-16 10:00:00+00:00,2026-09-30 23:00:00+00:00,1,1,True
NKNUSDT,77,77,,55562,2019-10-11 14:00:00+00:00,2026-02-13 02:00:00+00:00,18,3,False
NUUSDT,9,9,,6161,2021-06-04 05:00:00+00:00,2022-02-16 03:00:00+00:00,3,1,False
OMUSDT,61,61,,43662,2021-03-08 09:00:00+00:00,2026-03-02 02:00:00+00:00,6,2,False
OPNUSDT,7,7,,5027,2026-03-05 13:00:00+00:00,2026-09-30 23:00:00+00:00,1,1,True
PARTIUSDT,19,19,,13307,2025-03-25 13:00:00+00:00,2026-09-30 23:00:00+00:00,1,1,True
PEPEUSDT,41,41,,29862,2023-05-05 18:00:00+00:00,2026-09-30 23:00:00+00:00,1,1,True
PLTRBUSDT,4,4,,2219,2026-06-30 13:00:00+00:00,2026-09-30 23:00:00+00:00,1,0,True
PONDUSDT,65,65,,46759,2021-03-09 08:00:00+00:00,2026-07-10 02:00:00+00:00,6,2,False
PUMPUSDT,13,13,,9228,2025-09-11 12:00:00+00:00,2026-09-30 23:00:00+00:00,1,1,True
QNTBUSDT,3,3,,1691,2026-07-22 13:00:00+00:00,2026-09-30 23:00:00+00:00,1,0,True
RDDTBUSDT,1,1,,348,2026-09-16 12:00:00+00:00,2026-09-30 23:00:00+00:00,1,0,True
REQUSDT,62,62,,44819,2021-08-20 10:00:00+00:00,2026-09-30 23:00:00+00:00,3,2,True
RNDRUSDT,33,33,,23224,2021-11-27 10:00:00+00:00,2024-07-22 02:00:00+00:00,2,2,False
SAGAUSDT,30,30,,21712,2024-04-09 08:00:00+00:00,2026-09-30 23:00:00+00:00,1,1,True
SEIUSDT,38,38,,27420,2023-08-15 12:00:00+00:00,2026-09-30 23:00:00+00:00,1,1,True
SKLUSDT,70,70,,51101,2020-12-01 01:00:00+00:00,2026-09-30 23:00:00+00:00,10,2,True
SNXXBUSDT,3,3,,1691,2026-07-22 13:00:00+00:00,2026-09-30 23:00:00+00:00,1,0,True
SRMUSDT,28,28,,20108,2020-08-11 13:00:00+00:00,2022-11-28 02:00:00+00:00,10,1,False
STPTUSDT,63,63,,45109,2020-03-25 14:00:00+00:00,2025-05-19 02:00:00+00:00,13,3,False
SUPERUSDT,67,67,,48362,2021-03-25 10:00:00+00:00,2026-09-30 23:00:00+00:00,6,2,True
TAOUSDT,30,30,,21660,2024-04-11 12:00:00+00:00,2026-09-30 23:00:00+00:00,1,1,True
TNSRUSDT,30,30,,21729,2024-04-08 15:00:00+00:00,2026-09-30 23:00:00+00:00,1,1,True
TRIBEUSDT,16,16,,11059,2021-08-24 06:00:00+00:00,2022-11-28 02:00:00+00:00,2,1,False
TURTLEUSDT,12,12,,8241,2025-10-22 15:00:00+00:00,2026-09-30 23:00:00+00:00,1,1,True
UNIUSDT,73,73,,52898,2020-09-17 03:00:00+00:00,2026-09-30 23:00:00+00:00,11,2,True
UUSDT,9,9,,6256,2026-01-13 08:00:00+00:00,2026-09-30 23:00:00+00:00,1,1,True
VICUSDT,34,34,,23923,2023-11-24 08:00:00+00:00,2026-08-17 02:00:00+00:00,1,1,False
WAVESUSDT,66,66,,47382,2019-01-18 10:00:00+00:00,2024-06-17 02:00:00+00:00,21,3,False
WINUSDT,86,86,,62779,2019-08-01 10:00:00+00:00,2026-09-30 23:00:00+00:00,19,3,True
XAIUSDT,33,33,,23894,2024-01-09 10:00:00+00:00,2026-09-30 23:00:00+00:00,1,1,True
XRPUSDT,101,101,,73633,2018-05-04 08:00:00+00:00,2026-09-30 23:00:00+00:00,26,3,True
YFIUSDT,74,74,,53801,2020-08-10 12:00:00+00:00,2026-09-30 23:00:00+00:00,11,2,True
ZKPUSDT,9,9,,6394,2026-01-07 14:00:00+00:00,2026-09-30 23:00:00+00:00,1,1,True
1INCHUSDT,70,70,,50525,2020-12-25 05:00:00+00:00,2026-09-30 23:00:00+00:00,8,2,True
ACEUSDT,34,34,,24426,2023-12-18 06:00:00+00:00,2026-09-30 23:00:00+00:00,1,1,True
AERGOUSDT,23,23,,16627,2023-05-05 08:00:00+00:00,2025-03-28 02:00:00+00:00,1,1,False
AIUSDT,33,33,,24014,2024-01-04 10:00:00+00:00,2026-09-30 23:00:00+00:00,1,1,True
ALPACAUSDT,46,46,,32628,2021-08-11 08:00:00+00:00,2025-05-02 02:00:00+00:00,4,2,False
AMPUSDT,59,59,,42545,2021-11-23 06:00:00+00:00,2026-09-30 23:00:00+00:00,2,2,True
API3USDT,57,57,,41125,2022-01-21 10:00:00+00:00,2026-09-30 23:00:00+00:00,2,2,True
ARUSDT,65,65,,47165,2021-05-14 12:00:00+00:00,2026-09-30 23:00:00+00:00,4,2,True
ATMUSDT,70,70,,50404,2020-12-30 06:00:00+00:00,2026-09-30 23:00:00+00:00,8,2,True
AVAXUSDT,73,73,,52775,2020-09-22 06:00:00+00:00,2026-09-30 23:00:00+00:00,11,2,True
BADGERUSDT,50,50,,36126,2021-03-02 08:00:00+00:00,2025-04-16 02:00:00+00:00,7,2,False
BARUSDT,66,66,,47715,2021-04-21 11:00:00+00:00,2026-09-30 23:00:00+00:00,5,2,True
BEAMXUSDT,35,35,,25240,2023-11-14 08:00:00+00:00,2026-09-30 23:00:00+00:00,1,1,True
BIFIUSDT,49,49,,35585,2022-04-01 09:00:00+00:00,2026-04-23 02:00:00+00:00,2,2,False
BNBUSDT,107,107,,77901,2017-11-06 03:00:00+00:00,2026-09-30 23:00:00+00:00,28,4,True
BREVUSDT,9,9,,6418,2026-01-06 14:00:00+00:00,2026-09-30 23:00:00+00:00,1,1,True
BTTUSDT,37,37,,25904,2019-01-31 10:00:00+00:00,2022-01-17 03:00:00+00:00,20,1,False
CELRUSDT,91,91,,65871,2019-03-25 04:00:00+00:00,2026-09-30 23:00:00+00:00,20,3,True
CHZUSDT,85,85,,61929,2019-09-06 04:00:00+00:00,2026-09-30 23:00:00+00:00,18,3,True
COOKIEUSDT,21,21,,15083,2025-01-10 13:00:00+00:00,2026-09-30 23:00:00+00:00,1,1,True
CRVUSDT,74,74,,53689,2020-08-15 04:00:00+00:00,2026-09-30 23:00:00+00:00,11,2,True
CVPUSDT,35,35,,25360,2021-10-04 10:00:00+00:00,2024-08-26 02:00:00+00:00,2,2,False
DEGOUSDT,62,62,,44980,2021-03-10 11:00:00+00:00,2026-04-28 02:00:00+00:00,6,2,False
DNTUSDT,24,24,,17097,2020-11-10 06:00:00+00:00,2022-10-24 08:00:00+00:00,10,1,False
DREPUSDT,52,52,,36798,2020-01-16 14:00:00+00:00,2024-04-03 02:00:00+00:00,17,3,False
EIGENUSDT,24,24,,17515,2024-10-01 05:00:00+00:00,2026-09-30 23:00:00+00:00,1,1,True
EPSUSDT,14,14,,9632,2021-04-02 09:00:00+00:00,2022-05-09 03:00:00+00:00,5,1,False
ETHUSDT,110,110,,79837,2017-08-17 04:00:00+00:00,2026-09-30 23:00:00+00:00,29,4,True
FIOUSDT,68,68,,49346,2020-09-04 06:00:00+00:00,2026-04-23 02:00:00+00:00,11,2,False
FOGOUSDT,9,9,,6202,2026-01-15 14:00:00+00:00,2026-09-30 23:00:00+00:00,1,1,True
FUNUSDT,81,81,,58308,2019-08-27 04:00:00+00:00,2026-04-23 02:00:00+00:00,18,3,False
GFTUSDT,16,16,,10512,2023-09-22 08:00:00+00:00,2024-12-03 07:00:00+00:00,1,1,False
GMXUSDT,48,48,,34957,2022-10-05 10:00:00+00:00,2026-09-30 23:00:00+00:00,2,2,True
GTCUSDT,64,64,,46519,2021-06-10 10:00:00+00:00,2026-09-30 23:00:00+00:00,4,2,True
HCUSDT,15,15,,9872,2019-09-25 12:00:00+00:00,2020-11-10 11:00:00+00:00,8,1,False
HMSTRUSDT,25,25,,17628,2024-09-26 12:00:00+00:00,2026-09-30 23:00:00+00:00,1,1,True
HUMAUSDT,17,17,,11819,2025-05-26 13:00:00+00:00,2026-09-30 23:00:00+00:00,1,1,True
ILVUSDT,61,61,,44031,2021-09-22 06:00:00+00:00,2026-09-30 23:00:00+00:00,3,2,True
IOUSDT,28,28,,20196,2024-06-11 12:00:00+00:00,2026-09-30 23:00:00+00:00,1,1,True
JUVUSDT,70,70,,50616,2020-12-21 06:00:00+00:00,2026-09-30 23:00:00+00:00,10,2,True
KEYUSDT,65,65,,45655,2019-08-27 04:00:00+00:00,2024-12-10 02:00:00+00:00,19,3,False
KP3RUSDT,37,37,,26152,2021-11-12 10:00:00+00:00,2024-11-06 02:00:00+00:00,2,2,False
LINAUSDT,49,49,,35283,2021-03-18 12:00:00+00:00,2025-03-28 02:00:00+00:00,6,2,False
LPTUSDT,65,65,,46836,2021-05-28 05:00:00+00:00,2026-09-30 23:00:00+00:00,4,2,True
LUNCUSDT,49,49,,35583,2022-09-09 08:00:00+00:00,2026-09-30 23:00:00+00:00,2,2,True
MAVUSDT,40,40,,28576,2023-06-28 08:00:00+00:00,2026-09-30 23:00:00+00:00,1,1,True
MEMEUSDT,35,35,,25504,2023-11-03 08:00:00+00:00,2026-09-30 23:00:00+00:00,1,1,True
MIRUSDT,21,21,,14789,2021-04-19 11:00:00+00:00,2022-12-27 02:00:00+00:00,5,1,False
MOVEUSDT,22,22,,15852,2024-12-09 12:00:00+00:00,2026-09-30 23:00:00+00:00,1,1,True
MVLLBUSDT,3,3,,1691,2026-07-22 13:00:00+00:00,2026-09-30 23:00:00+00:00,1,0,True
NEOUSDT,107,107,,77565,2017-11-20 03:00:00+00:00,2026-09-30 23:00:00+00:00,28,4,True
NMRUSDT,74,74,,53585,2020-08-19 12:00:00+00:00,2026-09-30 23:00:00+00:00,11,2,True
NXPCUSDT,17,17,,12089,2025-05-15 07:00:00+00:00,2026-09-30 23:00:00+00:00,1,1,True
ONDOUSDT,18,18,,12898,2025-04-11 14:00:00+00:00,2026-09-30 23:00:00+00:00,1,1,True
OPUSDT,52,52,,37983,2022-06-01 08:00:00+00:00,2026-09-30 23:00:00+00:00,2,2,True
PAXGUSDT,74,74,,53369,2020-08-28 12:00:00+00:00,2026-09-30 23:00:00+00:00,11,2,True
PERLUSDT,53,53,,37492,2019-08-26 12:00:00+00:00,2023-12-07 02:00:00+00:00,18,3,False
PLUMEUSDT,14,14,,9801,2025-08-18 15:00:00+00:00,2026-09-30 23:00:00+00:00,1,1,True
PORTALUSDT,32,32,,22670,2024-02-29 10:00:00+00:00,2026-09-30 23:00:00+00:00,1,1,True
PUNDIXUSDT,66,66,,48008,2021-04-09 04:00:00+00:00,2026-09-30 23:00:00+00:00,6,2,True
QNTUSDT,63,63,,45347,2021-07-29 06:00:00+00:00,2026-09-30 23:00:00+00:00,4,2,True
RDNTUSDT,38,38,,26348,2023-03-30 07:00:00+00:00,2026-04-01 02:00:00+00:00,1,1,False
RESOLVUSDT,16,16,,11434,2025-06-11 14:00:00+00:00,2026-09-30 23:00:00+00:00,1,1,True
ROBOUSDT,7,7,,5048,2026-03-04 16:00:00+00:00,2026-09-30 23:00:00+00:00,1,1,True
SAHARAUSDT,16,16,,11076,2025-06-26 12:00:00+00:00,2026-09-30 23:00:00+00:00,1,1,True
SENTUSDT,9,9,,6035,2026-01-22 13:00:00+00:00,2026-09-30 23:00:00+00:00,1,1,True
SKYUSDT,13,13,,9088,2025-09-17 08:00:00+00:00,2026-09-30 23:00:00+00:00,1,1,True
SOLUSDT,74,74,,53783,2020-08-11 06:00:00+00:00,2026-09-30 23:00:00+00:00,11,2,True
SSVUSDT,44,44,,31551,2023-02-24 08:00:00+00:00,2026-09-30 23:00:00+00:00,2,1,True
STRATUSDT,10,10,,6396,2020-02-19 09:00:00+00:00,2020-11-12 07:00:00+00:00,5,1,False
SUSDT,21,21,,14944,2025-01-16 08:00:00+00:00,2026-09-30 23:00:00+00:00,1,1,True
TCTUSDT,34,34,,24133,2020-01-21 14:00:00+00:00,2022-10-24 08:00:00+00:00,15,2,False
TOMOUSDT,52,52,,37131,2019-08-24 13:00:00+00:00,2023-11-20 02:00:00+00:00,18,3,False
TROYUSDT,65,65,,46986,2019-12-05 02:00:00+00:00,2025-04-16 02:00:00+00:00,16,3,False
TUSDT,56,56,,40291,2022-02-25 04:00:00+00:00,2026-09-30 23:00:00+00:00,2,2,True
USARBUSDT,2,2,,1356,2026-08-05 12:00:00+00:00,2026-09-30 23:00:00+00:00,1,0,True
VANAUSDT,22,22,,15685,2024-12-16 11:00:00+00:00,2026-09-30 23:00:00+00:00,1,1,True
VIDTUSDT,44,44,,31331,2021-09-09 08:00:00+00:00,2025-04-16 02:00:00+00:00,4,3,False
WAXPUSDT,62,62,,44751,2021-08-23 06:00:00+00:00,2026-09-30 23:00:00+00:00,3,2,True
WLDUSDT,39,39,,27951,2023-07-24 09:00:00+00:00,2026-09-30 23:00:00+00:00,1,1,True
XAUTUSDT,7,7,,4522,2026-03-26 14:00:00+00:00,2026-09-30 23:00:00+00:00,1,1,True
XTZUSDT,85,85,,61490,2019-09-24 11:00:00+00:00,2026-09-30 23:00:00+00:00,18,3,True
YGGUSDT,61,61,,43983,2021-09-24 06:00:00+00:00,2026-09-30 23:00:00+00:00,3,2,True
ZKUSDT,28,28,,20054,2024-06-17 10:00:00+00:00,2026-09-30 23:00:00+00:00,1,1,True
1MBABYDOGEUSDT,25,25,,17870,2024-09-16 10:00:00+00:00,2026-09-30 23:00:00+00:00,1,1,True
ACHUSDT,57,57,,41389,2022-01-10 10:00:00+00:00,2026-09-30 23:00:00+00:00,2,2,True
AEROUSDT,3,3,,1808,2026-07-17 16:00:00+00:00,2026-09-30 23:00:00+00:00,1,0,True
AIXBTUSDT,21,21,,15083,2025-01-10 13:00:00+00:00,2026-09-30 23:00:00+00:00,1,1,True
ALPHAUSDT,58,58,,41451,2020-10-10 05:00:00+00:00,2025-07-04 02:00:00+00:00,11,2,False
AMZNBUSDT,3,3,,1524,2026-07-29 12:00:00+00:00,2026-09-30 23:00:00+00:00,1,0,True
APTUSDT,48,48,,34630,2022-10-19 01:00:00+00:00,2026-09-30 23:00:00+00:00,2,2,True
ASMLBUSDT,2,2,,1356,2026-08-05 12:00:00+00:00,2026-09-30 23:00:00+00:00,1,0,True
ATOMUSDT,90,90,,65031,2019-04-29 04:00:00+00:00,2026-09-30 23:00:00+00:00,20,3,True
AVNTUSDT,13,13,,9139,2025-09-15 05:00:00+00:00,2026-09-30 23:00:00+00:00,1,1,True
BAKEUSDT,54,54,,38408,2021-04-30 12:00:00+00:00,2025-09-17 02:00:00+00:00,4,2,False
BATUSDT,91,91,,66363,2019-03-04 10:00:00+00:00,2026-09-30 23:00:00+00:00,21,3,True
BEBUSDT,3,3,,1524,2026-07-29 12:00:00+00:00,2026-09-30 23:00:00+00:00,1,0,True
BIGTIMEUSDT,18,18,,12898,2025-04-11 14:00:00+00:00,2026-09-30 23:00:00+00:00,1,1,True
BNCBUSDT,1,1,,396,2026-09-14 12:00:00+00:00,2026-09-30 23:00:00+00:00,1,0,True
BROCCOLI714USDT,19,19,,13251,2025-03-27 21:00:00+00:00,2026-09-30 23:00:00+00:00,1,1,True
BURGERUSDT,48,48,,34256,2021-04-30 12:00:00+00:00,2025-03-28 02:00:00+00:00,4,2,False
CETUSUSDT,23,23,,16644,2024-11-06 12:00:00+00:00,2026-09-30 23:00:00+00:00,1,1,True
CITYUSDT,59,59,,42855,2021-11-10 08:00:00+00:00,2026-09-30 23:00:00+00:00,2,2,True
COSUSDT,83,83,,60238,2019-08-03 10:00:00+00:00,2026-06-19 02:00:00+00:00,19,3,False
CRWDBUSDT,1,1,,684,2026-09-02 12:00:00+00:00,2026-09-30 23:00:00+00:00,1,0,True
CVXUSDT,58,58,,41817,2021-12-23 14:00:00+00:00,2026-09-30 23:00:00+00:00,2,2,True
DELLBUSDT,3,3,,1524,2026-07-29 12:00:00+00:00,2026-09-30 23:00:00+00:00,1,0,True
DOCKUSDT,60,60,,42948,2019-08-27 04:00:00+00:00,2024-07-22 02:00:00+00:00,18,3,False
DUSDT,18,18,,12619,2025-01-09 08:00:00+00:00,2026-06-19 02:00:00+00:00,1,1,False
ELFUSDT,44,44,,31576,2021-09-08 08:00:00+00:00,2025-04-16 02:00:00+00:00,3,2,False
EPXUSDT,28,28,,19822,2022-05-23 04:00:00+00:00,2024-08-26 02:00:00+00:00,2,2,False
EULUSDT,12,12,,8458,2025-10-13 14:00:00+00:00,2026-09-30 23:00:00+00:00,1,1,True
FIROUSDT,52,52,,36899,2021-01-29 02:00:00+00:00,2025-04-16 02:00:00+00:00,8,2,False
FORMUSDT,19,19,,13456,2025-03-19 08:00:00+00:00,2026-09-30 23:00:00+00:00,1,1,True
FUSDT,12,12,,8178,2025-10-25 06:00:00+00:00,2026-09-30 23:00:00+00:00,1,1,True
GHSTUSDT,55,55,,39302,2021-08-20 10:00:00+00:00,2026-02-13 02:00:00+00:00,3,2,False
GNOUSDT,62,62,,44583,2021-08-30 06:00:00+00:00,2026-09-30 23:00:00+00:00,3,2,True
GTOUSDT,41,41,,29854,2019-07-01 11:00:00+00:00,2022-11-28 02:00:00+00:00,18,2,False
HEIUSDT,20,20,,14272,2025-02-13 08:00:00+00:00,2026-09-30 23:00:00+00:00,1,1,True
HNTUSDT,26,26,,17976,2020-09-24 09:00:00+00:00,2022-10-14 02:00:00+00:00,10,1,False
HYPERUSDT,18,18,,12635,2025-04-22 13:00:00+00:00,2026-09-30 23:00:00+00:00,1,1,True
IMXUSDT,57,57,,41389,2022-01-10 10:00:00+00:00,2026-09-30 23:00:00+00:00,2,2,True
IQUSDT,37,37,,26512,2023-09-22 08:00:00+00:00,2026-09-30 23:00:00+00:00,1,1,True
KAIAUSDT,24,24,,16792,2024-10-31 08:00:00+00:00,2026-09-30 23:00:00+00:00,1,1,True
KGSTUSDT,10,10,,6736,2025-12-24 08:00:00+00:00,2026-09-30 23:00:00+00:00,1,1,True
KSMUSDT,73,73,,53202,2020-09-04 11:00:00+00:00,2026-09-30 23:00:00+00:00,11,2,True
LINEAUSDT,13,13,,9248,2025-09-10 16:00:00+00:00,2026-09-30 23:00:00+00:00,1,1,True
LQTYUSDT,44,44,,31452,2023-02-28 11:00:00+00:00,2026-09-30 23:00:00+00:00,2,1,True
MAGICUSDT,46,46,,33327,2022-12-12 08:00:00+00:00,2026-09-30 23:00:00+00:00,2,1,True
MBLUSDT,80,80,,57897,2020-02-21 14:00:00+00:00,2026-09-30 23:00:00+00:00,14,3,True
METABUSDT,4,4,,2219,2026-06-30 13:00:00+00:00,2026-09-30 23:00:00+00:00,1,0,True
MITHUSDT,45,45,,32179,2019-04-19 10:00:00+00:00,2022-12-22 08:00:00+00:00,19,2,False
MOVRUSDT,59,59,,42905,2021-11-08 06:00:00+00:00,2026-09-30 23:00:00+00:00,2,2,True
NANOUSDT,34,34,,24596,2019-04-03 04:00:00+00:00,2022-01-24 03:00:00+00:00,19,1,False
NEWTUSDT,16,16,,11122,2025-06-24 14:00:00+00:00,2026-09-30 23:00:00+00:00,1,1,True
NOKBUSDT,3,3,,1859,2026-07-15 13:00:00+00:00,2026-09-30 23:00:00+00:00,1,0,True
OAXUSDT,22,22,,15042,2023-03-24 08:00:00+00:00,2024-12-10 02:00:00+00:00,2,1,False
ONEUSDT,88,88,,64249,2019-06-01 04:00:00+00:00,2026-09-30 23:00:00+00:00,19,3,True
ORCAUSDT,22,22,,15923,2024-12-06 13:00:00+00:00,2026-09-30 23:00:00+00:00,1,1,True
PAXUSDT,36,36,,25560,2018-10-04 10:00:00+00:00,2021-09-06 03:00:00+00:00,21,1,False
PERPUSDT,57,57,,40759,2021-03-19 08:00:00+00:00,2025-11-12 02:00:00+00:00,6,2,False
PNTUSDT,47,47,,33121,2020-06-22 04:00:00+00:00,2024-04-03 02:00:00+00:00,12,3,False
PORTOUSDT,59,59,,42707,2021-11-16 12:00:00+00:00,2026-09-30 23:00:00+00:00,2,2,True
PYPLBUSDT,3,3,,1524,2026-07-29 12:00:00+00:00,2026-09-30 23:00:00+00:00,1,0,True
QTUMUSDT,103,103,,74737,2018-03-19 08:00:00+00:00,2026-09-30 23:00:00+00:00,26,3,True
REDUSDT,20,20,,13903,2025-02-28 10:00:00+00:00,2026-09-30 23:00:00+00:00,2,1,True
REZUSDT,30,30,,21204,2024-04-30 12:00:00+00:00,2026-09-30 23:00:00+00:00,1,1,True
RONINUSDT,32,32,,23243,2024-02-05 13:00:00+00:00,2026-09-30 23:00:00+00:00,1,1,True
SANDUSDT,74,74,,53704,2020-08-14 13:00:00+00:00,2026-09-30 23:00:00+00:00,11,2,True
SFPUSDT,68,68,,49437,2021-02-08 13:00:00+00:00,2026-09-30 23:00:00+00:00,8,2,True
SLFUSDT,14,14,,9187,2024-08-30 08:00:00+00:00,2025-09-17 02:00:00+00:00,1,1,False
SOLVUSDT,21,21,,14918,2025-01-17 10:00:00+00:00,2026-09-30 23:00:00+00:00,1,1,True
STEEMUSDT,54,54,,38941,2022-04-22 10:00:00+00:00,2026-09-30 23:00:00+00:00,2,2,True
STRAXUSDT,71,71,,51213,2020-11-18 03:00:00+00:00,2026-09-30 23:00:00+00:00,12,3,True
SUSDUSDT,17,17,,11813,2020-12-04 11:00:00+00:00,2022-04-11 08:00:00+00:00,9,1,False
TFUELUSDT,89,89,,64435,2019-05-24 10:00:00+00:00,2026-09-30 23:00:00+00:00,19,3,True
TONUSDT,23,23,,16577,2024-08-08 10:00:00+00:00,2026-06-30 02:00:00+00:00,1,1,False
TRUMPUSDT,21,21,,14872,2025-01-19 08:00:00+00:00,2026-09-30 23:00:00+00:00,1,1,True
TUTUSDT,19,19,,13251,2025-03-27 21:00:00+00:00,2026-09-30 23:00:00+00:00,1,1,True
USD1USDT,17,17,,11916,2025-05-22 12:00:00+00:00,2026-09-30 23:00:00+00:00,1,1,True
VANRYUSDT,33,33,,23755,2023-12-01 08:00:00+00:00,2026-08-17 02:00:00+00:00,1,1,False
VIRTUALUSDT,18,18,,12898,2025-04-11 14:00:00+00:00,2026-09-30 23:00:00+00:00,1,1,True
WBETHUSDT,39,39,,28074,2023-07-19 06:00:00+00:00,2026-09-30 23:00:00+00:00,1,1,True
WLFIUSDT,13,13,,9467,2025-09-01 13:00:00+00:00,2026-09-30 23:00:00+00:00,1,1,True
XECUSDT,61,61,,44483,2021-09-03 10:00:00+00:00,2026-09-30 23:00:00+00:00,3,2,True
XUSDUSDT,19,19,,13456,2025-03-19 08:00:00+00:00,2026-09-30 23:00:00+00:00,1,1,True
ZAMAUSDT,8,8,,5771,2026-02-02 13:00:00+00:00,2026-09-30 23:00:00+00:00,1,1,True
ZMBUSDT,1,1,,12,2026-09-30 12:00:00+00:00,2026-09-30 23:00:00+00:00,1,0,True
2ZUSDT,12,12,,8723,2025-10-02 13:00:00+00:00,2026-09-30 23:00:00+00:00,1,1,True
ACMUSDT,68,68,,49056,2021-02-24 11:00:00+00:00,2026-09-30 23:00:00+00:00,7,2,True
AEVOUSDT,31,31,,22358,2024-03-13 10:00:00+00:00,2026-09-30 23:00:00+00:00,1,1,True
AKROUSDT,50,50,,36313,2020-11-02 07:00:00+00:00,2024-12-25 02:00:00+00:00,11,2,False
ALPINEUSDT,56,56,,40379,2022-02-21 12:00:00+00:00,2026-09-30 23:00:00+00:00,2,2,True
ANCUSDT,12,12,,8056,2022-01-25 11:00:00+00:00,2022-12-27 02:00:00+00:00,1,1,False
ARBUSDT,43,43,,30896,2023-03-23 15:00:00+00:00,2026-09-30 23:00:00+00:00,2,1,True
ASRUSDT,70,70,,50404,2020-12-30 06:00:00+00:00,2026-09-30 23:00:00+00:00,8,2,True
ATUSDT,11,11,,7378,2025-11-27 14:00:00+00:00,2026-09-30 23:00:00+00:00,1,1,True
AWEUSDT,17,17,,11944,2025-05-21 08:00:00+00:00,2026-09-30 23:00:00+00:00,1,1,True
BALUSDT,57,57,,40994,2020-08-11 06:00:00+00:00,2025-04-16 02:00:00+00:00,11,2,False
BBUSDT,29,29,,20894,2024-05-13 10:00:00+00:00,2026-09-30 23:00:00+00:00,1,1,True
BELUSDT,73,73,,52941,2020-09-15 08:00:00+00:00,2026-09-30 23:00:00+00:00,11,2,True
BIOUSDT,21,21,,15254,2025-01-03 10:00:00+00:00,2026-09-30 23:00:00+00:00,1,1,True
BNSOLUSDT,24,24,,17128,2024-10-17 08:00:00+00:00,2026-09-30 23:00:00+00:00,1,1,True
BSWUSDT,41,41,,28813,2022-03-21 13:00:00+00:00,2025-07-04 02:00:00+00:00,2,2,False
BZRXUSDT,17,17,,11403,2020-08-31 07:00:00+00:00,2021-12-20 03:00:00+00:00,10,0,False
CFGUSDT,7,7,,4763,2026-03-16 13:00:00+00:00,2026-09-30 23:00:00+00:00,1,1,True
CKBUSDT,69,69,,49750,2021-01-26 12:00:00+00:00,2026-09-30 23:00:00+00:00,8,2,True
COTIUSDT,80,80,,57777,2020-02-26 14:00:00+00:00,2026-09-30 23:00:00+00:00,14,3,True
CRWVBUSDT,3,3,,1691,2026-07-22 13:00:00+00:00,2026-09-30 23:00:00+00:00,1,0,True
CYBERUSDT,38,38,,27420,2023-08-15 12:00:00+00:00,2026-09-30 23:00:00+00:00,1,1,True
DENTUSDT,81,81,,58428,2019-08-27 04:00:00+00:00,2026-04-28 02:00:00+00:00,18,3,False
DODOUSDT,68,68,,49177,2021-02-19 10:00:00+00:00,2026-09-30 23:00:00+00:00,7,2,True
DUSKUSDT,87,87,,63019,2019-07-22 10:00:00+00:00,2026-09-30 23:00:00+00:00,19,3,True
ENAUSDT,30,30,,21880,2024-04-02 08:00:00+00:00,2026-09-30 23:00:00+00:00,1,1,True
ERAUSDT,15,15,,10569,2025-07-17 15:00:00+00:00,2026-09-30 23:00:00+00:00,1,1,True
EWYBUSDT,4,4,,2387,2026-06-23 13:00:00+00:00,2026-09-30 23:00:00+00:00,1,0,True
FISUSDT,58,58,,41982,2021-03-03 08:00:00+00:00,2025-12-17 02:00:00+00:00,7,2,False
FORTHUSDT,61,61,,43280,2021-04-23 09:00:00+00:00,2026-04-01 02:00:00+00:00,5,2,False
FWDIBUSDT,1,1,,12,2026-09-30 12:00:00+00:00,2026-09-30 23:00:00+00:00,1,0,True
GIGGLEUSDT,12,12,,8178,2025-10-25 06:00:00+00:00,2026-09-30 23:00:00+00:00,1,1,True
GNSUSDT,44,44,,31716,2023-02-17 11:00:00+00:00,2026-09-30 23:00:00+00:00,2,1,True
GUNUSDT,19,19,,13163,2025-03-31 13:00:00+00:00,2026-09-30 23:00:00+00:00,1,1,True
HEMIUSDT,13,13,,8940,2025-09-23 12:00:00+00:00,2026-09-30 23:00:00+00:00,1,1,True
HOLOUSDT,13,13,,9228,2025-09-11 12:00:00+00:00,2026-09-30 23:00:00+00:00,1,1,True
HYPEUSDT,1,1,,157,2026-09-24 11:00:00+00:00,2026-09-30 23:00:00+00:00,1,0,True
INITUSDT,18,18,,12589,2025-04-24 11:00:00+00:00,2026-09-30 23:00:00+00:00,1,1,True
IRENBUSDT,2,2,,1356,2026-08-05 12:00:00+00:00,2026-09-30 23:00:00+00:00,1,0,True
KAITOUSDT,20,20,,14099,2025-02-20 13:00:00+00:00,2026-09-30 23:00:00+00:00,1,1,True
KITEUSDT,11,11,,7955,2025-11-03 13:00:00+00:00,2026-09-30 23:00:00+00:00,1,1,True
LAUSDT,15,15,,10760,2025-07-09 16:00:00+00:00,2026-09-30 23:00:00+00:00,1,1,True
LINKUSDT,93,93,,67491,2019-01-16 10:00:00+00:00,2026-09-30 23:00:00+00:00,21,3,True
LRCUSDT,71,71,,50829,2020-06-12 08:00:00+00:00,2026-04-01 02:00:00+00:00,12,3,False
MANAUSDT,74,74,,53899,2020-08-06 10:00:00+00:00,2026-09-30 23:00:00+00:00,11,2,True
MBOXUSDT,59,59,,42352,2021-08-19 08:00:00+00:00,2026-06-19 02:00:00+00:00,3,2,False
METISUSDT,31,31,,22404,2024-03-11 12:00:00+00:00,2026-09-30 23:00:00+00:00,1,1,True
MITOUSDT,14,14,,9537,2025-08-29 15:00:00+00:00,2026-09-30 23:00:00+00:00,1,1,True
MRNABUSDT,1,1,,684,2026-09-02 12:00:00+00:00,2026-09-30 23:00:00+00:00,1,0,True
NBISBUSDT,3,3,,2051,2026-07-07 13:00:00+00:00,2026-09-30 23:00:00+00:00,1,0,True
NEXOUSDT,54,54,,38769,2022-04-29 14:00:00+00:00,2026-09-30 23:00:00+00:00,2,2,True
NOMUSDT,12,12,,8752,2025-10-01 08:00:00+00:00,2026-09-30 23:00:00+00:00,1,1,True
OCEANUSDT,48,48,,33864,2020-08-19 08:00:00+00:00,2024-07-01 02:00:00+00:00,11,2,False
ONGUSDT,92,92,,66747,2019-02-16 10:00:00+00:00,2026-09-30 23:00:00+00:00,21,3,True
ORCLBUSDT,3,3,,1691,2026-07-22 13:00:00+00:00,2026-09-30 23:00:00+00:00,1,0,True
PDAUSDT,15,15,,10243,2024-03-01 08:00:00+00:00,2025-05-02 02:00:00+00:00,1,1,False
PHAUSDT,64,64,,46159,2021-06-25 10:00:00+00:00,2026-09-30 23:00:00+00:00,4,2,True
PNUTUSDT,23,23,,16526,2024-11-11 10:00:00+00:00,2026-09-30 23:00:00+00:00,1,1,True
POWRUSDT,59,59,,42689,2021-11-17 06:00:00+00:00,2026-09-30 23:00:00+00:00,2,2,True
PYRUSDT,58,58,,41394,2021-11-26 08:00:00+00:00,2026-08-17 02:00:00+00:00,2,2,False
QUICKUSDT,62,62,,44884,2021-08-13 12:00:00+00:00,2026-09-30 23:00:00+00:00,4,2,True
REEFUSDT,45,45,,32047,2020-12-29 06:00:00+00:00,2024-08-26 02:00:00+00:00,8,2,False
RGTUSDT,5,5,,3094,2021-11-05 06:00:00+00:00,2022-03-14 03:00:00+00:00,1,1,False
ROSEUSDT,71,71,,51381,2020-11-19 08:00:00+00:00,2026-09-30 23:00:00+00:00,11,2,True
SANTOSUSDT,58,58,,42348,2021-12-01 11:00:00+00:00,2026-09-30 23:00:00+00:00,2,2,True
SHAZBUSDT,1,1,,12,2026-09-30 12:00:00+00:00,2026-09-30 23:00:00+00:00,1,0,True
SLPUSDT,66,66,,47501,2021-04-30 12:00:00+00:00,2026-09-30 23:00:00+00:00,4,2,True
SOMIUSDT,13,13,,9442,2025-09-02 14:00:00+00:00,2026-09-30 23:00:00+00:00,1,1,True
STGUSDT,50,50,,36086,2022-08-19 09:00:00+00:00,2026-09-30 23:00:00+00:00,2,2,False
STRKUSDT,32,32,,22883,2024-02-20 13:00:00+00:00,2026-09-30 23:00:00+00:00,1,1,True
SUSHIUSDT,73,73,,53274,2020-09-01 11:00:00+00:00,2026-09-30 23:00:00+00:00,11,2,True
THETAUSDT,90,90,,65487,2019-04-10 04:00:00+00:00,2026-09-30 23:00:00+00:00,20,3,True
TORNUSDT,19,19,,13527,2021-06-11 06:00:00+00:00,2022-12-27 02:00:00+00:00,3,1,False
TRUUSDT,64,64,,46182,2021-01-19 07:00:00+00:00,2026-04-28 02:00:00+00:00,8,2,False
TVKUSDT,28,28,,20218,2021-08-06 10:00:00+00:00,2023-11-27 02:00:00+00:00,4,2,False
USDEUSDT,13,13,,9276,2025-09-09 12:00:00+00:00,2026-09-30 23:00:00+00:00,1,1,True
VELODROMEUSDT,22,22,,15754,2024-12-13 14:00:00+00:00,2026-09-30 23:00:00+00:00,1,1,True
VITEUSDT,63,63,,45558,2019-12-13 14:00:00+00:00,2025-02-24 02:00:00+00:00,16,3,False
WBTCUSDT,42,42,,30038,2023-04-28 10:00:00+00:00,2026-09-30 23:00:00+00:00,1,1,True
WNXMUSDT,47,47,,33313,2020-08-28 07:00:00+00:00,2024-06-17 02:00:00+00:00,11,2,False
XEMUSDT,44,44,,31195,2020-11-24 13:00:00+00:00,2024-06-17 02:00:00+00:00,11,2,False
XVGUSDT,64,64,,46615,2021-06-06 10:00:00+00:00,2026-09-30 23:00:00+00:00,4,2,True
ZBTUSDT,12,12,,8363,2025-10-17 13:00:00+00:00,2026-09-30 23:00:00+00:00,1,1,True
ZROUSDT,28,28,,19979,2024-06-20 13:00:00+00:00,2026-09-30 23:00:00+00:00,1,1,True
A2ZUSDT,10,10,,5875,2025-07-30 08:00:00+00:00,2026-04-01 02:00:00+00:00,1,1,False
ACTUSDT,23,23,,16526,2024-11-11 10:00:00+00:00,2026-09-30 23:00:00+00:00,1,1,True
AGIXUSDT,18,18,,11994,2023-02-17 08:00:00+00:00,2024-07-01 02:00:00+00:00,2,1,False
ALABBUSDT,2,2,,1356,2026-08-05 12:00:00+00:00,2026-09-30 23:00:00+00:00,1,0,True
ALTUSDT,33,33,,23510,2024-01-25 10:00:00+00:00,2026-09-30 23:00:00+00:00,1,1,True
ANIMEUSDT,21,21,,14769,2025-01-23 15:00:00+00:00,2026-09-30 23:00:00+00:00,1,1,True
ARDRUSDT,75,75,,53901,2020-05-15 08:00:00+00:00,2026-07-10 02:00:00+00:00,12,3,False
ASTERUSDT,12,12,,8628,2025-10-06 12:00:00+00:00,2026-09-30 23:00:00+00:00,1,1,True
AUCTIONUSDT,60,60,,43141,2021-10-29 10:00:00+00:00,2026-09-30 23:00:00+00:00,2,2,True
AXLUSDT,31,31,,22645,2024-03-01 11:00:00+00:00,2026-09-30 23:00:00+00:00,1,1,True
BANANAS31USDT,19,19,,13251,2025-03-27 21:00:00+00:00,2026-09-30 23:00:00+00:00,1,1,True
BCCUSDT,13,13,,8805,2017-11-11 08:00:00+00:00,2018-11-20 02:00:00+00:00,9,1,False
BERAUSDT,20,20,,14435,2025-02-06 13:00:00+00:00,2026-09-30 23:00:00+00:00,1,1,True
BKRWUSDT,2,2,,767,2020-07-06 05:00:00+00:00,2020-08-07 03:00:00+00:00,1,0,False
BNTUSDT,80,80,,58255,2020-02-06 10:00:00+00:00,2026-09-30 23:00:00+00:00,16,3,True
BTCSTUSDT,23,23,,16304,2021-01-13 06:00:00+00:00,2022-11-28 02:00:00+00:00,8,1,False
C98USDT,63,63,,45485,2021-07-23 12:00:00+00:00,2026-09-30 23:00:00+00:00,4,2,True
CFXUSDT,67,67,,48265,2021-03-29 11:00:00+00:00,2026-09-30 23:00:00+00:00,6,2,True
CLVUSDT,44,44,,31334,2021-07-29 06:00:00+00:00,2025-02-24 02:00:00+00:00,4,2,False
COWUSDT,23,23,,16644,2024-11-06 12:00:00+00:00,2026-09-30 23:00:00+00:00,1,1,True
CTKUSDT,72,72,,51933,2020-10-27 08:00:00+00:00,2026-09-30 23:00:00+00:00,11,2,True
CYPHBUSDT,1,1,,180,2026-09-23 12:00:00+00:00,2026-09-30 23:00:00+00:00,1,0,True
DEXEUSDT,63,63,,45487,2021-07-23 10:00:00+00:00,2026-09-30 23:00:00+00:00,4,2,True
DOGEUSDT,87,87,,63425,2019-07-05 12:00:00+00:00,2026-09-30 23:00:00+00:00,19,3,True
DYDXUSDT,61,61,,44347,2021-09-09 02:00:00+00:00,2026-09-30 23:00:00+00:00,3,2,True
ENJUSDT,90,90,,65295,2019-04-18 04:00:00+00:00,2026-09-30 23:00:00+00:00,20,3,True
ERDUSDT,14,14,,10147,2019-07-04 08:00:00+00:00,2020-08-31 02:00:00+00:00,9,0,False
FARMUSDT,58,58,,41988,2021-08-11 08:00:00+00:00,2026-05-27 02:00:00+00:00,4,2,False
FLMUSDT,63,63,,44881,2020-09-28 07:00:00+00:00,2025-11-12 02:00:00+00:00,11,2,False
FORUSDT,37,37,,26438,2021-08-20 10:00:00+00:00,2024-08-26 02:00:00+00:00,3,2,False
FXSUSDT,50,50,,35873,2021-12-10 09:00:00+00:00,2026-01-13 02:00:00+00:00,2,2,False
GLMRUSDT,57,57,,41359,2022-01-11 16:00:00+00:00,2026-09-30 23:00:00+00:00,2,2,True
GPROBUSDT,1,1,,348,2026-09-16 12:00:00+00:00,2026-09-30 23:00:00+00:00,1,0,True
GUSDT,27,27,,19288,2024-07-19 08:00:00+00:00,2026-09-30 23:00:00+00:00,1,1,True
HFTUSDT,46,46,,33085,2022-11-07 13:00:00+00:00,2026-08-17 02:00:00+00:00,2,2,False
HOMEUSDT,16,16,,11409,2025-06-12 15:00:00+00:00,2026-09-30 23:00:00+00:00,1,1,True
IBMBUSDT,3,3,,1859,2026-07-15 13:00:00+00:00,2026-09-30 23:00:00+00:00,1,0,True
INJUSDT,72,72,,52081,2020-10-21 04:00:00+00:00,2026-09-30 23:00:00+00:00,11,2,True
IRISUSDT,53,53,,37946,2020-08-11 06:00:00+00:00,2024-12-10 02:00:00+00:00,11,2,False
KATUSDT,7,7,,4715,2026-03-18 13:00:00+00:00,2026-09-30 23:00:00+00:00,1,1,True
KLAYUSDT,41,41,,29316,2021-06-24 08:00:00+00:00,2024-10-28 02:00:00+00:00,4,2,False
LAYERUSDT,20,20,,14314,2025-02-11 14:00:00+00:00,2026-09-30 23:00:00+00:00,1,1,True
LISTAUSDT,28,28,,19982,2024-06-20 10:00:00+00:00,2026-09-30 23:00:00+00:00,1,1,True
LSKUSDT,80,80,,58255,2020-02-06 10:00:00+00:00,2026-09-30 23:00:00+00:00,16,3,True
MANTAUSDT,33,33,,23678,2024-01-18 10:00:00+00:00,2026-09-30 23:00:00+00:00,1,1,True
MCOUSDT,12,12,,8124,2019-11-19 10:00:00+00:00,2020-10-23 11:00:00+00:00,7,0,False
METUSDT,11,11,,7714,2025-11-13 14:00:00+00:00,2026-09-30 23:00:00+00:00,1,1,True
MKRUSDT,63,63,,45090,2020-07-23 14:00:00+00:00,2025-09-15 02:00:00+00:00,11,3,False
MRVLBUSDT,3,3,,1859,2026-07-15 13:00:00+00:00,2026-09-30 23:00:00+00:00,1,0,True
NBSUSDT,26,26,,18293,2020-09-21 10:00:00+00:00,2022-10-24 08:00:00+00:00,10,1,False
NFLXBUSDT,2,2,,1356,2026-08-05 12:00:00+00:00,2026-09-30 23:00:00+00:00,1,0,True
NOTUSDT,29,29,,20820,2024-05-16 12:00:00+00:00,2026-09-30 23:00:00+00:00,1,1,True
OGNUSDT,81,81,,58934,2020-01-09 03:00:00+00:00,2026-09-30 23:00:00+00:00,16,3,True
ONTUSDT,100,100,,72804,2018-06-08 07:00:00+00:00,2026-09-30 23:00:00+00:00,25,3,True
ORDIUSDT,35,35,,25404,2023-11-07 12:00:00+00:00,2026-09-30 23:00:00+00:00,1,1,True
PDDBUSDT,1,1,,12,2026-09-30 12:00:00+00:00,2026-09-30 23:00:00+00:00,1,0,True
PHBUSDT,43,43,,30857,2022-11-18 09:00:00+00:00,2026-05-27 02:00:00+00:00,2,2,False
POLSUSDT,39,39,,27829,2021-05-19 07:00:00+00:00,2024-07-22 02:00:00+00:00,4,2,False
PROMUSDT,43,43,,31047,2023-03-17 08:00:00+00:00,2026-09-30 23:00:00+00:00,2,1,True
PYTHUSDT,32,32,,23316,2024-02-02 12:00:00+00:00,2026-09-30 23:00:00+00:00,1,1,True
RADUSDT,60,60,,43672,2021-10-07 07:00:00+00:00,2026-09-30 23:00:00+00:00,2,2,True
REIUSDT,44,44,,31750,2022-05-04 04:00:00+00:00,2025-12-17 02:00:00+00:00,2,2,False
RIFUSDT,69,69,,50205,2021-01-07 13:00:00+00:00,2026-09-30 23:00:00+00:00,8,2,True
RPLUSDT,45,45,,32439,2023-01-18 08:00:00+00:00,2026-09-30 23:00:00+00:00,2,1,True
SAPIENUSDT,11,11,,7886,2025-11-06 10:00:00+00:00,2026-09-30 23:00:00+00:00,1,1,True
SHELLUSDT,20,20,,13931,2025-02-27 13:00:00+00:00,2026-09-30 23:00:00+00:00,1,1,True
SMCIBUSDT,2,2,,1356,2026-08-05 12:00:00+00:00,2026-09-30 23:00:00+00:00,1,0,True
SOPHUSDT,17,17,,11771,2025-05-28 13:00:00+00:00,2026-09-30 23:00:00+00:00,1,1,True
STMXUSDT,57,57,,41234,2020-06-11 03:00:00+00:00,2025-02-24 02:00:00+00:00,12,3,False
STXBUSDT,1,1,,684,2026-09-02 12:00:00+00:00,2026-09-30 23:00:00+00:00,1,0,True
SXPUSDT,70,70,,49916,2020-07-20 12:00:00+00:00,2026-04-01 02:00:00+00:00,11,3,False
THEUSDT,23,23,,16142,2024-11-27 10:00:00+00:00,2026-09-30 23:00:00+00:00,1,1,True
TOWNSUSDT,14,14,,10114,2025-08-05 14:00:00+00:00,2026-09-30 23:00:00+00:00,1,1,True
TRXUSDT,100,100,,72718,2018-06-11 11:00:00+00:00,2026-09-30 23:00:00+00:00,26,3,True
TWTUSDT,69,69,,49730,2021-01-27 08:00:00+00:00,2026-09-30 23:00:00+00:00,8,2,True
USDSBUSDT,4,4,,2273,2019-06-24 10:00:00+00:00,2019-09-27 10:00:00+00:00,2,0,False
VENUSDT,3,3,,723,2018-06-22 08:00:00+00:00,2018-10-19 09:00:00+00:00,5,0,False
VOXELUSDT,49,49,,35126,2021-12-14 12:00:00+00:00,2025-12-17 02:00:00+00:00,2,2,False
WCTUSDT,18,18,,12805,2025-04-15 11:00:00+00:00,2026-09-30 23:00:00+00:00,1,1,True
WOOUSDT,56,56,,40697,2022-02-08 06:00:00+00:00,2026-09-30 23:00:00+00:00,2,2,True
XLMUSDT,101,101,,72984,2018-05-31 09:00:00+00:00,2026-09-30 23:00:00+00:00,26,3,True
XVSUSDT,72,72,,52440,2020-10-06 05:00:00+00:00,2026-09-30 23:00:00+00:00,11,2,True
ZECUSDT,91,91,,65967,2019-03-21 04:00:00+00:00,2026-09-30 23:00:00+00:00,20,3,True
ZRXUSDT,92,92,,66465,2019-02-28 04:00:00+00:00,2026-09-30 23:00:00+00:00,21,3,True
