period,liquidity_quartile,trades,median_30d_avg_daily_quote_volume,target_rate,avg_net_return
ALL,Q1_LOW,43,1224816.0930869998,0.5116279069767442,0.03839534883720931
ALL,Q2,43,4031314.012525333,0.5348837209302325,0.04118604651162792
ALL,Q3,42,9150262.188173335,0.3333333333333333,0.016999999999999998
ALL,Q4_HIGH,43,42175723.75552,0.2558139534883721,0.00769767441860465
2020,Q1_LOW,2,3636863.2790985005,0.5,0.037000000000000005
2020,Q2,1,9652056.950309668,0.0,-0.023
2020,Q3,1,16563980.529769534,0.0,-0.023
2020,Q4_HIGH,1,62442569.66760191,0.0,-0.023
2021,Q1_LOW,1,11279863.119639998,0.0,-0.023
2021,Q2,1,30902075.915834,0.0,-0.023
2021,Q3,1,39211824.84630876,0.0,-0.023
2021,Q4_HIGH,1,98144179.28676334,0.0,-0.023
2022,Q1_LOW,7,1289628.1595825332,0.2857142857142857,0.011285714285714288
2022,Q2,7,2546052.705912334,0.2857142857142857,0.011285714285714288
2022,Q3,7,7254935.3667459,0.5714285714285714,0.04557142857142858
2022,Q4_HIGH,7,24945207.38401,0.2857142857142857,0.011285714285714288
2023,Q1_LOW,2,1132084.7307166667,0.0,-0.023
2023,Q2,1,1982407.9952393328,0.0,-0.023
2023,Q3,1,6722566.4987056665,0.0,-0.023
2023,Q4_HIGH,1,12571383.94798,0.0,-0.023
2024,Q1_LOW,11,1354165.5953843666,1.0,0.09699999999999999
2024,Q2,11,4465843.056622333,0.7272727272727273,0.06427272727272727
2024,Q3,10,12152801.325293833,0.0,-0.023
2024,Q4_HIGH,11,86850079.56849419,0.09090909090909091,-0.01209090909090909
2025,Q1_LOW,16,1299165.4652281667,0.5625,0.044500000000000005
2025,Q2,15,4021775.4991186666,0.4,0.025
2025,Q3,15,9244830.675063334,0.5333333333333333,0.040999999999999995
2025,Q4_HIGH,16,42038763.338384,0.4375,0.029500000000000005
2026,Q1_LOW,6,417619.8713263334,0.5,0.037000000000000005
2026,Q2,6,1720430.8158818665,0.16666666666666666,-0.002999999999999998
2026,Q3,6,5137390.1690971665,0.3333333333333333,0.017
2026,Q4_HIGH,6,18709216.4468705,0.5,0.037000000000000005
