year,sleeves,starting_equity,ending_equity,return,accepted_trades,capacity_skipped_trades,max_realised_drawdown
2020,1,1000.0,1023.0345918009999,0.02303459180099998,4,1,-0.06742516700000012
2020,2,1000.0,1000.0172959004999,1.729590049981411e-05,5,0,-0.04624006113447787
2020,3,1000.0,1000.0115306003331,1.1530600333209406e-05,5,0,-0.031309463415886474
2021,1,1000.0,932.574833,-0.06742516700000001,3,1,-0.06742516700000001
2021,2,1000.0,954.7874165000001,-0.0452125834999999,4,0,-0.0452125834999999
2021,3,1000.0,969.8582776666665,-0.030141722333333565,4,0,-0.030141722333333565
2022,1,1000.0,1412.7838489238502,0.4127838489238502,20,8,-0.18894356670007406
2022,2,1000.0,1293.9661078270829,0.29396610782708277,28,0,-0.11720728335003694
2022,3,1000.0,1195.9774052180549,0.19597740521805496,28,0,-0.078138188900025
2023,1,1000.0,932.574833,-0.06742516700000001,3,2,-0.06742516700000001
2023,2,1000.0,943.5519165000001,-0.05644808349999997,5,0,-0.05644808349999997
2023,3,1000.0,962.3679443333331,-0.03763205566666694,5,0,-0.03763205566666694
2024,1,1000.0,1022.0216214204046,0.022021621420404536,14,29,-0.10983027723134309
2024,2,1000.0,1126.575328252527,0.12657532825252704,20,23,-0.06439617457824798
2024,3,1000.0,1161.4265638632342,0.16142656386323417,26,17,-0.06030398320690511
2025,1,1000.0,1228.6922067646224,0.22869220676462243,26,36,-0.1698501194473635
2025,2,1000.0,1229.9106209246359,0.22991062092463577,32,30,-0.12099389959478268
2025,3,1000.0,1302.6714877100903,0.3026714877100902,36,26,-0.060177106181424134
2026,1,1000.0,910.2234495239151,-0.0897765504760849,14,10,-0.20759786466597263
2026,2,1000.0,990.9962247619576,-0.00900377523804241,16,8,-0.10739467373784661
2026,3,1000.0,1017.9204831746381,0.017920483174638013,18,6,-0.07243284108120929
