variant,exit_reason,count,share,family,stop_mode,cap_days,take_profit_pct,trail_giveback_pct,partial_take_profit_pct
FIXEDTP_FIXED10_TP10_CAP1D,STOP,1824,0.46471337579617833,FIXED_TP,FIXED10,1,0.1,,
FIXEDTP_FIXED10_TP10_CAP1D,TARGET,2101,0.5352866242038217,FIXED_TP,FIXED10,1,0.1,,
FIXEDTP_FIXED10_TP10_CAP2D,STOP,1824,0.46471337579617833,FIXED_TP,FIXED10,2,0.1,,
FIXEDTP_FIXED10_TP10_CAP2D,TARGET,2101,0.5352866242038217,FIXED_TP,FIXED10,2,0.1,,
FIXEDTP_FIXED10_TP10_CAP30D,STOP,1824,0.46471337579617833,FIXED_TP,FIXED10,30,0.1,,
FIXEDTP_FIXED10_TP10_CAP30D,TARGET,2101,0.5352866242038217,FIXED_TP,FIXED10,30,0.1,,
FIXEDTP_FIXED10_TP10_CAP3D,STOP,1824,0.46471337579617833,FIXED_TP,FIXED10,3,0.1,,
FIXEDTP_FIXED10_TP10_CAP3D,TARGET,2101,0.5352866242038217,FIXED_TP,FIXED10,3,0.1,,
FIXEDTP_FIXED10_TP10_CAP4D,STOP,1824,0.46471337579617833,FIXED_TP,FIXED10,4,0.1,,
FIXEDTP_FIXED10_TP10_CAP4D,TARGET,2101,0.5352866242038217,FIXED_TP,FIXED10,4,0.1,,
FIXEDTP_FIXED10_TP10_CAP5D,STOP,1824,0.46471337579617833,FIXED_TP,FIXED10,5,0.1,,
FIXEDTP_FIXED10_TP10_CAP5D,TARGET,2101,0.5352866242038217,FIXED_TP,FIXED10,5,0.1,,
FIXEDTP_FIXED10_TP10_CAP6D,STOP,1824,0.46471337579617833,FIXED_TP,FIXED10,6,0.1,,
FIXEDTP_FIXED10_TP10_CAP6D,TARGET,2101,0.5352866242038217,FIXED_TP,FIXED10,6,0.1,,
FIXEDTP_FIXED10_TP10_CAP7D,STOP,1824,0.46471337579617833,FIXED_TP,FIXED10,7,0.1,,
FIXEDTP_FIXED10_TP10_CAP7D,TARGET,2101,0.5352866242038217,FIXED_TP,FIXED10,7,0.1,,
FIXEDTP_FIXED10_TP20_CAP1D,STOP,2398,0.6140845070422535,FIXED_TP,FIXED10,1,0.2,,
FIXEDTP_FIXED10_TP20_CAP1D,TARGET,1507,0.38591549295774646,FIXED_TP,FIXED10,1,0.2,,
FIXEDTP_FIXED10_TP20_CAP2D,STOP,2398,0.6140845070422535,FIXED_TP,FIXED10,2,0.2,,
FIXEDTP_FIXED10_TP20_CAP2D,TARGET,1507,0.38591549295774646,FIXED_TP,FIXED10,2,0.2,,
FIXEDTP_FIXED10_TP20_CAP30D,STOP,2398,0.6140845070422535,FIXED_TP,FIXED10,30,0.2,,
FIXEDTP_FIXED10_TP20_CAP30D,TARGET,1507,0.38591549295774646,FIXED_TP,FIXED10,30,0.2,,
FIXEDTP_FIXED10_TP20_CAP3D,STOP,2398,0.6140845070422535,FIXED_TP,FIXED10,3,0.2,,
FIXEDTP_FIXED10_TP20_CAP3D,TARGET,1507,0.38591549295774646,FIXED_TP,FIXED10,3,0.2,,
FIXEDTP_FIXED10_TP20_CAP4D,STOP,2398,0.6140845070422535,FIXED_TP,FIXED10,4,0.2,,
FIXEDTP_FIXED10_TP20_CAP4D,TARGET,1507,0.38591549295774646,FIXED_TP,FIXED10,4,0.2,,
FIXEDTP_FIXED10_TP20_CAP5D,STOP,2398,0.6140845070422535,FIXED_TP,FIXED10,5,0.2,,
FIXEDTP_FIXED10_TP20_CAP5D,TARGET,1507,0.38591549295774646,FIXED_TP,FIXED10,5,0.2,,
FIXEDTP_FIXED10_TP20_CAP6D,STOP,2398,0.6140845070422535,FIXED_TP,FIXED10,6,0.2,,
FIXEDTP_FIXED10_TP20_CAP6D,TARGET,1507,0.38591549295774646,FIXED_TP,FIXED10,6,0.2,,
FIXEDTP_FIXED10_TP20_CAP7D,STOP,2398,0.6140845070422535,FIXED_TP,FIXED10,7,0.2,,
FIXEDTP_FIXED10_TP20_CAP7D,TARGET,1507,0.38591549295774646,FIXED_TP,FIXED10,7,0.2,,
FIXEDTP_FIXED3_TP10_CAP1D,STOP,2898,0.7372169931315187,FIXED_TP,FIXED3,1,0.1,,
FIXEDTP_FIXED3_TP10_CAP1D,STOP_AMBIGUOUS,1,0.0002543881963876876,FIXED_TP,FIXED3,1,0.1,,
FIXEDTP_FIXED3_TP10_CAP1D,TARGET,1032,0.2625286186720936,FIXED_TP,FIXED3,1,0.1,,
FIXEDTP_FIXED3_TP10_CAP2D,STOP,2898,0.7372169931315187,FIXED_TP,FIXED3,2,0.1,,
FIXEDTP_FIXED3_TP10_CAP2D,STOP_AMBIGUOUS,1,0.0002543881963876876,FIXED_TP,FIXED3,2,0.1,,
FIXEDTP_FIXED3_TP10_CAP2D,TARGET,1032,0.2625286186720936,FIXED_TP,FIXED3,2,0.1,,
FIXEDTP_FIXED3_TP10_CAP30D,STOP,2898,0.7372169931315187,FIXED_TP,FIXED3,30,0.1,,
FIXEDTP_FIXED3_TP10_CAP30D,STOP_AMBIGUOUS,1,0.0002543881963876876,FIXED_TP,FIXED3,30,0.1,,
FIXEDTP_FIXED3_TP10_CAP30D,TARGET,1032,0.2625286186720936,FIXED_TP,FIXED3,30,0.1,,
FIXEDTP_FIXED3_TP10_CAP3D,STOP,2898,0.7372169931315187,FIXED_TP,FIXED3,3,0.1,,
FIXEDTP_FIXED3_TP10_CAP3D,STOP_AMBIGUOUS,1,0.0002543881963876876,FIXED_TP,FIXED3,3,0.1,,
FIXEDTP_FIXED3_TP10_CAP3D,TARGET,1032,0.2625286186720936,FIXED_TP,FIXED3,3,0.1,,
FIXEDTP_FIXED3_TP10_CAP4D,STOP,2898,0.7372169931315187,FIXED_TP,FIXED3,4,0.1,,
FIXEDTP_FIXED3_TP10_CAP4D,STOP_AMBIGUOUS,1,0.0002543881963876876,FIXED_TP,FIXED3,4,0.1,,
FIXEDTP_FIXED3_TP10_CAP4D,TARGET,1032,0.2625286186720936,FIXED_TP,FIXED3,4,0.1,,
FIXEDTP_FIXED3_TP10_CAP5D,STOP,2898,0.7372169931315187,FIXED_TP,FIXED3,5,0.1,,
FIXEDTP_FIXED3_TP10_CAP5D,STOP_AMBIGUOUS,1,0.0002543881963876876,FIXED_TP,FIXED3,5,0.1,,
FIXEDTP_FIXED3_TP10_CAP5D,TARGET,1032,0.2625286186720936,FIXED_TP,FIXED3,5,0.1,,
FIXEDTP_FIXED3_TP10_CAP6D,STOP,2898,0.7372169931315187,FIXED_TP,FIXED3,6,0.1,,
FIXEDTP_FIXED3_TP10_CAP6D,STOP_AMBIGUOUS,1,0.0002543881963876876,FIXED_TP,FIXED3,6,0.1,,
FIXEDTP_FIXED3_TP10_CAP6D,TARGET,1032,0.2625286186720936,FIXED_TP,FIXED3,6,0.1,,
FIXEDTP_FIXED3_TP10_CAP7D,STOP,2898,0.7372169931315187,FIXED_TP,FIXED3,7,0.1,,
FIXEDTP_FIXED3_TP10_CAP7D,STOP_AMBIGUOUS,1,0.0002543881963876876,FIXED_TP,FIXED3,7,0.1,,
FIXEDTP_FIXED3_TP10_CAP7D,TARGET,1032,0.2625286186720936,FIXED_TP,FIXED3,7,0.1,,
FIXEDTP_FIXED3_TP20_CAP1D,STOP,3274,0.8335030549898167,FIXED_TP,FIXED3,1,0.2,,
FIXEDTP_FIXED3_TP20_CAP1D,TARGET,654,0.1664969450101833,FIXED_TP,FIXED3,1,0.2,,
FIXEDTP_FIXED3_TP20_CAP2D,STOP,3274,0.8335030549898167,FIXED_TP,FIXED3,2,0.2,,
FIXEDTP_FIXED3_TP20_CAP2D,TARGET,654,0.1664969450101833,FIXED_TP,FIXED3,2,0.2,,
FIXEDTP_FIXED3_TP20_CAP30D,STOP,3274,0.8335030549898167,FIXED_TP,FIXED3,30,0.2,,
FIXEDTP_FIXED3_TP20_CAP30D,TARGET,654,0.1664969450101833,FIXED_TP,FIXED3,30,0.2,,
FIXEDTP_FIXED3_TP20_CAP3D,STOP,3274,0.8335030549898167,FIXED_TP,FIXED3,3,0.2,,
FIXEDTP_FIXED3_TP20_CAP3D,TARGET,654,0.1664969450101833,FIXED_TP,FIXED3,3,0.2,,
FIXEDTP_FIXED3_TP20_CAP4D,STOP,3274,0.8335030549898167,FIXED_TP,FIXED3,4,0.2,,
FIXEDTP_FIXED3_TP20_CAP4D,TARGET,654,0.1664969450101833,FIXED_TP,FIXED3,4,0.2,,
FIXEDTP_FIXED3_TP20_CAP5D,STOP,3274,0.8335030549898167,FIXED_TP,FIXED3,5,0.2,,
FIXEDTP_FIXED3_TP20_CAP5D,TARGET,654,0.1664969450101833,FIXED_TP,FIXED3,5,0.2,,
FIXEDTP_FIXED3_TP20_CAP6D,STOP,3274,0.8335030549898167,FIXED_TP,FIXED3,6,0.2,,
FIXEDTP_FIXED3_TP20_CAP6D,TARGET,654,0.1664969450101833,FIXED_TP,FIXED3,6,0.2,,
FIXEDTP_FIXED3_TP20_CAP7D,STOP,3274,0.8335030549898167,FIXED_TP,FIXED3,7,0.2,,
FIXEDTP_FIXED3_TP20_CAP7D,TARGET,654,0.1664969450101833,FIXED_TP,FIXED3,7,0.2,,
FIXEDTP_FIXED5_TP10_CAP1D,STOP,2469,0.6285641547861507,FIXED_TP,FIXED5,1,0.1,,
FIXEDTP_FIXED5_TP10_CAP1D,TARGET,1459,0.3714358452138493,FIXED_TP,FIXED5,1,0.1,,
FIXEDTP_FIXED5_TP10_CAP2D,STOP,2469,0.6285641547861507,FIXED_TP,FIXED5,2,0.1,,
FIXEDTP_FIXED5_TP10_CAP2D,TARGET,1459,0.3714358452138493,FIXED_TP,FIXED5,2,0.1,,
FIXEDTP_FIXED5_TP10_CAP30D,STOP,2469,0.6285641547861507,FIXED_TP,FIXED5,30,0.1,,
FIXEDTP_FIXED5_TP10_CAP30D,TARGET,1459,0.3714358452138493,FIXED_TP,FIXED5,30,0.1,,
FIXEDTP_FIXED5_TP10_CAP3D,STOP,2469,0.6285641547861507,FIXED_TP,FIXED5,3,0.1,,
FIXEDTP_FIXED5_TP10_CAP3D,TARGET,1459,0.3714358452138493,FIXED_TP,FIXED5,3,0.1,,
FIXEDTP_FIXED5_TP10_CAP4D,STOP,2469,0.6285641547861507,FIXED_TP,FIXED5,4,0.1,,
FIXEDTP_FIXED5_TP10_CAP4D,TARGET,1459,0.3714358452138493,FIXED_TP,FIXED5,4,0.1,,
FIXEDTP_FIXED5_TP10_CAP5D,STOP,2469,0.6285641547861507,FIXED_TP,FIXED5,5,0.1,,
FIXEDTP_FIXED5_TP10_CAP5D,TARGET,1459,0.3714358452138493,FIXED_TP,FIXED5,5,0.1,,
FIXEDTP_FIXED5_TP10_CAP6D,STOP,2469,0.6285641547861507,FIXED_TP,FIXED5,6,0.1,,
FIXEDTP_FIXED5_TP10_CAP6D,TARGET,1459,0.3714358452138493,FIXED_TP,FIXED5,6,0.1,,
FIXEDTP_FIXED5_TP10_CAP7D,STOP,2469,0.6285641547861507,FIXED_TP,FIXED5,7,0.1,,
FIXEDTP_FIXED5_TP10_CAP7D,TARGET,1459,0.3714358452138493,FIXED_TP,FIXED5,7,0.1,,
FIXEDTP_FIXED5_TP20_CAP1D,STOP,2971,0.7579081632653061,FIXED_TP,FIXED5,1,0.2,,
FIXEDTP_FIXED5_TP20_CAP1D,TARGET,949,0.24209183673469387,FIXED_TP,FIXED5,1,0.2,,
FIXEDTP_FIXED5_TP20_CAP2D,STOP,2971,0.7579081632653061,FIXED_TP,FIXED5,2,0.2,,
FIXEDTP_FIXED5_TP20_CAP2D,TARGET,949,0.24209183673469387,FIXED_TP,FIXED5,2,0.2,,
FIXEDTP_FIXED5_TP20_CAP30D,STOP,2971,0.7579081632653061,FIXED_TP,FIXED5,30,0.2,,
FIXEDTP_FIXED5_TP20_CAP30D,TARGET,949,0.24209183673469387,FIXED_TP,FIXED5,30,0.2,,
FIXEDTP_FIXED5_TP20_CAP3D,STOP,2971,0.7579081632653061,FIXED_TP,FIXED5,3,0.2,,
FIXEDTP_FIXED5_TP20_CAP3D,TARGET,949,0.24209183673469387,FIXED_TP,FIXED5,3,0.2,,
FIXEDTP_FIXED5_TP20_CAP4D,STOP,2971,0.7579081632653061,FIXED_TP,FIXED5,4,0.2,,
FIXEDTP_FIXED5_TP20_CAP4D,TARGET,949,0.24209183673469387,FIXED_TP,FIXED5,4,0.2,,
FIXEDTP_FIXED5_TP20_CAP5D,STOP,2971,0.7579081632653061,FIXED_TP,FIXED5,5,0.2,,
FIXEDTP_FIXED5_TP20_CAP5D,TARGET,949,0.24209183673469387,FIXED_TP,FIXED5,5,0.2,,
FIXEDTP_FIXED5_TP20_CAP6D,STOP,2971,0.7579081632653061,FIXED_TP,FIXED5,6,0.2,,
FIXEDTP_FIXED5_TP20_CAP6D,TARGET,949,0.24209183673469387,FIXED_TP,FIXED5,6,0.2,,
FIXEDTP_FIXED5_TP20_CAP7D,STOP,2971,0.7579081632653061,FIXED_TP,FIXED5,7,0.2,,
FIXEDTP_FIXED5_TP20_CAP7D,TARGET,949,0.24209183673469387,FIXED_TP,FIXED5,7,0.2,,
FIXEDTP_FIXED7_TP10_CAP1D,STOP,2155,0.5490445859872611,FIXED_TP,FIXED7,1,0.1,,
FIXEDTP_FIXED7_TP10_CAP1D,TARGET,1770,0.45095541401273886,FIXED_TP,FIXED7,1,0.1,,
FIXEDTP_FIXED7_TP10_CAP2D,STOP,2155,0.5490445859872611,FIXED_TP,FIXED7,2,0.1,,
FIXEDTP_FIXED7_TP10_CAP2D,TARGET,1770,0.45095541401273886,FIXED_TP,FIXED7,2,0.1,,
FIXEDTP_FIXED7_TP10_CAP30D,STOP,2155,0.5490445859872611,FIXED_TP,FIXED7,30,0.1,,
FIXEDTP_FIXED7_TP10_CAP30D,TARGET,1770,0.45095541401273886,FIXED_TP,FIXED7,30,0.1,,
FIXEDTP_FIXED7_TP10_CAP3D,STOP,2155,0.5490445859872611,FIXED_TP,FIXED7,3,0.1,,
FIXEDTP_FIXED7_TP10_CAP3D,TARGET,1770,0.45095541401273886,FIXED_TP,FIXED7,3,0.1,,
FIXEDTP_FIXED7_TP10_CAP4D,STOP,2155,0.5490445859872611,FIXED_TP,FIXED7,4,0.1,,
FIXEDTP_FIXED7_TP10_CAP4D,TARGET,1770,0.45095541401273886,FIXED_TP,FIXED7,4,0.1,,
FIXEDTP_FIXED7_TP10_CAP5D,STOP,2155,0.5490445859872611,FIXED_TP,FIXED7,5,0.1,,
FIXEDTP_FIXED7_TP10_CAP5D,TARGET,1770,0.45095541401273886,FIXED_TP,FIXED7,5,0.1,,
FIXEDTP_FIXED7_TP10_CAP6D,STOP,2155,0.5490445859872611,FIXED_TP,FIXED7,6,0.1,,
FIXEDTP_FIXED7_TP10_CAP6D,TARGET,1770,0.45095541401273886,FIXED_TP,FIXED7,6,0.1,,
FIXEDTP_FIXED7_TP10_CAP7D,STOP,2155,0.5490445859872611,FIXED_TP,FIXED7,7,0.1,,
FIXEDTP_FIXED7_TP10_CAP7D,TARGET,1770,0.45095541401273886,FIXED_TP,FIXED7,7,0.1,,
FIXEDTP_FIXED7_TP20_CAP1D,STOP,2716,0.6942740286298569,FIXED_TP,FIXED7,1,0.2,,
FIXEDTP_FIXED7_TP20_CAP1D,TARGET,1196,0.3057259713701431,FIXED_TP,FIXED7,1,0.2,,
FIXEDTP_FIXED7_TP20_CAP2D,STOP,2716,0.6942740286298569,FIXED_TP,FIXED7,2,0.2,,
FIXEDTP_FIXED7_TP20_CAP2D,TARGET,1196,0.3057259713701431,FIXED_TP,FIXED7,2,0.2,,
FIXEDTP_FIXED7_TP20_CAP30D,STOP,2716,0.6942740286298569,FIXED_TP,FIXED7,30,0.2,,
FIXEDTP_FIXED7_TP20_CAP30D,TARGET,1196,0.3057259713701431,FIXED_TP,FIXED7,30,0.2,,
FIXEDTP_FIXED7_TP20_CAP3D,STOP,2716,0.6942740286298569,FIXED_TP,FIXED7,3,0.2,,
FIXEDTP_FIXED7_TP20_CAP3D,TARGET,1196,0.3057259713701431,FIXED_TP,FIXED7,3,0.2,,
FIXEDTP_FIXED7_TP20_CAP4D,STOP,2716,0.6942740286298569,FIXED_TP,FIXED7,4,0.2,,
FIXEDTP_FIXED7_TP20_CAP4D,TARGET,1196,0.3057259713701431,FIXED_TP,FIXED7,4,0.2,,
FIXEDTP_FIXED7_TP20_CAP5D,STOP,2716,0.6942740286298569,FIXED_TP,FIXED7,5,0.2,,
FIXEDTP_FIXED7_TP20_CAP5D,TARGET,1196,0.3057259713701431,FIXED_TP,FIXED7,5,0.2,,
FIXEDTP_FIXED7_TP20_CAP6D,STOP,2716,0.6942740286298569,FIXED_TP,FIXED7,6,0.2,,
FIXEDTP_FIXED7_TP20_CAP6D,TARGET,1196,0.3057259713701431,FIXED_TP,FIXED7,6,0.2,,
FIXEDTP_FIXED7_TP20_CAP7D,STOP,2716,0.6942740286298569,FIXED_TP,FIXED7,7,0.2,,
FIXEDTP_FIXED7_TP20_CAP7D,TARGET,1196,0.3057259713701431,FIXED_TP,FIXED7,7,0.2,,
FIXEDTP_STRUCT_CAP10_TP10_CAP1D,STOP,2031,0.5165310274669379,FIXED_TP,STRUCT_CAP10,1,0.1,,
FIXEDTP_STRUCT_CAP10_TP10_CAP1D,TARGET,1901,0.48346897253306204,FIXED_TP,STRUCT_CAP10,1,0.1,,
FIXEDTP_STRUCT_CAP10_TP10_CAP2D,STOP,2031,0.5165310274669379,FIXED_TP,STRUCT_CAP10,2,0.1,,
FIXEDTP_STRUCT_CAP10_TP10_CAP2D,TARGET,1901,0.48346897253306204,FIXED_TP,STRUCT_CAP10,2,0.1,,
FIXEDTP_STRUCT_CAP10_TP10_CAP30D,STOP,2031,0.5165310274669379,FIXED_TP,STRUCT_CAP10,30,0.1,,
FIXEDTP_STRUCT_CAP10_TP10_CAP30D,TARGET,1901,0.48346897253306204,FIXED_TP,STRUCT_CAP10,30,0.1,,
FIXEDTP_STRUCT_CAP10_TP10_CAP3D,STOP,2031,0.5165310274669379,FIXED_TP,STRUCT_CAP10,3,0.1,,
FIXEDTP_STRUCT_CAP10_TP10_CAP3D,TARGET,1901,0.48346897253306204,FIXED_TP,STRUCT_CAP10,3,0.1,,
FIXEDTP_STRUCT_CAP10_TP10_CAP4D,STOP,2031,0.5165310274669379,FIXED_TP,STRUCT_CAP10,4,0.1,,
FIXEDTP_STRUCT_CAP10_TP10_CAP4D,TARGET,1901,0.48346897253306204,FIXED_TP,STRUCT_CAP10,4,0.1,,
FIXEDTP_STRUCT_CAP10_TP10_CAP5D,STOP,2031,0.5165310274669379,FIXED_TP,STRUCT_CAP10,5,0.1,,
FIXEDTP_STRUCT_CAP10_TP10_CAP5D,TARGET,1901,0.48346897253306204,FIXED_TP,STRUCT_CAP10,5,0.1,,
FIXEDTP_STRUCT_CAP10_TP10_CAP6D,STOP,2031,0.5165310274669379,FIXED_TP,STRUCT_CAP10,6,0.1,,
FIXEDTP_STRUCT_CAP10_TP10_CAP6D,TARGET,1901,0.48346897253306204,FIXED_TP,STRUCT_CAP10,6,0.1,,
FIXEDTP_STRUCT_CAP10_TP10_CAP7D,STOP,2031,0.5165310274669379,FIXED_TP,STRUCT_CAP10,7,0.1,,
FIXEDTP_STRUCT_CAP10_TP10_CAP7D,TARGET,1901,0.48346897253306204,FIXED_TP,STRUCT_CAP10,7,0.1,,
FIXEDTP_STRUCT_CAP10_TP20_CAP1D,STOP,2617,0.666921508664628,FIXED_TP,STRUCT_CAP10,1,0.2,,
FIXEDTP_STRUCT_CAP10_TP20_CAP1D,TARGET,1307,0.3330784913353721,FIXED_TP,STRUCT_CAP10,1,0.2,,
FIXEDTP_STRUCT_CAP10_TP20_CAP2D,STOP,2617,0.666921508664628,FIXED_TP,STRUCT_CAP10,2,0.2,,
FIXEDTP_STRUCT_CAP10_TP20_CAP2D,TARGET,1307,0.3330784913353721,FIXED_TP,STRUCT_CAP10,2,0.2,,
FIXEDTP_STRUCT_CAP10_TP20_CAP30D,STOP,2617,0.666921508664628,FIXED_TP,STRUCT_CAP10,30,0.2,,
FIXEDTP_STRUCT_CAP10_TP20_CAP30D,TARGET,1307,0.3330784913353721,FIXED_TP,STRUCT_CAP10,30,0.2,,
FIXEDTP_STRUCT_CAP10_TP20_CAP3D,STOP,2617,0.666921508664628,FIXED_TP,STRUCT_CAP10,3,0.2,,
FIXEDTP_STRUCT_CAP10_TP20_CAP3D,TARGET,1307,0.3330784913353721,FIXED_TP,STRUCT_CAP10,3,0.2,,
FIXEDTP_STRUCT_CAP10_TP20_CAP4D,STOP,2617,0.666921508664628,FIXED_TP,STRUCT_CAP10,4,0.2,,
FIXEDTP_STRUCT_CAP10_TP20_CAP4D,TARGET,1307,0.3330784913353721,FIXED_TP,STRUCT_CAP10,4,0.2,,
FIXEDTP_STRUCT_CAP10_TP20_CAP5D,STOP,2617,0.666921508664628,FIXED_TP,STRUCT_CAP10,5,0.2,,
FIXEDTP_STRUCT_CAP10_TP20_CAP5D,TARGET,1307,0.3330784913353721,FIXED_TP,STRUCT_CAP10,5,0.2,,
FIXEDTP_STRUCT_CAP10_TP20_CAP6D,STOP,2617,0.666921508664628,FIXED_TP,STRUCT_CAP10,6,0.2,,
FIXEDTP_STRUCT_CAP10_TP20_CAP6D,TARGET,1307,0.3330784913353721,FIXED_TP,STRUCT_CAP10,6,0.2,,
FIXEDTP_STRUCT_CAP10_TP20_CAP7D,STOP,2617,0.666921508664628,FIXED_TP,STRUCT_CAP10,7,0.2,,
FIXEDTP_STRUCT_CAP10_TP20_CAP7D,TARGET,1307,0.3330784913353721,FIXED_TP,STRUCT_CAP10,7,0.2,,
FULL_TRAIL_FIXED10_GB30_CAP180D,INITIAL_STOP,1268,0.32437963673573805,FULL_TRAIL,FIXED10,180,,0.3,
FULL_TRAIL_FIXED10_GB30_CAP180D,RUNNER_STOP,2641,0.675620363264262,FULL_TRAIL,FIXED10,180,,0.3,
FULL_TRAIL_FIXED10_GB30_CAP30D,INITIAL_STOP,1268,0.32437963673573805,FULL_TRAIL,FIXED10,30,,0.3,
FULL_TRAIL_FIXED10_GB30_CAP30D,RUNNER_STOP,2641,0.675620363264262,FULL_TRAIL,FIXED10,30,,0.3,
FULL_TRAIL_FIXED10_GB30_CAP365D,INITIAL_STOP,1268,0.32437963673573805,FULL_TRAIL,FIXED10,365,,0.3,
FULL_TRAIL_FIXED10_GB30_CAP365D,RUNNER_STOP,2641,0.675620363264262,FULL_TRAIL,FIXED10,365,,0.3,
FULL_TRAIL_FIXED10_GB30_CAP7D,INITIAL_STOP,1268,0.32437963673573805,FULL_TRAIL,FIXED10,7,,0.3,
FULL_TRAIL_FIXED10_GB30_CAP7D,RUNNER_STOP,2641,0.675620363264262,FULL_TRAIL,FIXED10,7,,0.3,
FULL_TRAIL_FIXED10_GB30_CAP90D,INITIAL_STOP,1268,0.32437963673573805,FULL_TRAIL,FIXED10,90,,0.3,
FULL_TRAIL_FIXED10_GB30_CAP90D,RUNNER_STOP,2641,0.675620363264262,FULL_TRAIL,FIXED10,90,,0.3,
FULL_TRAIL_FIXED10_GB40_CAP180D,INITIAL_STOP,1268,0.32471190781049936,FULL_TRAIL,FIXED10,180,,0.4,
FULL_TRAIL_FIXED10_GB40_CAP180D,RUNNER_STOP,2637,0.6752880921895006,FULL_TRAIL,FIXED10,180,,0.4,
FULL_TRAIL_FIXED10_GB40_CAP30D,INITIAL_STOP,1268,0.32471190781049936,FULL_TRAIL,FIXED10,30,,0.4,
FULL_TRAIL_FIXED10_GB40_CAP30D,RUNNER_STOP,2637,0.6752880921895006,FULL_TRAIL,FIXED10,30,,0.4,
FULL_TRAIL_FIXED10_GB40_CAP365D,INITIAL_STOP,1268,0.32471190781049936,FULL_TRAIL,FIXED10,365,,0.4,
FULL_TRAIL_FIXED10_GB40_CAP365D,RUNNER_STOP,2637,0.6752880921895006,FULL_TRAIL,FIXED10,365,,0.4,
FULL_TRAIL_FIXED10_GB40_CAP7D,INITIAL_STOP,1268,0.32471190781049936,FULL_TRAIL,FIXED10,7,,0.4,
FULL_TRAIL_FIXED10_GB40_CAP7D,RUNNER_STOP,2637,0.6752880921895006,FULL_TRAIL,FIXED10,7,,0.4,
FULL_TRAIL_FIXED10_GB40_CAP90D,INITIAL_STOP,1268,0.32471190781049936,FULL_TRAIL,FIXED10,90,,0.4,
FULL_TRAIL_FIXED10_GB40_CAP90D,RUNNER_STOP,2637,0.6752880921895006,FULL_TRAIL,FIXED10,90,,0.4,
FULL_TRAIL_FIXED10_GB50_CAP180D,INITIAL_STOP,1268,0.32529502308876346,FULL_TRAIL,FIXED10,180,,0.5,
FULL_TRAIL_FIXED10_GB50_CAP180D,RUNNER_STOP,2630,0.6747049769112365,FULL_TRAIL,FIXED10,180,,0.5,
FULL_TRAIL_FIXED10_GB50_CAP30D,INITIAL_STOP,1268,0.32529502308876346,FULL_TRAIL,FIXED10,30,,0.5,
FULL_TRAIL_FIXED10_GB50_CAP30D,RUNNER_STOP,2630,0.6747049769112365,FULL_TRAIL,FIXED10,30,,0.5,
FULL_TRAIL_FIXED10_GB50_CAP365D,INITIAL_STOP,1268,0.32529502308876346,FULL_TRAIL,FIXED10,365,,0.5,
FULL_TRAIL_FIXED10_GB50_CAP365D,RUNNER_STOP,2630,0.6747049769112365,FULL_TRAIL,FIXED10,365,,0.5,
FULL_TRAIL_FIXED10_GB50_CAP7D,INITIAL_STOP,1268,0.32529502308876346,FULL_TRAIL,FIXED10,7,,0.5,
FULL_TRAIL_FIXED10_GB50_CAP7D,RUNNER_STOP,2630,0.6747049769112365,FULL_TRAIL,FIXED10,7,,0.5,
FULL_TRAIL_FIXED10_GB50_CAP90D,INITIAL_STOP,1268,0.32529502308876346,FULL_TRAIL,FIXED10,90,,0.5,
FULL_TRAIL_FIXED10_GB50_CAP90D,RUNNER_STOP,2630,0.6747049769112365,FULL_TRAIL,FIXED10,90,,0.5,
FULL_TRAIL_FIXED10_GB60_CAP180D,INITIAL_STOP,1268,0.3262995367987648,FULL_TRAIL,FIXED10,180,,0.6,
FULL_TRAIL_FIXED10_GB60_CAP180D,RUNNER_STOP,2614,0.6726711271230057,FULL_TRAIL,FIXED10,180,,0.6,
FULL_TRAIL_FIXED10_GB60_CAP180D,TAKE_PROFIT_1000,4,0.001029336078229542,FULL_TRAIL,FIXED10,180,,0.6,
FULL_TRAIL_FIXED10_GB60_CAP30D,INITIAL_STOP,1268,0.3262995367987648,FULL_TRAIL,FIXED10,30,,0.6,
FULL_TRAIL_FIXED10_GB60_CAP30D,RUNNER_STOP,2614,0.6726711271230057,FULL_TRAIL,FIXED10,30,,0.6,
FULL_TRAIL_FIXED10_GB60_CAP30D,TAKE_PROFIT_1000,4,0.001029336078229542,FULL_TRAIL,FIXED10,30,,0.6,
FULL_TRAIL_FIXED10_GB60_CAP365D,INITIAL_STOP,1268,0.3262995367987648,FULL_TRAIL,FIXED10,365,,0.6,
FULL_TRAIL_FIXED10_GB60_CAP365D,RUNNER_STOP,2614,0.6726711271230057,FULL_TRAIL,FIXED10,365,,0.6,
FULL_TRAIL_FIXED10_GB60_CAP365D,TAKE_PROFIT_1000,4,0.001029336078229542,FULL_TRAIL,FIXED10,365,,0.6,
FULL_TRAIL_FIXED10_GB60_CAP7D,INITIAL_STOP,1268,0.3262995367987648,FULL_TRAIL,FIXED10,7,,0.6,
FULL_TRAIL_FIXED10_GB60_CAP7D,RUNNER_STOP,2614,0.6726711271230057,FULL_TRAIL,FIXED10,7,,0.6,
FULL_TRAIL_FIXED10_GB60_CAP7D,TAKE_PROFIT_1000,4,0.001029336078229542,FULL_TRAIL,FIXED10,7,,0.6,
FULL_TRAIL_FIXED10_GB60_CAP90D,INITIAL_STOP,1268,0.3262995367987648,FULL_TRAIL,FIXED10,90,,0.6,
FULL_TRAIL_FIXED10_GB60_CAP90D,RUNNER_STOP,2614,0.6726711271230057,FULL_TRAIL,FIXED10,90,,0.6,
FULL_TRAIL_FIXED10_GB60_CAP90D,TAKE_PROFIT_1000,4,0.001029336078229542,FULL_TRAIL,FIXED10,90,,0.6,
FULL_TRAIL_FIXED5_GB30_CAP180D,INITIAL_STOP,1883,0.480970625798212,FULL_TRAIL,FIXED5,180,,0.3,
FULL_TRAIL_FIXED5_GB30_CAP180D,RUNNER_STOP,2032,0.519029374201788,FULL_TRAIL,FIXED5,180,,0.3,
FULL_TRAIL_FIXED5_GB30_CAP30D,INITIAL_STOP,1883,0.480970625798212,FULL_TRAIL,FIXED5,30,,0.3,
FULL_TRAIL_FIXED5_GB30_CAP30D,RUNNER_STOP,2032,0.519029374201788,FULL_TRAIL,FIXED5,30,,0.3,
FULL_TRAIL_FIXED5_GB30_CAP365D,INITIAL_STOP,1883,0.480970625798212,FULL_TRAIL,FIXED5,365,,0.3,
FULL_TRAIL_FIXED5_GB30_CAP365D,RUNNER_STOP,2032,0.519029374201788,FULL_TRAIL,FIXED5,365,,0.3,
FULL_TRAIL_FIXED5_GB30_CAP7D,INITIAL_STOP,1883,0.480970625798212,FULL_TRAIL,FIXED5,7,,0.3,
FULL_TRAIL_FIXED5_GB30_CAP7D,RUNNER_STOP,2032,0.519029374201788,FULL_TRAIL,FIXED5,7,,0.3,
FULL_TRAIL_FIXED5_GB30_CAP90D,INITIAL_STOP,1883,0.480970625798212,FULL_TRAIL,FIXED5,90,,0.3,
FULL_TRAIL_FIXED5_GB30_CAP90D,RUNNER_STOP,2032,0.519029374201788,FULL_TRAIL,FIXED5,90,,0.3,
FULL_TRAIL_FIXED5_GB40_CAP180D,INITIAL_STOP,1883,0.4814625415494758,FULL_TRAIL,FIXED5,180,,0.4,
FULL_TRAIL_FIXED5_GB40_CAP180D,RUNNER_STOP,2028,0.5185374584505241,FULL_TRAIL,FIXED5,180,,0.4,
FULL_TRAIL_FIXED5_GB40_CAP30D,INITIAL_STOP,1883,0.4814625415494758,FULL_TRAIL,FIXED5,30,,0.4,
FULL_TRAIL_FIXED5_GB40_CAP30D,RUNNER_STOP,2028,0.5185374584505241,FULL_TRAIL,FIXED5,30,,0.4,
FULL_TRAIL_FIXED5_GB40_CAP365D,INITIAL_STOP,1883,0.4814625415494758,FULL_TRAIL,FIXED5,365,,0.4,
FULL_TRAIL_FIXED5_GB40_CAP365D,RUNNER_STOP,2028,0.5185374584505241,FULL_TRAIL,FIXED5,365,,0.4,
FULL_TRAIL_FIXED5_GB40_CAP7D,INITIAL_STOP,1883,0.4814625415494758,FULL_TRAIL,FIXED5,7,,0.4,
FULL_TRAIL_FIXED5_GB40_CAP7D,RUNNER_STOP,2028,0.5185374584505241,FULL_TRAIL,FIXED5,7,,0.4,
FULL_TRAIL_FIXED5_GB40_CAP90D,INITIAL_STOP,1883,0.4814625415494758,FULL_TRAIL,FIXED5,90,,0.4,
FULL_TRAIL_FIXED5_GB40_CAP90D,RUNNER_STOP,2028,0.5185374584505241,FULL_TRAIL,FIXED5,90,,0.4,
FULL_TRAIL_FIXED5_GB50_CAP180D,INITIAL_STOP,1883,0.48195546455080623,FULL_TRAIL,FIXED5,180,,0.5,
FULL_TRAIL_FIXED5_GB50_CAP180D,RUNNER_STOP,2024,0.5180445354491937,FULL_TRAIL,FIXED5,180,,0.5,
FULL_TRAIL_FIXED5_GB50_CAP30D,INITIAL_STOP,1883,0.48195546455080623,FULL_TRAIL,FIXED5,30,,0.5,
FULL_TRAIL_FIXED5_GB50_CAP30D,RUNNER_STOP,2024,0.5180445354491937,FULL_TRAIL,FIXED5,30,,0.5,
FULL_TRAIL_FIXED5_GB50_CAP365D,INITIAL_STOP,1883,0.48195546455080623,FULL_TRAIL,FIXED5,365,,0.5,
FULL_TRAIL_FIXED5_GB50_CAP365D,RUNNER_STOP,2024,0.5180445354491937,FULL_TRAIL,FIXED5,365,,0.5,
FULL_TRAIL_FIXED5_GB50_CAP7D,INITIAL_STOP,1883,0.48195546455080623,FULL_TRAIL,FIXED5,7,,0.5,
FULL_TRAIL_FIXED5_GB50_CAP7D,RUNNER_STOP,2024,0.5180445354491937,FULL_TRAIL,FIXED5,7,,0.5,
FULL_TRAIL_FIXED5_GB50_CAP90D,INITIAL_STOP,1883,0.48195546455080623,FULL_TRAIL,FIXED5,90,,0.5,
FULL_TRAIL_FIXED5_GB50_CAP90D,RUNNER_STOP,2024,0.5180445354491937,FULL_TRAIL,FIXED5,90,,0.5,
FULL_TRAIL_FIXED5_GB60_CAP180D,INITIAL_STOP,1883,0.4830682401231401,FULL_TRAIL,FIXED5,180,,0.6,
FULL_TRAIL_FIXED5_GB60_CAP180D,RUNNER_STOP,2011,0.5159055926115957,FULL_TRAIL,FIXED5,180,,0.6,
FULL_TRAIL_FIXED5_GB60_CAP180D,TAKE_PROFIT_1000,4,0.001026167265264238,FULL_TRAIL,FIXED5,180,,0.6,
FULL_TRAIL_FIXED5_GB60_CAP30D,INITIAL_STOP,1883,0.4830682401231401,FULL_TRAIL,FIXED5,30,,0.6,
FULL_TRAIL_FIXED5_GB60_CAP30D,RUNNER_STOP,2011,0.5159055926115957,FULL_TRAIL,FIXED5,30,,0.6,
FULL_TRAIL_FIXED5_GB60_CAP30D,TAKE_PROFIT_1000,4,0.001026167265264238,FULL_TRAIL,FIXED5,30,,0.6,
FULL_TRAIL_FIXED5_GB60_CAP365D,INITIAL_STOP,1883,0.4830682401231401,FULL_TRAIL,FIXED5,365,,0.6,
FULL_TRAIL_FIXED5_GB60_CAP365D,RUNNER_STOP,2011,0.5159055926115957,FULL_TRAIL,FIXED5,365,,0.6,
FULL_TRAIL_FIXED5_GB60_CAP365D,TAKE_PROFIT_1000,4,0.001026167265264238,FULL_TRAIL,FIXED5,365,,0.6,
FULL_TRAIL_FIXED5_GB60_CAP7D,INITIAL_STOP,1883,0.4830682401231401,FULL_TRAIL,FIXED5,7,,0.6,
FULL_TRAIL_FIXED5_GB60_CAP7D,RUNNER_STOP,2011,0.5159055926115957,FULL_TRAIL,FIXED5,7,,0.6,
FULL_TRAIL_FIXED5_GB60_CAP7D,TAKE_PROFIT_1000,4,0.001026167265264238,FULL_TRAIL,FIXED5,7,,0.6,
FULL_TRAIL_FIXED5_GB60_CAP90D,INITIAL_STOP,1883,0.4830682401231401,FULL_TRAIL,FIXED5,90,,0.6,
FULL_TRAIL_FIXED5_GB60_CAP90D,RUNNER_STOP,2011,0.5159055926115957,FULL_TRAIL,FIXED5,90,,0.6,
FULL_TRAIL_FIXED5_GB60_CAP90D,TAKE_PROFIT_1000,4,0.001026167265264238,FULL_TRAIL,FIXED5,90,,0.6,
FULL_TRAIL_FIXED7_GB30_CAP180D,INITIAL_STOP,1567,0.40086978766948067,FULL_TRAIL,FIXED7,180,,0.3,
FULL_TRAIL_FIXED7_GB30_CAP180D,RUNNER_STOP,2342,0.5991302123305193,FULL_TRAIL,FIXED7,180,,0.3,
FULL_TRAIL_FIXED7_GB30_CAP30D,INITIAL_STOP,1567,0.40086978766948067,FULL_TRAIL,FIXED7,30,,0.3,
FULL_TRAIL_FIXED7_GB30_CAP30D,RUNNER_STOP,2342,0.5991302123305193,FULL_TRAIL,FIXED7,30,,0.3,
FULL_TRAIL_FIXED7_GB30_CAP365D,INITIAL_STOP,1567,0.40086978766948067,FULL_TRAIL,FIXED7,365,,0.3,
FULL_TRAIL_FIXED7_GB30_CAP365D,RUNNER_STOP,2342,0.5991302123305193,FULL_TRAIL,FIXED7,365,,0.3,
FULL_TRAIL_FIXED7_GB30_CAP7D,INITIAL_STOP,1567,0.40086978766948067,FULL_TRAIL,FIXED7,7,,0.3,
FULL_TRAIL_FIXED7_GB30_CAP7D,RUNNER_STOP,2342,0.5991302123305193,FULL_TRAIL,FIXED7,7,,0.3,
FULL_TRAIL_FIXED7_GB30_CAP90D,INITIAL_STOP,1567,0.40086978766948067,FULL_TRAIL,FIXED7,90,,0.3,
FULL_TRAIL_FIXED7_GB30_CAP90D,RUNNER_STOP,2342,0.5991302123305193,FULL_TRAIL,FIXED7,90,,0.3,
FULL_TRAIL_FIXED7_GB40_CAP180D,INITIAL_STOP,1567,0.40128040973111395,FULL_TRAIL,FIXED7,180,,0.4,
FULL_TRAIL_FIXED7_GB40_CAP180D,RUNNER_STOP,2338,0.598719590268886,FULL_TRAIL,FIXED7,180,,0.4,
FULL_TRAIL_FIXED7_GB40_CAP30D,INITIAL_STOP,1567,0.40128040973111395,FULL_TRAIL,FIXED7,30,,0.4,
FULL_TRAIL_FIXED7_GB40_CAP30D,RUNNER_STOP,2338,0.598719590268886,FULL_TRAIL,FIXED7,30,,0.4,
FULL_TRAIL_FIXED7_GB40_CAP365D,INITIAL_STOP,1567,0.40128040973111395,FULL_TRAIL,FIXED7,365,,0.4,
FULL_TRAIL_FIXED7_GB40_CAP365D,RUNNER_STOP,2338,0.598719590268886,FULL_TRAIL,FIXED7,365,,0.4,
FULL_TRAIL_FIXED7_GB40_CAP7D,INITIAL_STOP,1567,0.40128040973111395,FULL_TRAIL,FIXED7,7,,0.4,
FULL_TRAIL_FIXED7_GB40_CAP7D,RUNNER_STOP,2338,0.598719590268886,FULL_TRAIL,FIXED7,7,,0.4,
FULL_TRAIL_FIXED7_GB40_CAP90D,INITIAL_STOP,1567,0.40128040973111395,FULL_TRAIL,FIXED7,90,,0.4,
FULL_TRAIL_FIXED7_GB40_CAP90D,RUNNER_STOP,2338,0.598719590268886,FULL_TRAIL,FIXED7,90,,0.4,
FULL_TRAIL_FIXED7_GB50_CAP180D,INITIAL_STOP,1567,0.4016918738784927,FULL_TRAIL,FIXED7,180,,0.5,
FULL_TRAIL_FIXED7_GB50_CAP180D,RUNNER_STOP,2334,0.5983081261215073,FULL_TRAIL,FIXED7,180,,0.5,
FULL_TRAIL_FIXED7_GB50_CAP30D,INITIAL_STOP,1567,0.4016918738784927,FULL_TRAIL,FIXED7,30,,0.5,
FULL_TRAIL_FIXED7_GB50_CAP30D,RUNNER_STOP,2334,0.5983081261215073,FULL_TRAIL,FIXED7,30,,0.5,
FULL_TRAIL_FIXED7_GB50_CAP365D,INITIAL_STOP,1567,0.4016918738784927,FULL_TRAIL,FIXED7,365,,0.5,
FULL_TRAIL_FIXED7_GB50_CAP365D,RUNNER_STOP,2334,0.5983081261215073,FULL_TRAIL,FIXED7,365,,0.5,
FULL_TRAIL_FIXED7_GB50_CAP7D,INITIAL_STOP,1567,0.4016918738784927,FULL_TRAIL,FIXED7,7,,0.5,
FULL_TRAIL_FIXED7_GB50_CAP7D,RUNNER_STOP,2334,0.5983081261215073,FULL_TRAIL,FIXED7,7,,0.5,
FULL_TRAIL_FIXED7_GB50_CAP90D,INITIAL_STOP,1567,0.4016918738784927,FULL_TRAIL,FIXED7,90,,0.5,
FULL_TRAIL_FIXED7_GB50_CAP90D,RUNNER_STOP,2334,0.5983081261215073,FULL_TRAIL,FIXED7,90,,0.5,
FULL_TRAIL_FIXED7_GB60_CAP180D,INITIAL_STOP,1567,0.4026207605344296,FULL_TRAIL,FIXED7,180,,0.6,
FULL_TRAIL_FIXED7_GB60_CAP180D,RUNNER_STOP,2321,0.5963514902363823,FULL_TRAIL,FIXED7,180,,0.6,
FULL_TRAIL_FIXED7_GB60_CAP180D,TAKE_PROFIT_1000,4,0.0010277492291880781,FULL_TRAIL,FIXED7,180,,0.6,
FULL_TRAIL_FIXED7_GB60_CAP30D,INITIAL_STOP,1567,0.4026207605344296,FULL_TRAIL,FIXED7,30,,0.6,
FULL_TRAIL_FIXED7_GB60_CAP30D,RUNNER_STOP,2321,0.5963514902363823,FULL_TRAIL,FIXED7,30,,0.6,
FULL_TRAIL_FIXED7_GB60_CAP30D,TAKE_PROFIT_1000,4,0.0010277492291880781,FULL_TRAIL,FIXED7,30,,0.6,
FULL_TRAIL_FIXED7_GB60_CAP365D,INITIAL_STOP,1567,0.4026207605344296,FULL_TRAIL,FIXED7,365,,0.6,
FULL_TRAIL_FIXED7_GB60_CAP365D,RUNNER_STOP,2321,0.5963514902363823,FULL_TRAIL,FIXED7,365,,0.6,
FULL_TRAIL_FIXED7_GB60_CAP365D,TAKE_PROFIT_1000,4,0.0010277492291880781,FULL_TRAIL,FIXED7,365,,0.6,
FULL_TRAIL_FIXED7_GB60_CAP7D,INITIAL_STOP,1567,0.4026207605344296,FULL_TRAIL,FIXED7,7,,0.6,
FULL_TRAIL_FIXED7_GB60_CAP7D,RUNNER_STOP,2321,0.5963514902363823,FULL_TRAIL,FIXED7,7,,0.6,
FULL_TRAIL_FIXED7_GB60_CAP7D,TAKE_PROFIT_1000,4,0.0010277492291880781,FULL_TRAIL,FIXED7,7,,0.6,
FULL_TRAIL_FIXED7_GB60_CAP90D,INITIAL_STOP,1567,0.4026207605344296,FULL_TRAIL,FIXED7,90,,0.6,
FULL_TRAIL_FIXED7_GB60_CAP90D,RUNNER_STOP,2321,0.5963514902363823,FULL_TRAIL,FIXED7,90,,0.6,
FULL_TRAIL_FIXED7_GB60_CAP90D,TAKE_PROFIT_1000,4,0.0010277492291880781,FULL_TRAIL,FIXED7,90,,0.6,
FULL_TRAIL_STRUCT_CAP10_GB30_CAP180D,INITIAL_STOP,1454,0.371107708014293,FULL_TRAIL,STRUCT_CAP10,180,,0.3,
FULL_TRAIL_STRUCT_CAP10_GB30_CAP180D,RUNNER_STOP,2464,0.628892291985707,FULL_TRAIL,STRUCT_CAP10,180,,0.3,
FULL_TRAIL_STRUCT_CAP10_GB30_CAP30D,INITIAL_STOP,1454,0.371107708014293,FULL_TRAIL,STRUCT_CAP10,30,,0.3,
FULL_TRAIL_STRUCT_CAP10_GB30_CAP30D,RUNNER_STOP,2464,0.628892291985707,FULL_TRAIL,STRUCT_CAP10,30,,0.3,
FULL_TRAIL_STRUCT_CAP10_GB30_CAP365D,INITIAL_STOP,1454,0.371107708014293,FULL_TRAIL,STRUCT_CAP10,365,,0.3,
FULL_TRAIL_STRUCT_CAP10_GB30_CAP365D,RUNNER_STOP,2464,0.628892291985707,FULL_TRAIL,STRUCT_CAP10,365,,0.3,
FULL_TRAIL_STRUCT_CAP10_GB30_CAP7D,INITIAL_STOP,1454,0.371107708014293,FULL_TRAIL,STRUCT_CAP10,7,,0.3,
FULL_TRAIL_STRUCT_CAP10_GB30_CAP7D,RUNNER_STOP,2464,0.628892291985707,FULL_TRAIL,STRUCT_CAP10,7,,0.3,
FULL_TRAIL_STRUCT_CAP10_GB30_CAP90D,INITIAL_STOP,1454,0.371107708014293,FULL_TRAIL,STRUCT_CAP10,90,,0.3,
FULL_TRAIL_STRUCT_CAP10_GB30_CAP90D,RUNNER_STOP,2464,0.628892291985707,FULL_TRAIL,STRUCT_CAP10,90,,0.3,
FULL_TRAIL_STRUCT_CAP10_GB40_CAP180D,INITIAL_STOP,1454,0.3713920817369093,FULL_TRAIL,STRUCT_CAP10,180,,0.4,
FULL_TRAIL_STRUCT_CAP10_GB40_CAP180D,RUNNER_STOP,2461,0.6286079182630907,FULL_TRAIL,STRUCT_CAP10,180,,0.4,
FULL_TRAIL_STRUCT_CAP10_GB40_CAP30D,INITIAL_STOP,1454,0.3713920817369093,FULL_TRAIL,STRUCT_CAP10,30,,0.4,
FULL_TRAIL_STRUCT_CAP10_GB40_CAP30D,RUNNER_STOP,2461,0.6286079182630907,FULL_TRAIL,STRUCT_CAP10,30,,0.4,
FULL_TRAIL_STRUCT_CAP10_GB40_CAP365D,INITIAL_STOP,1454,0.3713920817369093,FULL_TRAIL,STRUCT_CAP10,365,,0.4,
FULL_TRAIL_STRUCT_CAP10_GB40_CAP365D,RUNNER_STOP,2461,0.6286079182630907,FULL_TRAIL,STRUCT_CAP10,365,,0.4,
FULL_TRAIL_STRUCT_CAP10_GB40_CAP7D,INITIAL_STOP,1454,0.3713920817369093,FULL_TRAIL,STRUCT_CAP10,7,,0.4,
FULL_TRAIL_STRUCT_CAP10_GB40_CAP7D,RUNNER_STOP,2461,0.6286079182630907,FULL_TRAIL,STRUCT_CAP10,7,,0.4,
FULL_TRAIL_STRUCT_CAP10_GB40_CAP90D,INITIAL_STOP,1454,0.3713920817369093,FULL_TRAIL,STRUCT_CAP10,90,,0.4,
FULL_TRAIL_STRUCT_CAP10_GB40_CAP90D,RUNNER_STOP,2461,0.6286079182630907,FULL_TRAIL,STRUCT_CAP10,90,,0.4,
FULL_TRAIL_STRUCT_CAP10_GB50_CAP180D,INITIAL_STOP,1454,0.37177192533878806,FULL_TRAIL,STRUCT_CAP10,180,,0.5,
FULL_TRAIL_STRUCT_CAP10_GB50_CAP180D,RUNNER_STOP,2457,0.628228074661212,FULL_TRAIL,STRUCT_CAP10,180,,0.5,
FULL_TRAIL_STRUCT_CAP10_GB50_CAP30D,INITIAL_STOP,1454,0.37177192533878806,FULL_TRAIL,STRUCT_CAP10,30,,0.5,
FULL_TRAIL_STRUCT_CAP10_GB50_CAP30D,RUNNER_STOP,2457,0.628228074661212,FULL_TRAIL,STRUCT_CAP10,30,,0.5,
FULL_TRAIL_STRUCT_CAP10_GB50_CAP365D,INITIAL_STOP,1454,0.37177192533878806,FULL_TRAIL,STRUCT_CAP10,365,,0.5,
FULL_TRAIL_STRUCT_CAP10_GB50_CAP365D,RUNNER_STOP,2457,0.628228074661212,FULL_TRAIL,STRUCT_CAP10,365,,0.5,
FULL_TRAIL_STRUCT_CAP10_GB50_CAP7D,INITIAL_STOP,1454,0.37177192533878806,FULL_TRAIL,STRUCT_CAP10,7,,0.5,
FULL_TRAIL_STRUCT_CAP10_GB50_CAP7D,RUNNER_STOP,2457,0.628228074661212,FULL_TRAIL,STRUCT_CAP10,7,,0.5,
FULL_TRAIL_STRUCT_CAP10_GB50_CAP90D,INITIAL_STOP,1454,0.37177192533878806,FULL_TRAIL,STRUCT_CAP10,90,,0.5,
FULL_TRAIL_STRUCT_CAP10_GB50_CAP90D,RUNNER_STOP,2457,0.628228074661212,FULL_TRAIL,STRUCT_CAP10,90,,0.5,
FULL_TRAIL_STRUCT_CAP10_GB60_CAP180D,INITIAL_STOP,1454,0.3725339482449398,FULL_TRAIL,STRUCT_CAP10,180,,0.6,
FULL_TRAIL_STRUCT_CAP10_GB60_CAP180D,RUNNER_STOP,2445,0.6264411990776326,FULL_TRAIL,STRUCT_CAP10,180,,0.6,
FULL_TRAIL_STRUCT_CAP10_GB60_CAP180D,TAKE_PROFIT_1000,4,0.0010248526774276198,FULL_TRAIL,STRUCT_CAP10,180,,0.6,
FULL_TRAIL_STRUCT_CAP10_GB60_CAP30D,INITIAL_STOP,1454,0.3725339482449398,FULL_TRAIL,STRUCT_CAP10,30,,0.6,
FULL_TRAIL_STRUCT_CAP10_GB60_CAP30D,RUNNER_STOP,2445,0.6264411990776326,FULL_TRAIL,STRUCT_CAP10,30,,0.6,
FULL_TRAIL_STRUCT_CAP10_GB60_CAP30D,TAKE_PROFIT_1000,4,0.0010248526774276198,FULL_TRAIL,STRUCT_CAP10,30,,0.6,
FULL_TRAIL_STRUCT_CAP10_GB60_CAP365D,INITIAL_STOP,1454,0.3725339482449398,FULL_TRAIL,STRUCT_CAP10,365,,0.6,
FULL_TRAIL_STRUCT_CAP10_GB60_CAP365D,RUNNER_STOP,2445,0.6264411990776326,FULL_TRAIL,STRUCT_CAP10,365,,0.6,
FULL_TRAIL_STRUCT_CAP10_GB60_CAP365D,TAKE_PROFIT_1000,4,0.0010248526774276198,FULL_TRAIL,STRUCT_CAP10,365,,0.6,
FULL_TRAIL_STRUCT_CAP10_GB60_CAP7D,INITIAL_STOP,1454,0.3725339482449398,FULL_TRAIL,STRUCT_CAP10,7,,0.6,
FULL_TRAIL_STRUCT_CAP10_GB60_CAP7D,RUNNER_STOP,2445,0.6264411990776326,FULL_TRAIL,STRUCT_CAP10,7,,0.6,
FULL_TRAIL_STRUCT_CAP10_GB60_CAP7D,TAKE_PROFIT_1000,4,0.0010248526774276198,FULL_TRAIL,STRUCT_CAP10,7,,0.6,
FULL_TRAIL_STRUCT_CAP10_GB60_CAP90D,INITIAL_STOP,1454,0.3725339482449398,FULL_TRAIL,STRUCT_CAP10,90,,0.6,
FULL_TRAIL_STRUCT_CAP10_GB60_CAP90D,RUNNER_STOP,2445,0.6264411990776326,FULL_TRAIL,STRUCT_CAP10,90,,0.6,
FULL_TRAIL_STRUCT_CAP10_GB60_CAP90D,TAKE_PROFIT_1000,4,0.0010248526774276198,FULL_TRAIL,STRUCT_CAP10,90,,0.6,
HALF_TP_RUNNER_FIXED10_PT10_GB30_CAP180D,INITIAL_STOP,1824,0.4680523479599692,HALF_TP_RUNNER,FIXED10,180,,0.3,0.1
HALF_TP_RUNNER_FIXED10_PT10_GB30_CAP180D,RUNNER_STOP,2073,0.5319476520400308,HALF_TP_RUNNER,FIXED10,180,,0.3,0.1
HALF_TP_RUNNER_FIXED10_PT10_GB30_CAP30D,INITIAL_STOP,1824,0.4680523479599692,HALF_TP_RUNNER,FIXED10,30,,0.3,0.1
HALF_TP_RUNNER_FIXED10_PT10_GB30_CAP30D,RUNNER_STOP,2073,0.5319476520400308,HALF_TP_RUNNER,FIXED10,30,,0.3,0.1
HALF_TP_RUNNER_FIXED10_PT10_GB30_CAP365D,INITIAL_STOP,1824,0.4680523479599692,HALF_TP_RUNNER,FIXED10,365,,0.3,0.1
HALF_TP_RUNNER_FIXED10_PT10_GB30_CAP365D,RUNNER_STOP,2073,0.5319476520400308,HALF_TP_RUNNER,FIXED10,365,,0.3,0.1
HALF_TP_RUNNER_FIXED10_PT10_GB30_CAP7D,INITIAL_STOP,1824,0.4680523479599692,HALF_TP_RUNNER,FIXED10,7,,0.3,0.1
HALF_TP_RUNNER_FIXED10_PT10_GB30_CAP7D,RUNNER_STOP,2073,0.5319476520400308,HALF_TP_RUNNER,FIXED10,7,,0.3,0.1
HALF_TP_RUNNER_FIXED10_PT10_GB30_CAP90D,INITIAL_STOP,1824,0.4680523479599692,HALF_TP_RUNNER,FIXED10,90,,0.3,0.1
HALF_TP_RUNNER_FIXED10_PT10_GB30_CAP90D,RUNNER_STOP,2073,0.5319476520400308,HALF_TP_RUNNER,FIXED10,90,,0.3,0.1
HALF_TP_RUNNER_FIXED10_PT10_GB40_CAP180D,INITIAL_STOP,1824,0.468533264834318,HALF_TP_RUNNER,FIXED10,180,,0.4,0.1
HALF_TP_RUNNER_FIXED10_PT10_GB40_CAP180D,RUNNER_STOP,2069,0.531466735165682,HALF_TP_RUNNER,FIXED10,180,,0.4,0.1
HALF_TP_RUNNER_FIXED10_PT10_GB40_CAP30D,INITIAL_STOP,1824,0.468533264834318,HALF_TP_RUNNER,FIXED10,30,,0.4,0.1
HALF_TP_RUNNER_FIXED10_PT10_GB40_CAP30D,RUNNER_STOP,2069,0.531466735165682,HALF_TP_RUNNER,FIXED10,30,,0.4,0.1
HALF_TP_RUNNER_FIXED10_PT10_GB40_CAP365D,INITIAL_STOP,1824,0.468533264834318,HALF_TP_RUNNER,FIXED10,365,,0.4,0.1
HALF_TP_RUNNER_FIXED10_PT10_GB40_CAP365D,RUNNER_STOP,2069,0.531466735165682,HALF_TP_RUNNER,FIXED10,365,,0.4,0.1
HALF_TP_RUNNER_FIXED10_PT10_GB40_CAP7D,INITIAL_STOP,1824,0.468533264834318,HALF_TP_RUNNER,FIXED10,7,,0.4,0.1
HALF_TP_RUNNER_FIXED10_PT10_GB40_CAP7D,RUNNER_STOP,2069,0.531466735165682,HALF_TP_RUNNER,FIXED10,7,,0.4,0.1
HALF_TP_RUNNER_FIXED10_PT10_GB40_CAP90D,INITIAL_STOP,1824,0.468533264834318,HALF_TP_RUNNER,FIXED10,90,,0.4,0.1
HALF_TP_RUNNER_FIXED10_PT10_GB40_CAP90D,RUNNER_STOP,2069,0.531466735165682,HALF_TP_RUNNER,FIXED10,90,,0.4,0.1
HALF_TP_RUNNER_FIXED10_PT10_GB50_CAP180D,INITIAL_STOP,1824,0.4697398918362091,HALF_TP_RUNNER,FIXED10,180,,0.5,0.1
HALF_TP_RUNNER_FIXED10_PT10_GB50_CAP180D,RUNNER_STOP,2059,0.5302601081637909,HALF_TP_RUNNER,FIXED10,180,,0.5,0.1
HALF_TP_RUNNER_FIXED10_PT10_GB50_CAP30D,INITIAL_STOP,1824,0.4697398918362091,HALF_TP_RUNNER,FIXED10,30,,0.5,0.1
HALF_TP_RUNNER_FIXED10_PT10_GB50_CAP30D,RUNNER_STOP,2059,0.5302601081637909,HALF_TP_RUNNER,FIXED10,30,,0.5,0.1
HALF_TP_RUNNER_FIXED10_PT10_GB50_CAP365D,INITIAL_STOP,1824,0.4697398918362091,HALF_TP_RUNNER,FIXED10,365,,0.5,0.1
HALF_TP_RUNNER_FIXED10_PT10_GB50_CAP365D,RUNNER_STOP,2059,0.5302601081637909,HALF_TP_RUNNER,FIXED10,365,,0.5,0.1
HALF_TP_RUNNER_FIXED10_PT10_GB50_CAP7D,INITIAL_STOP,1824,0.4697398918362091,HALF_TP_RUNNER,FIXED10,7,,0.5,0.1
HALF_TP_RUNNER_FIXED10_PT10_GB50_CAP7D,RUNNER_STOP,2059,0.5302601081637909,HALF_TP_RUNNER,FIXED10,7,,0.5,0.1
HALF_TP_RUNNER_FIXED10_PT10_GB50_CAP90D,INITIAL_STOP,1824,0.4697398918362091,HALF_TP_RUNNER,FIXED10,90,,0.5,0.1
HALF_TP_RUNNER_FIXED10_PT10_GB50_CAP90D,RUNNER_STOP,2059,0.5302601081637909,HALF_TP_RUNNER,FIXED10,90,,0.5,0.1
HALF_TP_RUNNER_FIXED10_PT10_GB60_CAP180D,INITIAL_STOP,1824,0.47131782945736433,HALF_TP_RUNNER,FIXED10,180,,0.6,0.1
HALF_TP_RUNNER_FIXED10_PT10_GB60_CAP180D,RUNNER_STOP,2039,0.5268733850129199,HALF_TP_RUNNER,FIXED10,180,,0.6,0.1
HALF_TP_RUNNER_FIXED10_PT10_GB60_CAP180D,TAKE_PROFIT_1000,7,0.0018087855297157622,HALF_TP_RUNNER,FIXED10,180,,0.6,0.1
HALF_TP_RUNNER_FIXED10_PT10_GB60_CAP30D,INITIAL_STOP,1824,0.47131782945736433,HALF_TP_RUNNER,FIXED10,30,,0.6,0.1
HALF_TP_RUNNER_FIXED10_PT10_GB60_CAP30D,RUNNER_STOP,2039,0.5268733850129199,HALF_TP_RUNNER,FIXED10,30,,0.6,0.1
HALF_TP_RUNNER_FIXED10_PT10_GB60_CAP30D,TAKE_PROFIT_1000,7,0.0018087855297157622,HALF_TP_RUNNER,FIXED10,30,,0.6,0.1
HALF_TP_RUNNER_FIXED10_PT10_GB60_CAP365D,INITIAL_STOP,1824,0.47131782945736433,HALF_TP_RUNNER,FIXED10,365,,0.6,0.1
HALF_TP_RUNNER_FIXED10_PT10_GB60_CAP365D,RUNNER_STOP,2039,0.5268733850129199,HALF_TP_RUNNER,FIXED10,365,,0.6,0.1
HALF_TP_RUNNER_FIXED10_PT10_GB60_CAP365D,TAKE_PROFIT_1000,7,0.0018087855297157622,HALF_TP_RUNNER,FIXED10,365,,0.6,0.1
HALF_TP_RUNNER_FIXED10_PT10_GB60_CAP7D,INITIAL_STOP,1824,0.47131782945736433,HALF_TP_RUNNER,FIXED10,7,,0.6,0.1
HALF_TP_RUNNER_FIXED10_PT10_GB60_CAP7D,RUNNER_STOP,2039,0.5268733850129199,HALF_TP_RUNNER,FIXED10,7,,0.6,0.1
HALF_TP_RUNNER_FIXED10_PT10_GB60_CAP7D,TAKE_PROFIT_1000,7,0.0018087855297157622,HALF_TP_RUNNER,FIXED10,7,,0.6,0.1
HALF_TP_RUNNER_FIXED10_PT10_GB60_CAP90D,INITIAL_STOP,1824,0.47131782945736433,HALF_TP_RUNNER,FIXED10,90,,0.6,0.1
HALF_TP_RUNNER_FIXED10_PT10_GB60_CAP90D,RUNNER_STOP,2039,0.5268733850129199,HALF_TP_RUNNER,FIXED10,90,,0.6,0.1
HALF_TP_RUNNER_FIXED10_PT10_GB60_CAP90D,TAKE_PROFIT_1000,7,0.0018087855297157622,HALF_TP_RUNNER,FIXED10,90,,0.6,0.1
HALF_TP_RUNNER_FIXED10_PT20_GB30_CAP180D,INITIAL_STOP,2398,0.6185194738199639,HALF_TP_RUNNER,FIXED10,180,,0.3,0.2
HALF_TP_RUNNER_FIXED10_PT20_GB30_CAP180D,RUNNER_STOP,1479,0.3814805261800361,HALF_TP_RUNNER,FIXED10,180,,0.3,0.2
HALF_TP_RUNNER_FIXED10_PT20_GB30_CAP30D,INITIAL_STOP,2398,0.6185194738199639,HALF_TP_RUNNER,FIXED10,30,,0.3,0.2
HALF_TP_RUNNER_FIXED10_PT20_GB30_CAP30D,RUNNER_STOP,1479,0.3814805261800361,HALF_TP_RUNNER,FIXED10,30,,0.3,0.2
HALF_TP_RUNNER_FIXED10_PT20_GB30_CAP365D,INITIAL_STOP,2398,0.6185194738199639,HALF_TP_RUNNER,FIXED10,365,,0.3,0.2
HALF_TP_RUNNER_FIXED10_PT20_GB30_CAP365D,RUNNER_STOP,1479,0.3814805261800361,HALF_TP_RUNNER,FIXED10,365,,0.3,0.2
HALF_TP_RUNNER_FIXED10_PT20_GB30_CAP7D,INITIAL_STOP,2398,0.6185194738199639,HALF_TP_RUNNER,FIXED10,7,,0.3,0.2
HALF_TP_RUNNER_FIXED10_PT20_GB30_CAP7D,RUNNER_STOP,1479,0.3814805261800361,HALF_TP_RUNNER,FIXED10,7,,0.3,0.2
HALF_TP_RUNNER_FIXED10_PT20_GB30_CAP90D,INITIAL_STOP,2398,0.6185194738199639,HALF_TP_RUNNER,FIXED10,90,,0.3,0.2
HALF_TP_RUNNER_FIXED10_PT20_GB30_CAP90D,RUNNER_STOP,1479,0.3814805261800361,HALF_TP_RUNNER,FIXED10,90,,0.3,0.2
HALF_TP_RUNNER_FIXED10_PT20_GB40_CAP180D,INITIAL_STOP,2398,0.6193181818181818,HALF_TP_RUNNER,FIXED10,180,,0.4,0.2
HALF_TP_RUNNER_FIXED10_PT20_GB40_CAP180D,RUNNER_STOP,1474,0.3806818181818182,HALF_TP_RUNNER,FIXED10,180,,0.4,0.2
HALF_TP_RUNNER_FIXED10_PT20_GB40_CAP30D,INITIAL_STOP,2398,0.6193181818181818,HALF_TP_RUNNER,FIXED10,30,,0.4,0.2
HALF_TP_RUNNER_FIXED10_PT20_GB40_CAP30D,RUNNER_STOP,1474,0.3806818181818182,HALF_TP_RUNNER,FIXED10,30,,0.4,0.2
HALF_TP_RUNNER_FIXED10_PT20_GB40_CAP365D,INITIAL_STOP,2398,0.6193181818181818,HALF_TP_RUNNER,FIXED10,365,,0.4,0.2
HALF_TP_RUNNER_FIXED10_PT20_GB40_CAP365D,RUNNER_STOP,1474,0.3806818181818182,HALF_TP_RUNNER,FIXED10,365,,0.4,0.2
HALF_TP_RUNNER_FIXED10_PT20_GB40_CAP7D,INITIAL_STOP,2398,0.6193181818181818,HALF_TP_RUNNER,FIXED10,7,,0.4,0.2
HALF_TP_RUNNER_FIXED10_PT20_GB40_CAP7D,RUNNER_STOP,1474,0.3806818181818182,HALF_TP_RUNNER,FIXED10,7,,0.4,0.2
HALF_TP_RUNNER_FIXED10_PT20_GB40_CAP90D,INITIAL_STOP,2398,0.6193181818181818,HALF_TP_RUNNER,FIXED10,90,,0.4,0.2
HALF_TP_RUNNER_FIXED10_PT20_GB40_CAP90D,RUNNER_STOP,1474,0.3806818181818182,HALF_TP_RUNNER,FIXED10,90,,0.4,0.2
HALF_TP_RUNNER_FIXED10_PT20_GB50_CAP180D,INITIAL_STOP,2398,0.6212435233160621,HALF_TP_RUNNER,FIXED10,180,,0.5,0.2
HALF_TP_RUNNER_FIXED10_PT20_GB50_CAP180D,RUNNER_STOP,1462,0.3787564766839378,HALF_TP_RUNNER,FIXED10,180,,0.5,0.2
HALF_TP_RUNNER_FIXED10_PT20_GB50_CAP30D,INITIAL_STOP,2398,0.6212435233160621,HALF_TP_RUNNER,FIXED10,30,,0.5,0.2
HALF_TP_RUNNER_FIXED10_PT20_GB50_CAP30D,RUNNER_STOP,1462,0.3787564766839378,HALF_TP_RUNNER,FIXED10,30,,0.5,0.2
HALF_TP_RUNNER_FIXED10_PT20_GB50_CAP365D,INITIAL_STOP,2398,0.6212435233160621,HALF_TP_RUNNER,FIXED10,365,,0.5,0.2
HALF_TP_RUNNER_FIXED10_PT20_GB50_CAP365D,RUNNER_STOP,1462,0.3787564766839378,HALF_TP_RUNNER,FIXED10,365,,0.5,0.2
HALF_TP_RUNNER_FIXED10_PT20_GB50_CAP7D,INITIAL_STOP,2398,0.6212435233160621,HALF_TP_RUNNER,FIXED10,7,,0.5,0.2
HALF_TP_RUNNER_FIXED10_PT20_GB50_CAP7D,RUNNER_STOP,1462,0.3787564766839378,HALF_TP_RUNNER,FIXED10,7,,0.5,0.2
HALF_TP_RUNNER_FIXED10_PT20_GB50_CAP90D,INITIAL_STOP,2398,0.6212435233160621,HALF_TP_RUNNER,FIXED10,90,,0.5,0.2
HALF_TP_RUNNER_FIXED10_PT20_GB50_CAP90D,RUNNER_STOP,1462,0.3787564766839378,HALF_TP_RUNNER,FIXED10,90,,0.5,0.2
HALF_TP_RUNNER_FIXED10_PT20_GB60_CAP180D,INITIAL_STOP,2398,0.6233428645697946,HALF_TP_RUNNER,FIXED10,180,,0.6,0.2
HALF_TP_RUNNER_FIXED10_PT20_GB60_CAP180D,RUNNER_STOP,1440,0.37431765011697427,HALF_TP_RUNNER,FIXED10,180,,0.6,0.2
HALF_TP_RUNNER_FIXED10_PT20_GB60_CAP180D,TAKE_PROFIT_1000,9,0.002339485313231089,HALF_TP_RUNNER,FIXED10,180,,0.6,0.2
HALF_TP_RUNNER_FIXED10_PT20_GB60_CAP30D,INITIAL_STOP,2398,0.6233428645697946,HALF_TP_RUNNER,FIXED10,30,,0.6,0.2
HALF_TP_RUNNER_FIXED10_PT20_GB60_CAP30D,RUNNER_STOP,1440,0.37431765011697427,HALF_TP_RUNNER,FIXED10,30,,0.6,0.2
HALF_TP_RUNNER_FIXED10_PT20_GB60_CAP30D,TAKE_PROFIT_1000,9,0.002339485313231089,HALF_TP_RUNNER,FIXED10,30,,0.6,0.2
HALF_TP_RUNNER_FIXED10_PT20_GB60_CAP365D,INITIAL_STOP,2398,0.6233428645697946,HALF_TP_RUNNER,FIXED10,365,,0.6,0.2
HALF_TP_RUNNER_FIXED10_PT20_GB60_CAP365D,RUNNER_STOP,1440,0.37431765011697427,HALF_TP_RUNNER,FIXED10,365,,0.6,0.2
HALF_TP_RUNNER_FIXED10_PT20_GB60_CAP365D,TAKE_PROFIT_1000,9,0.002339485313231089,HALF_TP_RUNNER,FIXED10,365,,0.6,0.2
HALF_TP_RUNNER_FIXED10_PT20_GB60_CAP7D,INITIAL_STOP,2398,0.6233428645697946,HALF_TP_RUNNER,FIXED10,7,,0.6,0.2
HALF_TP_RUNNER_FIXED10_PT20_GB60_CAP7D,RUNNER_STOP,1440,0.37431765011697427,HALF_TP_RUNNER,FIXED10,7,,0.6,0.2
HALF_TP_RUNNER_FIXED10_PT20_GB60_CAP7D,TAKE_PROFIT_1000,9,0.002339485313231089,HALF_TP_RUNNER,FIXED10,7,,0.6,0.2
HALF_TP_RUNNER_FIXED10_PT20_GB60_CAP90D,INITIAL_STOP,2398,0.6233428645697946,HALF_TP_RUNNER,FIXED10,90,,0.6,0.2
HALF_TP_RUNNER_FIXED10_PT20_GB60_CAP90D,RUNNER_STOP,1440,0.37431765011697427,HALF_TP_RUNNER,FIXED10,90,,0.6,0.2
HALF_TP_RUNNER_FIXED10_PT20_GB60_CAP90D,TAKE_PROFIT_1000,9,0.002339485313231089,HALF_TP_RUNNER,FIXED10,90,,0.6,0.2
HALF_TP_RUNNER_FIXED5_PT10_GB30_CAP180D,INITIAL_STOP,2469,0.6317809621289662,HALF_TP_RUNNER,FIXED5,180,,0.3,0.1
HALF_TP_RUNNER_FIXED5_PT10_GB30_CAP180D,RUNNER_STOP,1439,0.36821903787103377,HALF_TP_RUNNER,FIXED5,180,,0.3,0.1
HALF_TP_RUNNER_FIXED5_PT10_GB30_CAP30D,INITIAL_STOP,2469,0.6317809621289662,HALF_TP_RUNNER,FIXED5,30,,0.3,0.1
HALF_TP_RUNNER_FIXED5_PT10_GB30_CAP30D,RUNNER_STOP,1439,0.36821903787103377,HALF_TP_RUNNER,FIXED5,30,,0.3,0.1
HALF_TP_RUNNER_FIXED5_PT10_GB30_CAP365D,INITIAL_STOP,2469,0.6317809621289662,HALF_TP_RUNNER,FIXED5,365,,0.3,0.1
HALF_TP_RUNNER_FIXED5_PT10_GB30_CAP365D,RUNNER_STOP,1439,0.36821903787103377,HALF_TP_RUNNER,FIXED5,365,,0.3,0.1
HALF_TP_RUNNER_FIXED5_PT10_GB30_CAP7D,INITIAL_STOP,2469,0.6317809621289662,HALF_TP_RUNNER,FIXED5,7,,0.3,0.1
HALF_TP_RUNNER_FIXED5_PT10_GB30_CAP7D,RUNNER_STOP,1439,0.36821903787103377,HALF_TP_RUNNER,FIXED5,7,,0.3,0.1
HALF_TP_RUNNER_FIXED5_PT10_GB30_CAP90D,INITIAL_STOP,2469,0.6317809621289662,HALF_TP_RUNNER,FIXED5,90,,0.3,0.1
HALF_TP_RUNNER_FIXED5_PT10_GB30_CAP90D,RUNNER_STOP,1439,0.36821903787103377,HALF_TP_RUNNER,FIXED5,90,,0.3,0.1
HALF_TP_RUNNER_FIXED5_PT10_GB40_CAP180D,INITIAL_STOP,2469,0.6324282786885246,HALF_TP_RUNNER,FIXED5,180,,0.4,0.1
HALF_TP_RUNNER_FIXED5_PT10_GB40_CAP180D,RUNNER_STOP,1435,0.3675717213114754,HALF_TP_RUNNER,FIXED5,180,,0.4,0.1
HALF_TP_RUNNER_FIXED5_PT10_GB40_CAP30D,INITIAL_STOP,2469,0.6324282786885246,HALF_TP_RUNNER,FIXED5,30,,0.4,0.1
HALF_TP_RUNNER_FIXED5_PT10_GB40_CAP30D,RUNNER_STOP,1435,0.3675717213114754,HALF_TP_RUNNER,FIXED5,30,,0.4,0.1
HALF_TP_RUNNER_FIXED5_PT10_GB40_CAP365D,INITIAL_STOP,2469,0.6324282786885246,HALF_TP_RUNNER,FIXED5,365,,0.4,0.1
HALF_TP_RUNNER_FIXED5_PT10_GB40_CAP365D,RUNNER_STOP,1435,0.3675717213114754,HALF_TP_RUNNER,FIXED5,365,,0.4,0.1
HALF_TP_RUNNER_FIXED5_PT10_GB40_CAP7D,INITIAL_STOP,2469,0.6324282786885246,HALF_TP_RUNNER,FIXED5,7,,0.4,0.1
HALF_TP_RUNNER_FIXED5_PT10_GB40_CAP7D,RUNNER_STOP,1435,0.3675717213114754,HALF_TP_RUNNER,FIXED5,7,,0.4,0.1
HALF_TP_RUNNER_FIXED5_PT10_GB40_CAP90D,INITIAL_STOP,2469,0.6324282786885246,HALF_TP_RUNNER,FIXED5,90,,0.4,0.1
HALF_TP_RUNNER_FIXED5_PT10_GB40_CAP90D,RUNNER_STOP,1435,0.3675717213114754,HALF_TP_RUNNER,FIXED5,90,,0.4,0.1
HALF_TP_RUNNER_FIXED5_PT10_GB50_CAP180D,INITIAL_STOP,2469,0.6330769230769231,HALF_TP_RUNNER,FIXED5,180,,0.5,0.1
HALF_TP_RUNNER_FIXED5_PT10_GB50_CAP180D,RUNNER_STOP,1431,0.3669230769230769,HALF_TP_RUNNER,FIXED5,180,,0.5,0.1
HALF_TP_RUNNER_FIXED5_PT10_GB50_CAP30D,INITIAL_STOP,2469,0.6330769230769231,HALF_TP_RUNNER,FIXED5,30,,0.5,0.1
HALF_TP_RUNNER_FIXED5_PT10_GB50_CAP30D,RUNNER_STOP,1431,0.3669230769230769,HALF_TP_RUNNER,FIXED5,30,,0.5,0.1
HALF_TP_RUNNER_FIXED5_PT10_GB50_CAP365D,INITIAL_STOP,2469,0.6330769230769231,HALF_TP_RUNNER,FIXED5,365,,0.5,0.1
HALF_TP_RUNNER_FIXED5_PT10_GB50_CAP365D,RUNNER_STOP,1431,0.3669230769230769,HALF_TP_RUNNER,FIXED5,365,,0.5,0.1
HALF_TP_RUNNER_FIXED5_PT10_GB50_CAP7D,INITIAL_STOP,2469,0.6330769230769231,HALF_TP_RUNNER,FIXED5,7,,0.5,0.1
HALF_TP_RUNNER_FIXED5_PT10_GB50_CAP7D,RUNNER_STOP,1431,0.3669230769230769,HALF_TP_RUNNER,FIXED5,7,,0.5,0.1
HALF_TP_RUNNER_FIXED5_PT10_GB50_CAP90D,INITIAL_STOP,2469,0.6330769230769231,HALF_TP_RUNNER,FIXED5,90,,0.5,0.1
HALF_TP_RUNNER_FIXED5_PT10_GB50_CAP90D,RUNNER_STOP,1431,0.3669230769230769,HALF_TP_RUNNER,FIXED5,90,,0.5,0.1
HALF_TP_RUNNER_FIXED5_PT10_GB60_CAP180D,INITIAL_STOP,2469,0.6345412490362374,HALF_TP_RUNNER,FIXED5,180,,0.6,0.1
HALF_TP_RUNNER_FIXED5_PT10_GB60_CAP180D,RUNNER_STOP,1418,0.36443073759958877,HALF_TP_RUNNER,FIXED5,180,,0.6,0.1
HALF_TP_RUNNER_FIXED5_PT10_GB60_CAP180D,TAKE_PROFIT_1000,4,0.0010280133641737343,HALF_TP_RUNNER,FIXED5,180,,0.6,0.1
HALF_TP_RUNNER_FIXED5_PT10_GB60_CAP30D,INITIAL_STOP,2469,0.6345412490362374,HALF_TP_RUNNER,FIXED5,30,,0.6,0.1
HALF_TP_RUNNER_FIXED5_PT10_GB60_CAP30D,RUNNER_STOP,1418,0.36443073759958877,HALF_TP_RUNNER,FIXED5,30,,0.6,0.1
HALF_TP_RUNNER_FIXED5_PT10_GB60_CAP30D,TAKE_PROFIT_1000,4,0.0010280133641737343,HALF_TP_RUNNER,FIXED5,30,,0.6,0.1
HALF_TP_RUNNER_FIXED5_PT10_GB60_CAP365D,INITIAL_STOP,2469,0.6345412490362374,HALF_TP_RUNNER,FIXED5,365,,0.6,0.1
HALF_TP_RUNNER_FIXED5_PT10_GB60_CAP365D,RUNNER_STOP,1418,0.36443073759958877,HALF_TP_RUNNER,FIXED5,365,,0.6,0.1
HALF_TP_RUNNER_FIXED5_PT10_GB60_CAP365D,TAKE_PROFIT_1000,4,0.0010280133641737343,HALF_TP_RUNNER,FIXED5,365,,0.6,0.1
HALF_TP_RUNNER_FIXED5_PT10_GB60_CAP7D,INITIAL_STOP,2469,0.6345412490362374,HALF_TP_RUNNER,FIXED5,7,,0.6,0.1
HALF_TP_RUNNER_FIXED5_PT10_GB60_CAP7D,RUNNER_STOP,1418,0.36443073759958877,HALF_TP_RUNNER,FIXED5,7,,0.6,0.1
HALF_TP_RUNNER_FIXED5_PT10_GB60_CAP7D,TAKE_PROFIT_1000,4,0.0010280133641737343,HALF_TP_RUNNER,FIXED5,7,,0.6,0.1
HALF_TP_RUNNER_FIXED5_PT10_GB60_CAP90D,INITIAL_STOP,2469,0.6345412490362374,HALF_TP_RUNNER,FIXED5,90,,0.6,0.1
HALF_TP_RUNNER_FIXED5_PT10_GB60_CAP90D,RUNNER_STOP,1418,0.36443073759958877,HALF_TP_RUNNER,FIXED5,90,,0.6,0.1
HALF_TP_RUNNER_FIXED5_PT10_GB60_CAP90D,TAKE_PROFIT_1000,4,0.0010280133641737343,HALF_TP_RUNNER,FIXED5,90,,0.6,0.1
HALF_TP_RUNNER_FIXED5_PT20_GB30_CAP180D,INITIAL_STOP,2971,0.7619902539112593,HALF_TP_RUNNER,FIXED5,180,,0.3,0.2
HALF_TP_RUNNER_FIXED5_PT20_GB30_CAP180D,RUNNER_STOP,928,0.2380097460887407,HALF_TP_RUNNER,FIXED5,180,,0.3,0.2
HALF_TP_RUNNER_FIXED5_PT20_GB30_CAP30D,INITIAL_STOP,2971,0.7619902539112593,HALF_TP_RUNNER,FIXED5,30,,0.3,0.2
HALF_TP_RUNNER_FIXED5_PT20_GB30_CAP30D,RUNNER_STOP,928,0.2380097460887407,HALF_TP_RUNNER,FIXED5,30,,0.3,0.2
HALF_TP_RUNNER_FIXED5_PT20_GB30_CAP365D,INITIAL_STOP,2971,0.7619902539112593,HALF_TP_RUNNER,FIXED5,365,,0.3,0.2
HALF_TP_RUNNER_FIXED5_PT20_GB30_CAP365D,RUNNER_STOP,928,0.2380097460887407,HALF_TP_RUNNER,FIXED5,365,,0.3,0.2
HALF_TP_RUNNER_FIXED5_PT20_GB30_CAP7D,INITIAL_STOP,2971,0.7619902539112593,HALF_TP_RUNNER,FIXED5,7,,0.3,0.2
HALF_TP_RUNNER_FIXED5_PT20_GB30_CAP7D,RUNNER_STOP,928,0.2380097460887407,HALF_TP_RUNNER,FIXED5,7,,0.3,0.2
HALF_TP_RUNNER_FIXED5_PT20_GB30_CAP90D,INITIAL_STOP,2971,0.7619902539112593,HALF_TP_RUNNER,FIXED5,90,,0.3,0.2
HALF_TP_RUNNER_FIXED5_PT20_GB30_CAP90D,RUNNER_STOP,928,0.2380097460887407,HALF_TP_RUNNER,FIXED5,90,,0.3,0.2
HALF_TP_RUNNER_FIXED5_PT20_GB40_CAP180D,INITIAL_STOP,2971,0.7629686697483308,HALF_TP_RUNNER,FIXED5,180,,0.4,0.2
HALF_TP_RUNNER_FIXED5_PT20_GB40_CAP180D,RUNNER_STOP,923,0.23703133025166923,HALF_TP_RUNNER,FIXED5,180,,0.4,0.2
HALF_TP_RUNNER_FIXED5_PT20_GB40_CAP30D,INITIAL_STOP,2971,0.7629686697483308,HALF_TP_RUNNER,FIXED5,30,,0.4,0.2
HALF_TP_RUNNER_FIXED5_PT20_GB40_CAP30D,RUNNER_STOP,923,0.23703133025166923,HALF_TP_RUNNER,FIXED5,30,,0.4,0.2
HALF_TP_RUNNER_FIXED5_PT20_GB40_CAP365D,INITIAL_STOP,2971,0.7629686697483308,HALF_TP_RUNNER,FIXED5,365,,0.4,0.2
HALF_TP_RUNNER_FIXED5_PT20_GB40_CAP365D,RUNNER_STOP,923,0.23703133025166923,HALF_TP_RUNNER,FIXED5,365,,0.4,0.2
HALF_TP_RUNNER_FIXED5_PT20_GB40_CAP7D,INITIAL_STOP,2971,0.7629686697483308,HALF_TP_RUNNER,FIXED5,7,,0.4,0.2
HALF_TP_RUNNER_FIXED5_PT20_GB40_CAP7D,RUNNER_STOP,923,0.23703133025166923,HALF_TP_RUNNER,FIXED5,7,,0.4,0.2
HALF_TP_RUNNER_FIXED5_PT20_GB40_CAP90D,INITIAL_STOP,2971,0.7629686697483308,HALF_TP_RUNNER,FIXED5,90,,0.4,0.2
HALF_TP_RUNNER_FIXED5_PT20_GB40_CAP90D,RUNNER_STOP,923,0.23703133025166923,HALF_TP_RUNNER,FIXED5,90,,0.4,0.2
HALF_TP_RUNNER_FIXED5_PT20_GB50_CAP180D,INITIAL_STOP,2971,0.7641460905349794,HALF_TP_RUNNER,FIXED5,180,,0.5,0.2
HALF_TP_RUNNER_FIXED5_PT20_GB50_CAP180D,RUNNER_STOP,917,0.23585390946502058,HALF_TP_RUNNER,FIXED5,180,,0.5,0.2
HALF_TP_RUNNER_FIXED5_PT20_GB50_CAP30D,INITIAL_STOP,2971,0.7641460905349794,HALF_TP_RUNNER,FIXED5,30,,0.5,0.2
HALF_TP_RUNNER_FIXED5_PT20_GB50_CAP30D,RUNNER_STOP,917,0.23585390946502058,HALF_TP_RUNNER,FIXED5,30,,0.5,0.2
HALF_TP_RUNNER_FIXED5_PT20_GB50_CAP365D,INITIAL_STOP,2971,0.7641460905349794,HALF_TP_RUNNER,FIXED5,365,,0.5,0.2
HALF_TP_RUNNER_FIXED5_PT20_GB50_CAP365D,RUNNER_STOP,917,0.23585390946502058,HALF_TP_RUNNER,FIXED5,365,,0.5,0.2
HALF_TP_RUNNER_FIXED5_PT20_GB50_CAP7D,INITIAL_STOP,2971,0.7641460905349794,HALF_TP_RUNNER,FIXED5,7,,0.5,0.2
HALF_TP_RUNNER_FIXED5_PT20_GB50_CAP7D,RUNNER_STOP,917,0.23585390946502058,HALF_TP_RUNNER,FIXED5,7,,0.5,0.2
HALF_TP_RUNNER_FIXED5_PT20_GB50_CAP90D,INITIAL_STOP,2971,0.7641460905349794,HALF_TP_RUNNER,FIXED5,90,,0.5,0.2
HALF_TP_RUNNER_FIXED5_PT20_GB50_CAP90D,RUNNER_STOP,917,0.23585390946502058,HALF_TP_RUNNER,FIXED5,90,,0.5,0.2
HALF_TP_RUNNER_FIXED5_PT20_GB60_CAP180D,INITIAL_STOP,2971,0.765919051301882,HALF_TP_RUNNER,FIXED5,180,,0.6,0.2
HALF_TP_RUNNER_FIXED5_PT20_GB60_CAP180D,RUNNER_STOP,904,0.23304975509151843,HALF_TP_RUNNER,FIXED5,180,,0.6,0.2
HALF_TP_RUNNER_FIXED5_PT20_GB60_CAP180D,TAKE_PROFIT_1000,4,0.0010311936065996391,HALF_TP_RUNNER,FIXED5,180,,0.6,0.2
HALF_TP_RUNNER_FIXED5_PT20_GB60_CAP30D,INITIAL_STOP,2971,0.765919051301882,HALF_TP_RUNNER,FIXED5,30,,0.6,0.2
HALF_TP_RUNNER_FIXED5_PT20_GB60_CAP30D,RUNNER_STOP,904,0.23304975509151843,HALF_TP_RUNNER,FIXED5,30,,0.6,0.2
HALF_TP_RUNNER_FIXED5_PT20_GB60_CAP30D,TAKE_PROFIT_1000,4,0.0010311936065996391,HALF_TP_RUNNER,FIXED5,30,,0.6,0.2
HALF_TP_RUNNER_FIXED5_PT20_GB60_CAP365D,INITIAL_STOP,2971,0.765919051301882,HALF_TP_RUNNER,FIXED5,365,,0.6,0.2
HALF_TP_RUNNER_FIXED5_PT20_GB60_CAP365D,RUNNER_STOP,904,0.23304975509151843,HALF_TP_RUNNER,FIXED5,365,,0.6,0.2
HALF_TP_RUNNER_FIXED5_PT20_GB60_CAP365D,TAKE_PROFIT_1000,4,0.0010311936065996391,HALF_TP_RUNNER,FIXED5,365,,0.6,0.2
HALF_TP_RUNNER_FIXED5_PT20_GB60_CAP7D,INITIAL_STOP,2971,0.765919051301882,HALF_TP_RUNNER,FIXED5,7,,0.6,0.2
HALF_TP_RUNNER_FIXED5_PT20_GB60_CAP7D,RUNNER_STOP,904,0.23304975509151843,HALF_TP_RUNNER,FIXED5,7,,0.6,0.2
HALF_TP_RUNNER_FIXED5_PT20_GB60_CAP7D,TAKE_PROFIT_1000,4,0.0010311936065996391,HALF_TP_RUNNER,FIXED5,7,,0.6,0.2
HALF_TP_RUNNER_FIXED5_PT20_GB60_CAP90D,INITIAL_STOP,2971,0.765919051301882,HALF_TP_RUNNER,FIXED5,90,,0.6,0.2
HALF_TP_RUNNER_FIXED5_PT20_GB60_CAP90D,RUNNER_STOP,904,0.23304975509151843,HALF_TP_RUNNER,FIXED5,90,,0.6,0.2
HALF_TP_RUNNER_FIXED5_PT20_GB60_CAP90D,TAKE_PROFIT_1000,4,0.0010311936065996391,HALF_TP_RUNNER,FIXED5,90,,0.6,0.2
HALF_TP_RUNNER_FIXED7_PT10_GB30_CAP180D,INITIAL_STOP,2155,0.552422455780569,HALF_TP_RUNNER,FIXED7,180,,0.3,0.1
HALF_TP_RUNNER_FIXED7_PT10_GB30_CAP180D,RUNNER_STOP,1746,0.4475775442194309,HALF_TP_RUNNER,FIXED7,180,,0.3,0.1
HALF_TP_RUNNER_FIXED7_PT10_GB30_CAP30D,INITIAL_STOP,2155,0.552422455780569,HALF_TP_RUNNER,FIXED7,30,,0.3,0.1
HALF_TP_RUNNER_FIXED7_PT10_GB30_CAP30D,RUNNER_STOP,1746,0.4475775442194309,HALF_TP_RUNNER,FIXED7,30,,0.3,0.1
HALF_TP_RUNNER_FIXED7_PT10_GB30_CAP365D,INITIAL_STOP,2155,0.552422455780569,HALF_TP_RUNNER,FIXED7,365,,0.3,0.1
HALF_TP_RUNNER_FIXED7_PT10_GB30_CAP365D,RUNNER_STOP,1746,0.4475775442194309,HALF_TP_RUNNER,FIXED7,365,,0.3,0.1
HALF_TP_RUNNER_FIXED7_PT10_GB30_CAP7D,INITIAL_STOP,2155,0.552422455780569,HALF_TP_RUNNER,FIXED7,7,,0.3,0.1
HALF_TP_RUNNER_FIXED7_PT10_GB30_CAP7D,RUNNER_STOP,1746,0.4475775442194309,HALF_TP_RUNNER,FIXED7,7,,0.3,0.1
HALF_TP_RUNNER_FIXED7_PT10_GB30_CAP90D,INITIAL_STOP,2155,0.552422455780569,HALF_TP_RUNNER,FIXED7,90,,0.3,0.1
HALF_TP_RUNNER_FIXED7_PT10_GB30_CAP90D,RUNNER_STOP,1746,0.4475775442194309,HALF_TP_RUNNER,FIXED7,90,,0.3,0.1
HALF_TP_RUNNER_FIXED7_PT10_GB40_CAP180D,INITIAL_STOP,2155,0.5529894790864768,HALF_TP_RUNNER,FIXED7,180,,0.4,0.1
HALF_TP_RUNNER_FIXED7_PT10_GB40_CAP180D,RUNNER_STOP,1742,0.4470105209135232,HALF_TP_RUNNER,FIXED7,180,,0.4,0.1
HALF_TP_RUNNER_FIXED7_PT10_GB40_CAP30D,INITIAL_STOP,2155,0.5529894790864768,HALF_TP_RUNNER,FIXED7,30,,0.4,0.1
HALF_TP_RUNNER_FIXED7_PT10_GB40_CAP30D,RUNNER_STOP,1742,0.4470105209135232,HALF_TP_RUNNER,FIXED7,30,,0.4,0.1
HALF_TP_RUNNER_FIXED7_PT10_GB40_CAP365D,INITIAL_STOP,2155,0.5529894790864768,HALF_TP_RUNNER,FIXED7,365,,0.4,0.1
HALF_TP_RUNNER_FIXED7_PT10_GB40_CAP365D,RUNNER_STOP,1742,0.4470105209135232,HALF_TP_RUNNER,FIXED7,365,,0.4,0.1
HALF_TP_RUNNER_FIXED7_PT10_GB40_CAP7D,INITIAL_STOP,2155,0.5529894790864768,HALF_TP_RUNNER,FIXED7,7,,0.4,0.1
HALF_TP_RUNNER_FIXED7_PT10_GB40_CAP7D,RUNNER_STOP,1742,0.4470105209135232,HALF_TP_RUNNER,FIXED7,7,,0.4,0.1
HALF_TP_RUNNER_FIXED7_PT10_GB40_CAP90D,INITIAL_STOP,2155,0.5529894790864768,HALF_TP_RUNNER,FIXED7,90,,0.4,0.1
HALF_TP_RUNNER_FIXED7_PT10_GB40_CAP90D,RUNNER_STOP,1742,0.4470105209135232,HALF_TP_RUNNER,FIXED7,90,,0.4,0.1
HALF_TP_RUNNER_FIXED7_PT10_GB50_CAP180D,INITIAL_STOP,2155,0.5538421999485993,HALF_TP_RUNNER,FIXED7,180,,0.5,0.1
HALF_TP_RUNNER_FIXED7_PT10_GB50_CAP180D,RUNNER_STOP,1736,0.44615780005140065,HALF_TP_RUNNER,FIXED7,180,,0.5,0.1
HALF_TP_RUNNER_FIXED7_PT10_GB50_CAP30D,INITIAL_STOP,2155,0.5538421999485993,HALF_TP_RUNNER,FIXED7,30,,0.5,0.1
HALF_TP_RUNNER_FIXED7_PT10_GB50_CAP30D,RUNNER_STOP,1736,0.44615780005140065,HALF_TP_RUNNER,FIXED7,30,,0.5,0.1
HALF_TP_RUNNER_FIXED7_PT10_GB50_CAP365D,INITIAL_STOP,2155,0.5538421999485993,HALF_TP_RUNNER,FIXED7,365,,0.5,0.1
HALF_TP_RUNNER_FIXED7_PT10_GB50_CAP365D,RUNNER_STOP,1736,0.44615780005140065,HALF_TP_RUNNER,FIXED7,365,,0.5,0.1
HALF_TP_RUNNER_FIXED7_PT10_GB50_CAP7D,INITIAL_STOP,2155,0.5538421999485993,HALF_TP_RUNNER,FIXED7,7,,0.5,0.1
HALF_TP_RUNNER_FIXED7_PT10_GB50_CAP7D,RUNNER_STOP,1736,0.44615780005140065,HALF_TP_RUNNER,FIXED7,7,,0.5,0.1
HALF_TP_RUNNER_FIXED7_PT10_GB50_CAP90D,INITIAL_STOP,2155,0.5538421999485993,HALF_TP_RUNNER,FIXED7,90,,0.5,0.1
HALF_TP_RUNNER_FIXED7_PT10_GB50_CAP90D,RUNNER_STOP,1736,0.44615780005140065,HALF_TP_RUNNER,FIXED7,90,,0.5,0.1
HALF_TP_RUNNER_FIXED7_PT10_GB60_CAP180D,INITIAL_STOP,2155,0.5551262235960845,HALF_TP_RUNNER,FIXED7,180,,0.6,0.1
HALF_TP_RUNNER_FIXED7_PT10_GB60_CAP180D,RUNNER_STOP,1723,0.443843379701185,HALF_TP_RUNNER,FIXED7,180,,0.6,0.1
HALF_TP_RUNNER_FIXED7_PT10_GB60_CAP180D,TAKE_PROFIT_1000,4,0.0010303967027305513,HALF_TP_RUNNER,FIXED7,180,,0.6,0.1
HALF_TP_RUNNER_FIXED7_PT10_GB60_CAP30D,INITIAL_STOP,2155,0.5551262235960845,HALF_TP_RUNNER,FIXED7,30,,0.6,0.1
HALF_TP_RUNNER_FIXED7_PT10_GB60_CAP30D,RUNNER_STOP,1723,0.443843379701185,HALF_TP_RUNNER,FIXED7,30,,0.6,0.1
HALF_TP_RUNNER_FIXED7_PT10_GB60_CAP30D,TAKE_PROFIT_1000,4,0.0010303967027305513,HALF_TP_RUNNER,FIXED7,30,,0.6,0.1
HALF_TP_RUNNER_FIXED7_PT10_GB60_CAP365D,INITIAL_STOP,2155,0.5551262235960845,HALF_TP_RUNNER,FIXED7,365,,0.6,0.1
HALF_TP_RUNNER_FIXED7_PT10_GB60_CAP365D,RUNNER_STOP,1723,0.443843379701185,HALF_TP_RUNNER,FIXED7,365,,0.6,0.1
HALF_TP_RUNNER_FIXED7_PT10_GB60_CAP365D,TAKE_PROFIT_1000,4,0.0010303967027305513,HALF_TP_RUNNER,FIXED7,365,,0.6,0.1
HALF_TP_RUNNER_FIXED7_PT10_GB60_CAP7D,INITIAL_STOP,2155,0.5551262235960845,HALF_TP_RUNNER,FIXED7,7,,0.6,0.1
HALF_TP_RUNNER_FIXED7_PT10_GB60_CAP7D,RUNNER_STOP,1723,0.443843379701185,HALF_TP_RUNNER,FIXED7,7,,0.6,0.1
HALF_TP_RUNNER_FIXED7_PT10_GB60_CAP7D,TAKE_PROFIT_1000,4,0.0010303967027305513,HALF_TP_RUNNER,FIXED7,7,,0.6,0.1
HALF_TP_RUNNER_FIXED7_PT10_GB60_CAP90D,INITIAL_STOP,2155,0.5551262235960845,HALF_TP_RUNNER,FIXED7,90,,0.6,0.1
HALF_TP_RUNNER_FIXED7_PT10_GB60_CAP90D,RUNNER_STOP,1723,0.443843379701185,HALF_TP_RUNNER,FIXED7,90,,0.6,0.1
HALF_TP_RUNNER_FIXED7_PT10_GB60_CAP90D,TAKE_PROFIT_1000,4,0.0010303967027305513,HALF_TP_RUNNER,FIXED7,90,,0.6,0.1
HALF_TP_RUNNER_FIXED7_PT20_GB30_CAP180D,INITIAL_STOP,2716,0.6982005141388175,HALF_TP_RUNNER,FIXED7,180,,0.3,0.2
HALF_TP_RUNNER_FIXED7_PT20_GB30_CAP180D,RUNNER_STOP,1174,0.3017994858611825,HALF_TP_RUNNER,FIXED7,180,,0.3,0.2
HALF_TP_RUNNER_FIXED7_PT20_GB30_CAP30D,INITIAL_STOP,2716,0.6982005141388175,HALF_TP_RUNNER,FIXED7,30,,0.3,0.2
HALF_TP_RUNNER_FIXED7_PT20_GB30_CAP30D,RUNNER_STOP,1174,0.3017994858611825,HALF_TP_RUNNER,FIXED7,30,,0.3,0.2
HALF_TP_RUNNER_FIXED7_PT20_GB30_CAP365D,INITIAL_STOP,2716,0.6982005141388175,HALF_TP_RUNNER,FIXED7,365,,0.3,0.2
HALF_TP_RUNNER_FIXED7_PT20_GB30_CAP365D,RUNNER_STOP,1174,0.3017994858611825,HALF_TP_RUNNER,FIXED7,365,,0.3,0.2
HALF_TP_RUNNER_FIXED7_PT20_GB30_CAP7D,INITIAL_STOP,2716,0.6982005141388175,HALF_TP_RUNNER,FIXED7,7,,0.3,0.2
HALF_TP_RUNNER_FIXED7_PT20_GB30_CAP7D,RUNNER_STOP,1174,0.3017994858611825,HALF_TP_RUNNER,FIXED7,7,,0.3,0.2
HALF_TP_RUNNER_FIXED7_PT20_GB30_CAP90D,INITIAL_STOP,2716,0.6982005141388175,HALF_TP_RUNNER,FIXED7,90,,0.3,0.2
HALF_TP_RUNNER_FIXED7_PT20_GB30_CAP90D,RUNNER_STOP,1174,0.3017994858611825,HALF_TP_RUNNER,FIXED7,90,,0.3,0.2
HALF_TP_RUNNER_FIXED7_PT20_GB40_CAP180D,INITIAL_STOP,2716,0.6990990990990991,HALF_TP_RUNNER,FIXED7,180,,0.4,0.2
HALF_TP_RUNNER_FIXED7_PT20_GB40_CAP180D,RUNNER_STOP,1169,0.3009009009009009,HALF_TP_RUNNER,FIXED7,180,,0.4,0.2
HALF_TP_RUNNER_FIXED7_PT20_GB40_CAP30D,INITIAL_STOP,2716,0.6990990990990991,HALF_TP_RUNNER,FIXED7,30,,0.4,0.2
HALF_TP_RUNNER_FIXED7_PT20_GB40_CAP30D,RUNNER_STOP,1169,0.3009009009009009,HALF_TP_RUNNER,FIXED7,30,,0.4,0.2
HALF_TP_RUNNER_FIXED7_PT20_GB40_CAP365D,INITIAL_STOP,2716,0.6990990990990991,HALF_TP_RUNNER,FIXED7,365,,0.4,0.2
HALF_TP_RUNNER_FIXED7_PT20_GB40_CAP365D,RUNNER_STOP,1169,0.3009009009009009,HALF_TP_RUNNER,FIXED7,365,,0.4,0.2
HALF_TP_RUNNER_FIXED7_PT20_GB40_CAP7D,INITIAL_STOP,2716,0.6990990990990991,HALF_TP_RUNNER,FIXED7,7,,0.4,0.2
HALF_TP_RUNNER_FIXED7_PT20_GB40_CAP7D,RUNNER_STOP,1169,0.3009009009009009,HALF_TP_RUNNER,FIXED7,7,,0.4,0.2
HALF_TP_RUNNER_FIXED7_PT20_GB40_CAP90D,INITIAL_STOP,2716,0.6990990990990991,HALF_TP_RUNNER,FIXED7,90,,0.4,0.2
HALF_TP_RUNNER_FIXED7_PT20_GB40_CAP90D,RUNNER_STOP,1169,0.3009009009009009,HALF_TP_RUNNER,FIXED7,90,,0.4,0.2
HALF_TP_RUNNER_FIXED7_PT20_GB50_CAP180D,INITIAL_STOP,2716,0.7005416559195254,HALF_TP_RUNNER,FIXED7,180,,0.5,0.2
HALF_TP_RUNNER_FIXED7_PT20_GB50_CAP180D,RUNNER_STOP,1161,0.2994583440804746,HALF_TP_RUNNER,FIXED7,180,,0.5,0.2
HALF_TP_RUNNER_FIXED7_PT20_GB50_CAP30D,INITIAL_STOP,2716,0.7005416559195254,HALF_TP_RUNNER,FIXED7,30,,0.5,0.2
HALF_TP_RUNNER_FIXED7_PT20_GB50_CAP30D,RUNNER_STOP,1161,0.2994583440804746,HALF_TP_RUNNER,FIXED7,30,,0.5,0.2
HALF_TP_RUNNER_FIXED7_PT20_GB50_CAP365D,INITIAL_STOP,2716,0.7005416559195254,HALF_TP_RUNNER,FIXED7,365,,0.5,0.2
HALF_TP_RUNNER_FIXED7_PT20_GB50_CAP365D,RUNNER_STOP,1161,0.2994583440804746,HALF_TP_RUNNER,FIXED7,365,,0.5,0.2
HALF_TP_RUNNER_FIXED7_PT20_GB50_CAP7D,INITIAL_STOP,2716,0.7005416559195254,HALF_TP_RUNNER,FIXED7,7,,0.5,0.2
HALF_TP_RUNNER_FIXED7_PT20_GB50_CAP7D,RUNNER_STOP,1161,0.2994583440804746,HALF_TP_RUNNER,FIXED7,7,,0.5,0.2
HALF_TP_RUNNER_FIXED7_PT20_GB50_CAP90D,INITIAL_STOP,2716,0.7005416559195254,HALF_TP_RUNNER,FIXED7,90,,0.5,0.2
HALF_TP_RUNNER_FIXED7_PT20_GB50_CAP90D,RUNNER_STOP,1161,0.2994583440804746,HALF_TP_RUNNER,FIXED7,90,,0.5,0.2
HALF_TP_RUNNER_FIXED7_PT20_GB60_CAP180D,INITIAL_STOP,2716,0.7021716649431231,HALF_TP_RUNNER,FIXED7,180,,0.6,0.2
HALF_TP_RUNNER_FIXED7_PT20_GB60_CAP180D,RUNNER_STOP,1147,0.29653567735263703,HALF_TP_RUNNER,FIXED7,180,,0.6,0.2
HALF_TP_RUNNER_FIXED7_PT20_GB60_CAP180D,TAKE_PROFIT_1000,5,0.0012926577042399173,HALF_TP_RUNNER,FIXED7,180,,0.6,0.2
HALF_TP_RUNNER_FIXED7_PT20_GB60_CAP30D,INITIAL_STOP,2716,0.7021716649431231,HALF_TP_RUNNER,FIXED7,30,,0.6,0.2
HALF_TP_RUNNER_FIXED7_PT20_GB60_CAP30D,RUNNER_STOP,1147,0.29653567735263703,HALF_TP_RUNNER,FIXED7,30,,0.6,0.2
HALF_TP_RUNNER_FIXED7_PT20_GB60_CAP30D,TAKE_PROFIT_1000,5,0.0012926577042399173,HALF_TP_RUNNER,FIXED7,30,,0.6,0.2
HALF_TP_RUNNER_FIXED7_PT20_GB60_CAP365D,INITIAL_STOP,2716,0.7021716649431231,HALF_TP_RUNNER,FIXED7,365,,0.6,0.2
HALF_TP_RUNNER_FIXED7_PT20_GB60_CAP365D,RUNNER_STOP,1147,0.29653567735263703,HALF_TP_RUNNER,FIXED7,365,,0.6,0.2
HALF_TP_RUNNER_FIXED7_PT20_GB60_CAP365D,TAKE_PROFIT_1000,5,0.0012926577042399173,HALF_TP_RUNNER,FIXED7,365,,0.6,0.2
HALF_TP_RUNNER_FIXED7_PT20_GB60_CAP7D,INITIAL_STOP,2716,0.7021716649431231,HALF_TP_RUNNER,FIXED7,7,,0.6,0.2
HALF_TP_RUNNER_FIXED7_PT20_GB60_CAP7D,RUNNER_STOP,1147,0.29653567735263703,HALF_TP_RUNNER,FIXED7,7,,0.6,0.2
HALF_TP_RUNNER_FIXED7_PT20_GB60_CAP7D,TAKE_PROFIT_1000,5,0.0012926577042399173,HALF_TP_RUNNER,FIXED7,7,,0.6,0.2
HALF_TP_RUNNER_FIXED7_PT20_GB60_CAP90D,INITIAL_STOP,2716,0.7021716649431231,HALF_TP_RUNNER,FIXED7,90,,0.6,0.2
HALF_TP_RUNNER_FIXED7_PT20_GB60_CAP90D,RUNNER_STOP,1147,0.29653567735263703,HALF_TP_RUNNER,FIXED7,90,,0.6,0.2
HALF_TP_RUNNER_FIXED7_PT20_GB60_CAP90D,TAKE_PROFIT_1000,5,0.0012926577042399173,HALF_TP_RUNNER,FIXED7,90,,0.6,0.2
HALF_TP_RUNNER_STRUCT_CAP10_PT10_GB30_CAP180D,INITIAL_STOP,2031,0.5191717791411042,HALF_TP_RUNNER,STRUCT_CAP10,180,,0.3,0.1
HALF_TP_RUNNER_STRUCT_CAP10_PT10_GB30_CAP180D,RUNNER_STOP,1881,0.4808282208588957,HALF_TP_RUNNER,STRUCT_CAP10,180,,0.3,0.1
HALF_TP_RUNNER_STRUCT_CAP10_PT10_GB30_CAP30D,INITIAL_STOP,2031,0.5191717791411042,HALF_TP_RUNNER,STRUCT_CAP10,30,,0.3,0.1
HALF_TP_RUNNER_STRUCT_CAP10_PT10_GB30_CAP30D,RUNNER_STOP,1881,0.4808282208588957,HALF_TP_RUNNER,STRUCT_CAP10,30,,0.3,0.1
HALF_TP_RUNNER_STRUCT_CAP10_PT10_GB30_CAP365D,INITIAL_STOP,2031,0.5191717791411042,HALF_TP_RUNNER,STRUCT_CAP10,365,,0.3,0.1
HALF_TP_RUNNER_STRUCT_CAP10_PT10_GB30_CAP365D,RUNNER_STOP,1881,0.4808282208588957,HALF_TP_RUNNER,STRUCT_CAP10,365,,0.3,0.1
HALF_TP_RUNNER_STRUCT_CAP10_PT10_GB30_CAP7D,INITIAL_STOP,2031,0.5191717791411042,HALF_TP_RUNNER,STRUCT_CAP10,7,,0.3,0.1
HALF_TP_RUNNER_STRUCT_CAP10_PT10_GB30_CAP7D,RUNNER_STOP,1881,0.4808282208588957,HALF_TP_RUNNER,STRUCT_CAP10,7,,0.3,0.1
HALF_TP_RUNNER_STRUCT_CAP10_PT10_GB30_CAP90D,INITIAL_STOP,2031,0.5191717791411042,HALF_TP_RUNNER,STRUCT_CAP10,90,,0.3,0.1
HALF_TP_RUNNER_STRUCT_CAP10_PT10_GB30_CAP90D,RUNNER_STOP,1881,0.4808282208588957,HALF_TP_RUNNER,STRUCT_CAP10,90,,0.3,0.1
HALF_TP_RUNNER_STRUCT_CAP10_PT10_GB40_CAP180D,INITIAL_STOP,2031,0.5195702225633154,HALF_TP_RUNNER,STRUCT_CAP10,180,,0.4,0.1
HALF_TP_RUNNER_STRUCT_CAP10_PT10_GB40_CAP180D,RUNNER_STOP,1878,0.4804297774366846,HALF_TP_RUNNER,STRUCT_CAP10,180,,0.4,0.1
HALF_TP_RUNNER_STRUCT_CAP10_PT10_GB40_CAP30D,INITIAL_STOP,2031,0.5195702225633154,HALF_TP_RUNNER,STRUCT_CAP10,30,,0.4,0.1
HALF_TP_RUNNER_STRUCT_CAP10_PT10_GB40_CAP30D,RUNNER_STOP,1878,0.4804297774366846,HALF_TP_RUNNER,STRUCT_CAP10,30,,0.4,0.1
HALF_TP_RUNNER_STRUCT_CAP10_PT10_GB40_CAP365D,INITIAL_STOP,2031,0.5195702225633154,HALF_TP_RUNNER,STRUCT_CAP10,365,,0.4,0.1
HALF_TP_RUNNER_STRUCT_CAP10_PT10_GB40_CAP365D,RUNNER_STOP,1878,0.4804297774366846,HALF_TP_RUNNER,STRUCT_CAP10,365,,0.4,0.1
HALF_TP_RUNNER_STRUCT_CAP10_PT10_GB40_CAP7D,INITIAL_STOP,2031,0.5195702225633154,HALF_TP_RUNNER,STRUCT_CAP10,7,,0.4,0.1
HALF_TP_RUNNER_STRUCT_CAP10_PT10_GB40_CAP7D,RUNNER_STOP,1878,0.4804297774366846,HALF_TP_RUNNER,STRUCT_CAP10,7,,0.4,0.1
HALF_TP_RUNNER_STRUCT_CAP10_PT10_GB40_CAP90D,INITIAL_STOP,2031,0.5195702225633154,HALF_TP_RUNNER,STRUCT_CAP10,90,,0.4,0.1
HALF_TP_RUNNER_STRUCT_CAP10_PT10_GB40_CAP90D,RUNNER_STOP,1878,0.4804297774366846,HALF_TP_RUNNER,STRUCT_CAP10,90,,0.4,0.1
HALF_TP_RUNNER_STRUCT_CAP10_PT10_GB50_CAP180D,INITIAL_STOP,2031,0.5203689469638739,HALF_TP_RUNNER,STRUCT_CAP10,180,,0.5,0.1
HALF_TP_RUNNER_STRUCT_CAP10_PT10_GB50_CAP180D,RUNNER_STOP,1872,0.4796310530361261,HALF_TP_RUNNER,STRUCT_CAP10,180,,0.5,0.1
HALF_TP_RUNNER_STRUCT_CAP10_PT10_GB50_CAP30D,INITIAL_STOP,2031,0.5203689469638739,HALF_TP_RUNNER,STRUCT_CAP10,30,,0.5,0.1
HALF_TP_RUNNER_STRUCT_CAP10_PT10_GB50_CAP30D,RUNNER_STOP,1872,0.4796310530361261,HALF_TP_RUNNER,STRUCT_CAP10,30,,0.5,0.1
HALF_TP_RUNNER_STRUCT_CAP10_PT10_GB50_CAP365D,INITIAL_STOP,2031,0.5203689469638739,HALF_TP_RUNNER,STRUCT_CAP10,365,,0.5,0.1
HALF_TP_RUNNER_STRUCT_CAP10_PT10_GB50_CAP365D,RUNNER_STOP,1872,0.4796310530361261,HALF_TP_RUNNER,STRUCT_CAP10,365,,0.5,0.1
HALF_TP_RUNNER_STRUCT_CAP10_PT10_GB50_CAP7D,INITIAL_STOP,2031,0.5203689469638739,HALF_TP_RUNNER,STRUCT_CAP10,7,,0.5,0.1
HALF_TP_RUNNER_STRUCT_CAP10_PT10_GB50_CAP7D,RUNNER_STOP,1872,0.4796310530361261,HALF_TP_RUNNER,STRUCT_CAP10,7,,0.5,0.1
HALF_TP_RUNNER_STRUCT_CAP10_PT10_GB50_CAP90D,INITIAL_STOP,2031,0.5203689469638739,HALF_TP_RUNNER,STRUCT_CAP10,90,,0.5,0.1
HALF_TP_RUNNER_STRUCT_CAP10_PT10_GB50_CAP90D,RUNNER_STOP,1872,0.4796310530361261,HALF_TP_RUNNER,STRUCT_CAP10,90,,0.5,0.1
HALF_TP_RUNNER_STRUCT_CAP10_PT10_GB60_CAP180D,INITIAL_STOP,2031,0.5215716486902927,HALF_TP_RUNNER,STRUCT_CAP10,180,,0.6,0.1
HALF_TP_RUNNER_STRUCT_CAP10_PT10_GB60_CAP180D,RUNNER_STOP,1858,0.4771443246019517,HALF_TP_RUNNER,STRUCT_CAP10,180,,0.6,0.1
HALF_TP_RUNNER_STRUCT_CAP10_PT10_GB60_CAP180D,TAKE_PROFIT_1000,5,0.0012840267077555213,HALF_TP_RUNNER,STRUCT_CAP10,180,,0.6,0.1
HALF_TP_RUNNER_STRUCT_CAP10_PT10_GB60_CAP30D,INITIAL_STOP,2031,0.5215716486902927,HALF_TP_RUNNER,STRUCT_CAP10,30,,0.6,0.1
HALF_TP_RUNNER_STRUCT_CAP10_PT10_GB60_CAP30D,RUNNER_STOP,1858,0.4771443246019517,HALF_TP_RUNNER,STRUCT_CAP10,30,,0.6,0.1
HALF_TP_RUNNER_STRUCT_CAP10_PT10_GB60_CAP30D,TAKE_PROFIT_1000,5,0.0012840267077555213,HALF_TP_RUNNER,STRUCT_CAP10,30,,0.6,0.1
HALF_TP_RUNNER_STRUCT_CAP10_PT10_GB60_CAP365D,INITIAL_STOP,2031,0.5215716486902927,HALF_TP_RUNNER,STRUCT_CAP10,365,,0.6,0.1
HALF_TP_RUNNER_STRUCT_CAP10_PT10_GB60_CAP365D,RUNNER_STOP,1858,0.4771443246019517,HALF_TP_RUNNER,STRUCT_CAP10,365,,0.6,0.1
HALF_TP_RUNNER_STRUCT_CAP10_PT10_GB60_CAP365D,TAKE_PROFIT_1000,5,0.0012840267077555213,HALF_TP_RUNNER,STRUCT_CAP10,365,,0.6,0.1
HALF_TP_RUNNER_STRUCT_CAP10_PT10_GB60_CAP7D,INITIAL_STOP,2031,0.5215716486902927,HALF_TP_RUNNER,STRUCT_CAP10,7,,0.6,0.1
HALF_TP_RUNNER_STRUCT_CAP10_PT10_GB60_CAP7D,RUNNER_STOP,1858,0.4771443246019517,HALF_TP_RUNNER,STRUCT_CAP10,7,,0.6,0.1
HALF_TP_RUNNER_STRUCT_CAP10_PT10_GB60_CAP7D,TAKE_PROFIT_1000,5,0.0012840267077555213,HALF_TP_RUNNER,STRUCT_CAP10,7,,0.6,0.1
HALF_TP_RUNNER_STRUCT_CAP10_PT10_GB60_CAP90D,INITIAL_STOP,2031,0.5215716486902927,HALF_TP_RUNNER,STRUCT_CAP10,90,,0.6,0.1
HALF_TP_RUNNER_STRUCT_CAP10_PT10_GB60_CAP90D,RUNNER_STOP,1858,0.4771443246019517,HALF_TP_RUNNER,STRUCT_CAP10,90,,0.6,0.1
HALF_TP_RUNNER_STRUCT_CAP10_PT10_GB60_CAP90D,TAKE_PROFIT_1000,5,0.0012840267077555213,HALF_TP_RUNNER,STRUCT_CAP10,90,,0.6,0.1
HALF_TP_RUNNER_STRUCT_CAP10_PT20_GB30_CAP180D,INITIAL_STOP,2617,0.6701664532650448,HALF_TP_RUNNER,STRUCT_CAP10,180,,0.3,0.2
HALF_TP_RUNNER_STRUCT_CAP10_PT20_GB30_CAP180D,RUNNER_STOP,1288,0.3298335467349552,HALF_TP_RUNNER,STRUCT_CAP10,180,,0.3,0.2
HALF_TP_RUNNER_STRUCT_CAP10_PT20_GB30_CAP30D,INITIAL_STOP,2617,0.6701664532650448,HALF_TP_RUNNER,STRUCT_CAP10,30,,0.3,0.2
HALF_TP_RUNNER_STRUCT_CAP10_PT20_GB30_CAP30D,RUNNER_STOP,1288,0.3298335467349552,HALF_TP_RUNNER,STRUCT_CAP10,30,,0.3,0.2
HALF_TP_RUNNER_STRUCT_CAP10_PT20_GB30_CAP365D,INITIAL_STOP,2617,0.6701664532650448,HALF_TP_RUNNER,STRUCT_CAP10,365,,0.3,0.2
HALF_TP_RUNNER_STRUCT_CAP10_PT20_GB30_CAP365D,RUNNER_STOP,1288,0.3298335467349552,HALF_TP_RUNNER,STRUCT_CAP10,365,,0.3,0.2
HALF_TP_RUNNER_STRUCT_CAP10_PT20_GB30_CAP7D,INITIAL_STOP,2617,0.6701664532650448,HALF_TP_RUNNER,STRUCT_CAP10,7,,0.3,0.2
HALF_TP_RUNNER_STRUCT_CAP10_PT20_GB30_CAP7D,RUNNER_STOP,1288,0.3298335467349552,HALF_TP_RUNNER,STRUCT_CAP10,7,,0.3,0.2
HALF_TP_RUNNER_STRUCT_CAP10_PT20_GB30_CAP90D,INITIAL_STOP,2617,0.6701664532650448,HALF_TP_RUNNER,STRUCT_CAP10,90,,0.3,0.2
HALF_TP_RUNNER_STRUCT_CAP10_PT20_GB30_CAP90D,RUNNER_STOP,1288,0.3298335467349552,HALF_TP_RUNNER,STRUCT_CAP10,90,,0.3,0.2
HALF_TP_RUNNER_STRUCT_CAP10_PT20_GB40_CAP180D,INITIAL_STOP,2617,0.6708536272750577,HALF_TP_RUNNER,STRUCT_CAP10,180,,0.4,0.2
HALF_TP_RUNNER_STRUCT_CAP10_PT20_GB40_CAP180D,RUNNER_STOP,1284,0.32914637272494235,HALF_TP_RUNNER,STRUCT_CAP10,180,,0.4,0.2
HALF_TP_RUNNER_STRUCT_CAP10_PT20_GB40_CAP30D,INITIAL_STOP,2617,0.6708536272750577,HALF_TP_RUNNER,STRUCT_CAP10,30,,0.4,0.2
HALF_TP_RUNNER_STRUCT_CAP10_PT20_GB40_CAP30D,RUNNER_STOP,1284,0.32914637272494235,HALF_TP_RUNNER,STRUCT_CAP10,30,,0.4,0.2
HALF_TP_RUNNER_STRUCT_CAP10_PT20_GB40_CAP365D,INITIAL_STOP,2617,0.6708536272750577,HALF_TP_RUNNER,STRUCT_CAP10,365,,0.4,0.2
HALF_TP_RUNNER_STRUCT_CAP10_PT20_GB40_CAP365D,RUNNER_STOP,1284,0.32914637272494235,HALF_TP_RUNNER,STRUCT_CAP10,365,,0.4,0.2
HALF_TP_RUNNER_STRUCT_CAP10_PT20_GB40_CAP7D,INITIAL_STOP,2617,0.6708536272750577,HALF_TP_RUNNER,STRUCT_CAP10,7,,0.4,0.2
HALF_TP_RUNNER_STRUCT_CAP10_PT20_GB40_CAP7D,RUNNER_STOP,1284,0.32914637272494235,HALF_TP_RUNNER,STRUCT_CAP10,7,,0.4,0.2
HALF_TP_RUNNER_STRUCT_CAP10_PT20_GB40_CAP90D,INITIAL_STOP,2617,0.6708536272750577,HALF_TP_RUNNER,STRUCT_CAP10,90,,0.4,0.2
HALF_TP_RUNNER_STRUCT_CAP10_PT20_GB40_CAP90D,RUNNER_STOP,1284,0.32914637272494235,HALF_TP_RUNNER,STRUCT_CAP10,90,,0.4,0.2
HALF_TP_RUNNER_STRUCT_CAP10_PT20_GB50_CAP180D,INITIAL_STOP,2617,0.6722322116619573,HALF_TP_RUNNER,STRUCT_CAP10,180,,0.5,0.2
HALF_TP_RUNNER_STRUCT_CAP10_PT20_GB50_CAP180D,RUNNER_STOP,1276,0.32776778833804265,HALF_TP_RUNNER,STRUCT_CAP10,180,,0.5,0.2
HALF_TP_RUNNER_STRUCT_CAP10_PT20_GB50_CAP30D,INITIAL_STOP,2617,0.6722322116619573,HALF_TP_RUNNER,STRUCT_CAP10,30,,0.5,0.2
HALF_TP_RUNNER_STRUCT_CAP10_PT20_GB50_CAP30D,RUNNER_STOP,1276,0.32776778833804265,HALF_TP_RUNNER,STRUCT_CAP10,30,,0.5,0.2
HALF_TP_RUNNER_STRUCT_CAP10_PT20_GB50_CAP365D,INITIAL_STOP,2617,0.6722322116619573,HALF_TP_RUNNER,STRUCT_CAP10,365,,0.5,0.2
HALF_TP_RUNNER_STRUCT_CAP10_PT20_GB50_CAP365D,RUNNER_STOP,1276,0.32776778833804265,HALF_TP_RUNNER,STRUCT_CAP10,365,,0.5,0.2
HALF_TP_RUNNER_STRUCT_CAP10_PT20_GB50_CAP7D,INITIAL_STOP,2617,0.6722322116619573,HALF_TP_RUNNER,STRUCT_CAP10,7,,0.5,0.2
HALF_TP_RUNNER_STRUCT_CAP10_PT20_GB50_CAP7D,RUNNER_STOP,1276,0.32776778833804265,HALF_TP_RUNNER,STRUCT_CAP10,7,,0.5,0.2
HALF_TP_RUNNER_STRUCT_CAP10_PT20_GB50_CAP90D,INITIAL_STOP,2617,0.6722322116619573,HALF_TP_RUNNER,STRUCT_CAP10,90,,0.5,0.2
HALF_TP_RUNNER_STRUCT_CAP10_PT20_GB50_CAP90D,RUNNER_STOP,1276,0.32776778833804265,HALF_TP_RUNNER,STRUCT_CAP10,90,,0.5,0.2
HALF_TP_RUNNER_STRUCT_CAP10_PT20_GB60_CAP180D,INITIAL_STOP,2617,0.6737899073120495,HALF_TP_RUNNER,STRUCT_CAP10,180,,0.6,0.2
HALF_TP_RUNNER_STRUCT_CAP10_PT20_GB60_CAP180D,RUNNER_STOP,1261,0.3246652935118435,HALF_TP_RUNNER,STRUCT_CAP10,180,,0.6,0.2
HALF_TP_RUNNER_STRUCT_CAP10_PT20_GB60_CAP180D,TAKE_PROFIT_1000,6,0.001544799176107106,HALF_TP_RUNNER,STRUCT_CAP10,180,,0.6,0.2
HALF_TP_RUNNER_STRUCT_CAP10_PT20_GB60_CAP30D,INITIAL_STOP,2617,0.6737899073120495,HALF_TP_RUNNER,STRUCT_CAP10,30,,0.6,0.2
HALF_TP_RUNNER_STRUCT_CAP10_PT20_GB60_CAP30D,RUNNER_STOP,1261,0.3246652935118435,HALF_TP_RUNNER,STRUCT_CAP10,30,,0.6,0.2
HALF_TP_RUNNER_STRUCT_CAP10_PT20_GB60_CAP30D,TAKE_PROFIT_1000,6,0.001544799176107106,HALF_TP_RUNNER,STRUCT_CAP10,30,,0.6,0.2
HALF_TP_RUNNER_STRUCT_CAP10_PT20_GB60_CAP365D,INITIAL_STOP,2617,0.6737899073120495,HALF_TP_RUNNER,STRUCT_CAP10,365,,0.6,0.2
HALF_TP_RUNNER_STRUCT_CAP10_PT20_GB60_CAP365D,RUNNER_STOP,1261,0.3246652935118435,HALF_TP_RUNNER,STRUCT_CAP10,365,,0.6,0.2
HALF_TP_RUNNER_STRUCT_CAP10_PT20_GB60_CAP365D,TAKE_PROFIT_1000,6,0.001544799176107106,HALF_TP_RUNNER,STRUCT_CAP10,365,,0.6,0.2
HALF_TP_RUNNER_STRUCT_CAP10_PT20_GB60_CAP7D,INITIAL_STOP,2617,0.6737899073120495,HALF_TP_RUNNER,STRUCT_CAP10,7,,0.6,0.2
HALF_TP_RUNNER_STRUCT_CAP10_PT20_GB60_CAP7D,RUNNER_STOP,1261,0.3246652935118435,HALF_TP_RUNNER,STRUCT_CAP10,7,,0.6,0.2
HALF_TP_RUNNER_STRUCT_CAP10_PT20_GB60_CAP7D,TAKE_PROFIT_1000,6,0.001544799176107106,HALF_TP_RUNNER,STRUCT_CAP10,7,,0.6,0.2
HALF_TP_RUNNER_STRUCT_CAP10_PT20_GB60_CAP90D,INITIAL_STOP,2617,0.6737899073120495,HALF_TP_RUNNER,STRUCT_CAP10,90,,0.6,0.2
HALF_TP_RUNNER_STRUCT_CAP10_PT20_GB60_CAP90D,RUNNER_STOP,1261,0.3246652935118435,HALF_TP_RUNNER,STRUCT_CAP10,90,,0.6,0.2
HALF_TP_RUNNER_STRUCT_CAP10_PT20_GB60_CAP90D,TAKE_PROFIT_1000,6,0.001544799176107106,HALF_TP_RUNNER,STRUCT_CAP10,90,,0.6,0.2
TIME_FIXED10_CAP1D,STOP,3575,1.0,TIME_ONLY,FIXED10,1,,,
TIME_FIXED10_CAP2D,STOP,3575,1.0,TIME_ONLY,FIXED10,2,,,
TIME_FIXED10_CAP30D,STOP,3575,1.0,TIME_ONLY,FIXED10,30,,,
TIME_FIXED10_CAP3D,STOP,3575,1.0,TIME_ONLY,FIXED10,3,,,
TIME_FIXED10_CAP4D,STOP,3575,1.0,TIME_ONLY,FIXED10,4,,,
TIME_FIXED10_CAP5D,STOP,3575,1.0,TIME_ONLY,FIXED10,5,,,
TIME_FIXED10_CAP6D,STOP,3575,1.0,TIME_ONLY,FIXED10,6,,,
TIME_FIXED10_CAP7D,STOP,3575,1.0,TIME_ONLY,FIXED10,7,,,
TIME_FIXED3_CAP1D,STOP,3815,1.0,TIME_ONLY,FIXED3,1,,,
TIME_FIXED3_CAP2D,STOP,3815,1.0,TIME_ONLY,FIXED3,2,,,
TIME_FIXED3_CAP30D,STOP,3815,1.0,TIME_ONLY,FIXED3,30,,,
TIME_FIXED3_CAP3D,STOP,3815,1.0,TIME_ONLY,FIXED3,3,,,
TIME_FIXED3_CAP4D,STOP,3815,1.0,TIME_ONLY,FIXED3,4,,,
TIME_FIXED3_CAP5D,STOP,3815,1.0,TIME_ONLY,FIXED3,5,,,
TIME_FIXED3_CAP6D,STOP,3815,1.0,TIME_ONLY,FIXED3,6,,,
TIME_FIXED3_CAP7D,STOP,3815,1.0,TIME_ONLY,FIXED3,7,,,
TIME_FIXED5_CAP1D,STOP,3742,1.0,TIME_ONLY,FIXED5,1,,,
TIME_FIXED5_CAP2D,STOP,3742,1.0,TIME_ONLY,FIXED5,2,,,
TIME_FIXED5_CAP30D,STOP,3742,1.0,TIME_ONLY,FIXED5,30,,,
TIME_FIXED5_CAP3D,STOP,3742,1.0,TIME_ONLY,FIXED5,3,,,
TIME_FIXED5_CAP4D,STOP,3742,1.0,TIME_ONLY,FIXED5,4,,,
TIME_FIXED5_CAP5D,STOP,3742,1.0,TIME_ONLY,FIXED5,5,,,
TIME_FIXED5_CAP6D,STOP,3742,1.0,TIME_ONLY,FIXED5,6,,,
TIME_FIXED5_CAP7D,STOP,3742,1.0,TIME_ONLY,FIXED5,7,,,
TIME_FIXED7_CAP1D,STOP,3678,1.0,TIME_ONLY,FIXED7,1,,,
TIME_FIXED7_CAP2D,STOP,3678,1.0,TIME_ONLY,FIXED7,2,,,
TIME_FIXED7_CAP30D,STOP,3678,1.0,TIME_ONLY,FIXED7,30,,,
TIME_FIXED7_CAP3D,STOP,3678,1.0,TIME_ONLY,FIXED7,3,,,
TIME_FIXED7_CAP4D,STOP,3678,1.0,TIME_ONLY,FIXED7,4,,,
TIME_FIXED7_CAP5D,STOP,3678,1.0,TIME_ONLY,FIXED7,5,,,
TIME_FIXED7_CAP6D,STOP,3678,1.0,TIME_ONLY,FIXED7,6,,,
TIME_FIXED7_CAP7D,STOP,3678,1.0,TIME_ONLY,FIXED7,7,,,
TIME_STRUCT_CAP10_CAP1D,STOP,3708,1.0,TIME_ONLY,STRUCT_CAP10,1,,,
TIME_STRUCT_CAP10_CAP2D,STOP,3708,1.0,TIME_ONLY,STRUCT_CAP10,2,,,
TIME_STRUCT_CAP10_CAP30D,STOP,3708,1.0,TIME_ONLY,STRUCT_CAP10,30,,,
TIME_STRUCT_CAP10_CAP3D,STOP,3708,1.0,TIME_ONLY,STRUCT_CAP10,3,,,
TIME_STRUCT_CAP10_CAP4D,STOP,3708,1.0,TIME_ONLY,STRUCT_CAP10,4,,,
TIME_STRUCT_CAP10_CAP5D,STOP,3708,1.0,TIME_ONLY,STRUCT_CAP10,5,,,
TIME_STRUCT_CAP10_CAP6D,STOP,3708,1.0,TIME_ONLY,STRUCT_CAP10,6,,,
TIME_STRUCT_CAP10_CAP7D,STOP,3708,1.0,TIME_ONLY,STRUCT_CAP10,7,,,
