checkpoint_h,feature,winner_median,other_median,standardised_diff,winner_n,other_n
0,stage_breakout,0.0,0.0,0.10429384837471337,211,973
0,base_range_120h,0.13225464190981429,0.11802620907499883,0.31941561425869053,211,973
0,range_24h,0.06402808542650562,0.05690597324288671,0.26463741524536255,211,973
0,range_72h,0.10920209668025627,0.09512195121951228,0.3136355820588522,211,973
0,atr24_pct,0.012217910018686216,0.010650846516791568,0.3708564653588589,211,973
0,atr120_pct,0.012014032666206579,0.010872522347454344,0.36693860373251985,211,973
0,distance_to_resistance,-0.019423780847797945,-0.019582909460834186,0.025050647449267282,211,973
0,rs_24h,0.02769893449130678,0.02186705005652656,0.23922851844404092,211,973
0,rs_72h,0.018928663697432402,0.013115880829285054,0.12333996054204609,211,973
0,volume_ratio_6h,1.3585963030805053,1.341035586348288,0.046997242091551865,211,973
0,trade_ratio_6h,1.3929488947269113,1.345821160219826,0.0881879840416948,211,973
0,volume_ratio_current,1.786518137256269,1.5844860837450008,0.19860032453304624,211,973
0,trade_ratio_current,1.867626404494382,1.5619204583962294,0.26274449030676406,211,973
0,taker_buy_6h,0.5219995432517452,0.5208173087079891,0.057122057347821595,211,973
0,taker_buy_current,0.544716806749406,0.5360162536084004,0.05721805148744232,211,973
0,ret_24h,0.04592005285761491,0.037720556144398065,0.21015694918631456,211,973
0,ret_72h,0.04850310168120098,0.042471825477300884,0.11673355390023733,211,973
0,prior_30d_return,0.03427498580971933,-0.03644860324113636,0.262391062356836,209,958
0,distance_from_30d_high,-0.07838269196666081,-0.12885489814648976,0.2474458428981036,209,958
0,log_quote_volume_24h,16.93687080528801,17.06816163476575,-0.05169517862747981,211,973
4,stage_breakout,0.0,0.0,0.04625189886615521,192,992
4,base_range_120h,0.13170546168658026,0.11798583757491221,0.3470110151126279,192,992
4,range_24h,0.06450895675971602,0.056939446289414164,0.27161058078409006,192,992
4,range_72h,0.11049984391259104,0.09522634525956164,0.31223693217571785,192,992
4,atr24_pct,0.01230389045599006,0.010668676428987878,0.3594245815951596,192,992
4,atr120_pct,0.012038905723134688,0.01088918280640181,0.37898003871805425,192,992
4,distance_to_resistance,-0.019619469754060703,-0.019528853898303278,-0.004972955301747123,192,992
4,rs_24h,0.027479934708656062,0.02191943495006954,0.2450134665748334,192,992
4,rs_72h,0.018475768696778028,0.013276101772611404,0.1319165163843206,192,992
4,volume_ratio_6h,1.3754409329824626,1.34128478613439,0.03623206760398537,192,992
4,trade_ratio_6h,1.3699896877531113,1.35367596803178,0.05955360866144852,192,992
4,volume_ratio_current,1.6958188838204595,1.6034974873816998,0.12103213220179054,192,992
4,trade_ratio_current,1.7424319661113679,1.5882134651732542,0.1878826786453899,192,992
4,taker_buy_6h,0.5203682227836748,0.5211295820742127,0.03159726846354926,192,992
4,taker_buy_current,0.5425805218357976,0.5365246514080149,0.059236451840863964,192,992
4,ret_24h,0.04421474327604802,0.037885864106802614,0.18002109788639561,192,992
4,ret_72h,0.04852426188825354,0.042615122959324125,0.10376479348956286,192,992
4,prior_30d_return,0.038136961272749126,-0.03417246328806445,0.241291910832265,190,977
4,distance_from_30d_high,-0.08146401985111668,-0.12422586520947188,0.17931788145300212,190,977
4,log_quote_volume_24h,16.90282993812352,17.0780882999128,-0.10378023757766047,192,992
4,cp_return,0.0013985147697502809,-0.0011108928175456723,0.0659551826346555,192,992
4,cp_mfe,0.014622149934535478,0.009917742943900909,0.19312827872105334,192,992
4,cp_mae,-0.012878934390206764,-0.011280452183085599,-0.20227305671512333,192,992
4,cp_close_vs_resistance,-0.01923885091239963,-0.018873472863107033,0.05137019571884484,192,992
4,cp_above_resistance_share,0.0,0.0,0.08309503585780001,192,992
4,cp_green_share,0.6,0.4,0.1590766992696142,192,992
4,cp_drawdown_from_high,-0.013504389908884196,-0.011700560773908908,-0.15709200795040945,192,992
4,cp_volume_ratio_current,1.000908146784286,0.964841310626561,0.002661570406041968,192,992
4,cp_trade_ratio_current,0.9995264169236637,0.9943358117967553,-0.041867499955343654,192,992
4,cp_taker_buy_current,0.5017368727227068,0.4993556551874971,0.07046997682707799,192,992
4,cp_volume_ratio_6h,1.424646777068806,1.3252841373862276,0.12333325727638215,192,992
4,cp_trade_ratio_6h,1.4317671789597815,1.3205040668711825,0.1312940630624192,192,992
4,cp_taker_buy_6h,0.5060338438774814,0.5035005299460347,0.13739352649576975,192,992
4,cp_rs_24h,0.02589580509094891,0.019822541121217674,0.20395284299102925,192,992
4,cp_rs_72h,0.019931329840750855,0.014862236055528277,0.1300876437845595,192,992
8,stage_breakout,0.0,0.0,0.06805431305130981,183,999
8,base_range_120h,0.12882882882882862,0.11897106109324773,0.2865370350863639,183,999
8,range_24h,0.06168026641834623,0.05719557195571956,0.2133694746712859,183,999
8,range_72h,0.10698412698412696,0.09571788413098248,0.26706587149085975,183,999
8,atr24_pct,0.012197044210738714,0.010718599033816426,0.3373537933252528,183,999
8,atr120_pct,0.011876407157246124,0.010935178068152699,0.33443152443841934,183,999
8,distance_to_resistance,-0.019423780847797945,-0.019618055555555625,-0.004291621956558234,183,999
8,rs_24h,0.025579754199855698,0.022174473949068352,0.15545285378176021,183,999
8,rs_72h,0.019430989682033717,0.013262159882176494,0.12555353843399383,183,999
8,volume_ratio_6h,1.349760580096318,1.341533985920492,0.0776591210721241,183,999
8,trade_ratio_6h,1.3708359522313012,1.3530398771911036,0.10774845705506471,183,999
8,volume_ratio_current,1.7014433837768865,1.6064174598465846,0.12508817750572715,183,999
8,trade_ratio_current,1.7596569399309858,1.5911941159839034,0.19264531973727994,183,999
8,taker_buy_6h,0.5208585634025615,0.5211078693618171,0.04516011358539348,183,999
8,taker_buy_current,0.5369506893314862,0.5369391447427484,-0.02040624859804191,183,999
8,ret_24h,0.043086172344689366,0.037950534850446305,0.10461200816499838,183,999
8,ret_72h,0.049641478212906875,0.04241435562805873,0.1269972373308369,183,999
8,prior_30d_return,0.041998936735778925,-0.03457973251058327,0.2968345373617917,181,984
8,distance_from_30d_high,-0.07818432861580937,-0.12384558538442964,0.24124745742467998,181,984
8,log_quote_volume_24h,16.823102628300273,17.088256074987807,-0.08938454039048987,183,999
8,cp_return,0.0023135059841847827,-0.0013281796731140494,0.2059998708964065,183,999
8,cp_mfe,0.020653694316862703,0.014318637567798831,0.2553244217375155,183,999
8,cp_mae,-0.015856569917068186,-0.01485600523194952,0.014905762577634953,183,999
8,cp_close_vs_resistance,-0.017447413510262133,-0.019207346389307434,0.17552258045018612,183,999
8,cp_above_resistance_share,0.0,0.0,0.08855765296113162,183,999
8,cp_green_share,0.5555555555555556,0.4444444444444444,0.18481534021685206,183,999
8,cp_drawdown_from_high,-0.01666666666666672,-0.016411407254127597,-0.03915316902379962,183,999
8,cp_volume_ratio_current,0.9609643105670878,0.9095275698163126,0.10622566044881725,183,999
8,cp_trade_ratio_current,0.9677135406542382,0.9764657972095698,0.0796668653368727,183,999
8,cp_taker_buy_current,0.5155156024872125,0.4927780101418747,0.1732178225849918,183,999
8,cp_volume_ratio_6h,1.1211239606151153,1.1047695785178635,0.09679602309707662,183,999
8,cp_trade_ratio_6h,1.0933674401607896,1.1159383722758969,0.05918138298038907,183,999
8,cp_taker_buy_6h,0.5058391828545061,0.49651339777193143,0.24191789121993604,183,999
8,cp_rs_24h,0.022676502310661206,0.0173594249968394,0.21592266226992846,183,999
8,cp_rs_72h,0.02063641607295552,0.016351950981638552,0.15815954148903666,183,999
12,stage_breakout,0.0,0.0,0.08926537516400443,182,1000
12,base_range_120h,0.13151233719157018,0.11888213645485768,0.29792060003238496,182,1000
12,range_24h,0.062415785376349286,0.05734084816330487,0.23361188968024674,182,1000
12,range_72h,0.10721107175652633,0.09559993486712315,0.2907472683182379,182,1000
12,atr24_pct,0.01230389045599006,0.010726970863484678,0.35395479984678474,182,1000
12,atr120_pct,0.01201445987989213,0.010933560888506253,0.33915119451268344,182,1000
12,distance_to_resistance,-0.019060991874652433,-0.019669289919500232,0.010767159657165265,182,1000
12,rs_24h,0.02563165979946125,0.022218589411104106,0.14843752791753795,182,1000
12,rs_72h,0.019910044304502716,0.013189020355730774,0.14023152024670943,182,1000
12,volume_ratio_6h,1.3533214202676582,1.34128478613439,0.07028907070198209,182,1000
12,trade_ratio_6h,1.3663355777944723,1.3548550352382027,0.06032522490149776,182,1000
12,volume_ratio_current,1.7036813061427871,1.6039019341909801,0.1205895494631273,182,1000
12,trade_ratio_current,1.7424319661113679,1.59550799344799,0.16923352781642848,182,1000
12,taker_buy_6h,0.5204540874035919,0.5211295820742127,0.017108081145566535,182,1000
12,taker_buy_current,0.5409364077298049,0.5365246514080149,0.00977644075763836,182,1000
12,ret_24h,0.04334636486086929,0.038059025891725606,0.12730908328641147,182,1000
12,ret_72h,0.04965295387155422,0.042397439310873364,0.15538145107778006,182,1000
12,prior_30d_return,0.04274109296632922,-0.03417246328806445,0.297849077110397,180,985
12,distance_from_30d_high,-0.0798335542789807,-0.12422586520947188,0.21663649767524445,180,985
12,log_quote_volume_24h,16.803402641291058,17.092625112683407,-0.11357429147857105,182,1000
12,cp_return,0.001538730088854745,-0.001279195272292144,0.15666756696448778,182,1000
12,cp_mfe,0.022418206062498225,0.01772624602981665,0.16253911737434745,182,1000
12,cp_mae,-0.018618298634297148,-0.017963013860033517,-0.003603795003148056,182,1000
12,cp_close_vs_resistance,-0.016539904028383234,-0.018368437966301,0.14456622877626074,182,1000
12,cp_above_resistance_share,0.0,0.0,0.047567186696961125,182,1000
12,cp_green_share,0.5384615384615384,0.46153846153846156,0.11830200203132102,182,1000
12,cp_drawdown_from_high,-0.020141044330414137,-0.019008035056371664,0.023752600106340553,182,1000
12,cp_volume_ratio_current,0.8610010852072464,0.8980530642957971,-0.026546474053536395,182,1000
12,cp_trade_ratio_current,0.8529535193091113,0.9331261518043901,-0.07265196974641382,182,1000
12,cp_taker_buy_current,0.4927901437106922,0.4946929271021635,-0.04336778155828269,182,1000
12,cp_volume_ratio_6h,1.0205725116054858,1.04133918534141,0.018462554314499433,182,1000
12,cp_trade_ratio_6h,1.0169352944511796,1.060310506942447,-0.01787266248045105,182,1000
12,cp_taker_buy_6h,0.4962122537194417,0.4965059534677875,-0.013537968979909975,182,1000
12,cp_rs_24h,0.01816326849398031,0.015043728824375102,0.12828356005564398,182,1000
12,cp_rs_72h,0.022918959879122736,0.017826908178815937,0.1730821306699793,182,1000
24,stage_breakout,0.0,0.0,0.10971293214842438,188,994
24,base_range_120h,0.12569664173059814,0.11975932131892864,0.15492076857786533,188,994
24,range_24h,0.05998655281323406,0.05775941521382533,0.11618308097234217,188,994
24,range_72h,0.09986671209364517,0.09600255090054699,0.1859027764893386,188,994
24,atr24_pct,0.012007532854572326,0.010789491981616675,0.2325259481772923,188,994
24,atr120_pct,0.011597088675213677,0.011004284474326666,0.20782608053075466,188,994
24,distance_to_resistance,-0.01803675428821422,-0.019844794424695056,0.15119283410740522,188,994
24,rs_24h,0.024212933604151665,0.022527511306668024,0.09924756215769419,188,994
24,rs_72h,0.01588429986100337,0.013581364228095971,0.08329487911025085,188,994
24,volume_ratio_6h,1.3507620993541845,1.3431711219286222,0.036829165494969424,188,994
24,trade_ratio_6h,1.3688648742640952,1.353694467689011,-0.01511776475367151,188,994
24,volume_ratio_current,1.6928477418972694,1.6034974873816998,0.10921097451889743,188,994
24,trade_ratio_current,1.663910337248205,1.6004409298860485,0.12904032385943262,188,994
24,taker_buy_6h,0.5208267151979256,0.5210870120993085,-0.02638301914438115,188,994
24,taker_buy_current,0.5445746334382962,0.5365198425741993,0.03649591426370883,188,994
24,ret_24h,0.038628401825929526,0.0385315382849033,0.11128645270755358,188,994
24,ret_72h,0.04965295387155422,0.0412685185748376,0.21054528332278885,188,994
24,prior_30d_return,0.007600708341778728,-0.031195566112430684,0.16988496282019538,186,979
24,distance_from_30d_high,-0.0798335542789807,-0.12172567512802568,0.15497182283827407,186,979
24,log_quote_volume_24h,16.968826354863513,17.04671685820869,-0.09935415601984014,188,994
24,cp_return,0.0038210526975299697,-0.003779876454675535,0.14404083110984853,188,994
24,cp_mfe,0.03692881895965483,0.026388154134926678,0.19746673633408224,188,994
24,cp_mae,-0.026754682052486933,-0.026811710938457856,0.04779334784640434,188,994
24,cp_close_vs_resistance,-0.012136741093162762,-0.021484918038605583,0.18033818595485693,188,994
24,cp_above_resistance_share,0.2,0.04,0.26759129396559067,188,994
24,cp_green_share,0.52,0.48,0.12004596704184049,188,994
24,cp_drawdown_from_high,-0.03283809654086833,-0.028800623752589183,-0.07522506785962133,188,994
24,cp_volume_ratio_current,0.98222050409668,0.9115058702146666,-0.018648655495390187,188,994
24,cp_trade_ratio_current,1.0451078828627278,0.9183849348234976,0.024792833084238818,188,994
24,cp_taker_buy_current,0.4929535180758323,0.4969886238709784,0.026932614951401375,188,994
24,cp_volume_ratio_6h,1.1512034729349212,1.0723932261331637,0.10409472113830105,188,994
24,cp_trade_ratio_6h,1.146741553461412,1.0745007238209312,0.13035726811586112,188,994
24,cp_taker_buy_6h,0.4947780318179765,0.49533493030737863,0.07732901474568982,188,992
24,cp_rs_24h,0.002375349233347923,-0.0044343899892112515,0.1491302694513097,188,994
24,cp_rs_72h,0.03152576029448906,0.016559390025108478,0.15850357818713162,188,994
