checkpoint_h,split,variant,trades,mean_pnl_usdt,mean_return_pct,median_pnl_usdt,profit_factor,win_rate,median_duration_hours,positive_10pct_mean
0,HOLDOUT_2025_2026,FIXED10_5,34,-3.833454485294103,-0.01277818161764701,-15.727357499999984,0.6685076879571167,0.2647058823529412,27.5,False
0,HOLDOUT_2025_2026,FIXED20_7,34,-2.688115676470561,-0.008960385588235203,-21.718360499999942,0.8381448640053811,0.23529411764705882,77.5,False
0,HOLDOUT_2025_2026,FULL_TRAIL_7,34,-5.631278382701629,-0.018770927942338762,-0.7498499999999773,0.30532863158299434,0.058823529411764705,46.0,False
0,HOLDOUT_2025_2026,HALF20_RUNNER_7,34,-7.903109298028111,-0.026343697660093705,-21.718360499999942,0.5241429372220371,0.23529411764705882,88.0,False
0,HOLDOUT_2025_2026,LADDER10_20_RUNNER_7,34,-7.375455992821388,-0.024584853309404627,-21.718360499999942,0.45017882613340077,0.38235294117647056,69.5,False
0,VALIDATION_2023_2024,FIXED10_5,76,4.965251546052655,0.016550838486842183,-15.727357499999984,1.5852147072153853,0.4605263157894737,27.5,False
0,VALIDATION_2023_2024,FIXED20_7,76,8.078996526315812,0.02692998842105271,-21.718360499999942,1.5889829713435348,0.3684210526315789,63.5,False
0,VALIDATION_2023_2024,FULL_TRAIL_7,76,13.644918832327972,0.045483062774426576,-0.7498499999999773,2.701023535525766,0.23684210526315788,54.0,False
0,VALIDATION_2023_2024,HALF20_RUNNER_7,76,9.401636410231136,0.03133878803410379,-21.718360499999942,1.6854073683968602,0.3684210526315789,96.5,False
0,VALIDATION_2023_2024,LADDER10_20_RUNNER_7,76,10.170219031941665,0.03390073010647222,6.738903749999976,1.9618672474461185,0.5131578947368421,87.0,False
4,HOLDOUT_2025_2026,FIXED10_5,82,-0.9325025304877874,-0.0031083417682926245,-15.727357499999984,0.9116013926687954,0.32926829268292684,29.5,False
4,HOLDOUT_2025_2026,FIXED20_7,82,-0.019239878048755592,-6.41329268291853e-05,-21.718360499999942,0.9987892962730791,0.2682926829268293,92.5,False
4,HOLDOUT_2025_2026,FULL_TRAIL_7,82,-0.8620965996777468,-0.002873655332259156,-0.7498499999999773,0.8861439965426993,0.10975609756097561,53.5,False
4,HOLDOUT_2025_2026,HALF20_RUNNER_7,82,-3.4085538348846325,-0.011361846116282109,-21.718360499999942,0.7855106554808466,0.2682926829268293,108.5,False
4,HOLDOUT_2025_2026,LADDER10_20_RUNNER_7,82,-1.6855112267119416,-0.005618370755706472,-21.718360499999942,0.8585815898433243,0.45121951219512196,95.5,False
4,VALIDATION_2023_2024,FIXED10_5,151,0.04366033112584433,0.00014553443708614777,-15.727357499999984,1.004277422384557,0.3509933774834437,26.0,False
4,VALIDATION_2023_2024,FIXED20_7,151,1.8488963344371039,0.006162987781457013,-21.718360499999942,1.1201375285305553,0.2913907284768212,71.0,False
4,VALIDATION_2023_2024,FULL_TRAIL_7,151,24.527171241759046,0.08175723747253015,-0.7498500000000341,3.501331845395675,0.1456953642384106,54.0,False
4,VALIDATION_2023_2024,HALF20_RUNNER_7,151,12.388906699913075,0.04129635566637692,-21.718360499999942,1.805005994333549,0.2913907284768212,87.0,False
4,VALIDATION_2023_2024,LADDER10_20_RUNNER_7,151,11.526797469993186,0.03842265823331062,-21.718360499999942,1.9211690111834194,0.423841059602649,71.0,False
8,HOLDOUT_2025_2026,FIXED10_5,116,-1.3954322198275724,-0.004651440732758575,-15.727357499999984,0.8697181594378799,0.31896551724137934,29.5,False
8,HOLDOUT_2025_2026,FIXED20_7,116,-6.379326956896529,-0.021264423189655098,-21.718360499999942,0.6375250827274973,0.1896551724137931,72.0,False
8,HOLDOUT_2025_2026,FULL_TRAIL_7,116,-5.2315389134071495,-0.0174384630446905,-0.7498499999999773,0.4619617560624767,0.08620689655172414,47.0,False
8,HOLDOUT_2025_2026,HALF20_RUNNER_7,116,-9.104018503264228,-0.030346728344214095,-21.718360499999942,0.4827074429457619,0.1896551724137931,92.5,False
8,HOLDOUT_2025_2026,LADDER10_20_RUNNER_7,116,-5.86322055234005,-0.019544068507800168,-21.718360499999942,0.5589286652402966,0.3879310344827586,83.0,False
8,VALIDATION_2023_2024,FIXED10_5,189,-0.03663535714283878,-0.00012211785714279593,-15.727357499999984,0.9964206731068135,0.3492063492063492,33.0,False
8,VALIDATION_2023_2024,FIXED20_7,189,4.385295428571453,0.01461765142857151,-21.718360499999942,1.2981423381958337,0.32275132275132273,66.0,False
8,VALIDATION_2023_2024,FULL_TRAIL_7,189,17.10470934913532,0.057015697830451066,-0.7498499999999773,2.883271346256023,0.13227513227513227,53.0,False
8,VALIDATION_2023_2024,HALF20_RUNNER_7,189,11.588194259872646,0.038627314199575484,-21.718360499999942,1.787844602121013,0.32275132275132273,88.0,False
8,VALIDATION_2023_2024,LADDER10_20_RUNNER_7,189,8.37675067085791,0.02792250223619303,-21.718360499999942,1.6877086554502643,0.43915343915343913,76.0,False
12,HOLDOUT_2025_2026,FIXED10_5,45,-1.7483504999999846,-0.005827834999999949,-15.727357499999984,0.8386297160752357,0.3111111111111111,27.0,False
12,HOLDOUT_2025_2026,FIXED20_7,45,-7.339953299999979,-0.02446651099999993,-21.718360499999942,0.5889666611929701,0.17777777777777778,85.0,False
12,HOLDOUT_2025_2026,FULL_TRAIL_7,45,-6.666904186941289,-0.02222301395647096,-0.7498499999999773,0.3021309631103449,0.06666666666666667,36.0,False
12,HOLDOUT_2025_2026,HALF20_RUNNER_7,45,-10.314655799141674,-0.034382185997138916,-21.718360499999942,0.4223849609824484,0.17777777777777778,89.0,False
12,HOLDOUT_2025_2026,LADDER10_20_RUNNER_7,45,-6.739449147376071,-0.02246483049125357,-21.718360499999942,0.5012856721720323,0.37777777777777777,86.0,False
12,VALIDATION_2023_2024,FIXED10_5,76,0.8267297368421216,0.0027557657894737384,-15.727357499999984,1.0832300499305128,0.3684210526315789,27.5,False
12,VALIDATION_2023_2024,FIXED20_7,76,3.822231236842127,0.012740770789473757,-21.718360499999942,1.257217296008071,0.3157894736842105,71.5,False
12,VALIDATION_2023_2024,FULL_TRAIL_7,76,4.972785710967176,0.016575952369890585,-0.7498500000000057,1.539699078056203,0.11842105263157894,41.5,False
12,VALIDATION_2023_2024,HALF20_RUNNER_7,76,8.884691452632563,0.029615638175441876,-21.718360499999942,1.5978958806271093,0.3157894736842105,93.0,False
12,VALIDATION_2023_2024,LADDER10_20_RUNNER_7,76,3.8906281370678872,0.012968760456892957,-21.718360499999942,1.3403660907290398,0.47368421052631576,74.0,False
24,HOLDOUT_2025_2026,FIXED10_5,44,0.6117415909091147,0.002039138636363716,-15.727357499999984,1.061123314217646,0.36363636363636365,22.5,False
24,HOLDOUT_2025_2026,FIXED20_7,44,-5.1750226704545215,-0.017250075568181738,-21.718360499999942,0.7004496363473538,0.20454545454545456,97.0,False
24,HOLDOUT_2025_2026,FULL_TRAIL_7,44,-3.6046337810624127,-0.01201544593687471,-0.7498499999999773,0.6107184531399877,0.09090909090909091,58.5,False
24,HOLDOUT_2025_2026,HALF20_RUNNER_7,44,-7.116312936706876,-0.023721043122356254,-21.718360499999942,0.5880802338843961,0.20454545454545456,126.5,False
24,HOLDOUT_2025_2026,LADDER10_20_RUNNER_7,44,-3.938364869078241,-0.01312788289692747,-21.718360499999942,0.6931202443639568,0.4090909090909091,94.0,False
24,VALIDATION_2023_2024,FIXED10_5,76,1.417947138157909,0.004726490460526363,-15.727357499999984,1.1457874084371376,0.3815789473684211,27.5,False
24,VALIDATION_2023_2024,FIXED20_7,76,4.886422559210545,0.016288075197368482,-21.718360499999942,1.335279807851709,0.32894736842105265,78.5,False
24,VALIDATION_2023_2024,FULL_TRAIL_7,76,0.6960971093264569,0.002320323697754856,-0.7498499999999773,1.0731991683412376,0.09210526315789473,46.0,False
24,VALIDATION_2023_2024,HALF20_RUNNER_7,76,8.051026419872336,0.026836754732907787,-21.718360499999942,1.5524177572354565,0.32894736842105265,117.5,False
24,VALIDATION_2023_2024,LADDER10_20_RUNNER_7,76,9.397242373526819,0.03132414124508939,-7.489728374999972,1.8653730905265002,0.5,99.5,False
