checkpoint_h,variant,year,trades,mean_pnl_usdt,combined_pnl_usdt,win_rate
0,FIXED10_5,2023,45,0.2486505000000245,11.189272500001103,0.35555555555555557
0,FIXED10_5,2024,31,11.81193048387099,366.1698450000007,0.6129032258064516
0,FIXED10_5,2025,24,-4.494226874999986,-107.86144499999966,0.25
0,FIXED10_5,2026,10,-2.2476007499999833,-22.476007499999834,0.3
0,FIXED20_7,2023,45,1.64655120000003,74.09480400000135,0.28888888888888886
0,FIXED20_7,2024,31,17.416417161290337,539.9089320000004,0.4838709677419355
0,FIXED20_7,2025,24,-1.4987253749999718,-35.969408999999324,0.25
0,FIXED20_7,2026,10,-5.542652399999972,-55.42652399999972,0.2
0,FULL_TRAIL_7,2023,45,9.992094276249661,449.6442424312348,0.15555555555555556
0,FULL_TRAIL_7,2024,31,18.94740609115133,587.3695888256912,0.3548387096774194
0,FULL_TRAIL_7,2025,24,-4.170455125493981,-100.09092301185555,0.08333333333333333
0,FULL_TRAIL_7,2026,10,-9.137254199999981,-91.37254199999981,0.0
0,HALF20_RUNNER_7,2023,45,4.138046780266377,186.21210511198697,0.28888888888888886
0,HALF20_RUNNER_7,2024,31,17.042331034373525,528.3122620655793,0.4838709677419355
0,HALF20_RUNNER_7,2025,24,-6.390381755539836,-153.36916213295606,0.25
0,HALF20_RUNNER_7,2026,10,-11.533655399999972,-115.33655399999972,0.2
0,LADDER10_20_RUNNER_7,2023,45,5.103263930266379,229.64687686198704,0.4222222222222222
0,LADDER10_20_RUNNER_7,2024,31,17.525476437599337,543.2897695655795,0.6451612903225806
0,LADDER10_20_RUNNER_7,2025,24,-5.580466625246978,-133.93119900592748,0.4166666666666667
0,LADDER10_20_RUNNER_7,2026,10,-11.683430474999971,-116.83430474999972,0.3
4,FIXED10_5,2023,87,0.28308155172415267,24.62809500000128,0.3563218390804598
4,FIXED10_5,2024,64,-0.28180289062498154,-18.03538499999882,0.34375
4,FIXED10_5,2025,53,0.38052792452831985,20.167980000000952,0.3584905660377358
4,FIXED10_5,2026,29,-3.3321788793103293,-96.63318749999955,0.27586206896551724
4,FIXED20_7,2023,87,3.381876206896565,294.22323000000114,0.3103448275862069
4,FIXED20_7,2024,64,-0.2349981796874756,-15.039883499998439,0.265625
4,FIXED20_7,2025,53,-0.35421772641507226,-18.77353949999883,0.2641509433962264
4,FIXED20_7,2026,29,0.592961017241408,17.195869500000832,0.27586206896551724
4,FULL_TRAIL_7,2023,87,45.05770612726125,3920.0204330717283,0.14942528735632185
4,FULL_TRAIL_7,2024,64,-3.381524618220498,-216.41757556611188,0.140625
4,FULL_TRAIL_7,2025,53,-1.5287083582286602,-81.02154298611899,0.1320754716981132
4,FULL_TRAIL_7,2026,29,0.3561938556049582,10.329621812543788,0.06896551724137931
4,HALF20_RUNNER_7,2023,87,23.3042658657285,2027.4711303183794,0.3103448275862069
4,HALF20_RUNNER_7,2024,64,-2.449159666117265,-156.74621863150497,0.265625
4,HALF20_RUNNER_7,2025,53,-4.308678386729278,-228.35995449665177,0.2641509433962264
4,HALF20_RUNNER_7,2026,29,-1.7634986194444167,-51.14145996388808,0.27586206896551724
4,LADDER10_20_RUNNER_7,2023,87,23.14267712762832,2013.412910103664,0.47126436781609193
4,LADDER10_20_RUNNER_7,2024,64,-4.263538939604574,-272.86649213469275,0.359375
4,LADDER10_20_RUNNER_7,2025,53,-0.6632095801255025,-35.15010774665163,0.4716981132075472
4,LADDER10_20_RUNNER_7,2026,29,-3.5538556153009493,-103.06181284372752,0.41379310344827586
8,FIXED10_5,2023,110,1.8371740227272908,202.089142500002,0.39090909090909093
8,FIXED10_5,2024,79,-2.6457370253164383,-209.0132249999986,0.2911392405063291
8,FIXED10_5,2025,70,-0.3219212142856979,-22.534484999998856,0.34285714285714286
8,FIXED10_5,2026,46,-3.0290359239130344,-139.33565249999958,0.2826086956521739
8,FIXED20_7,2023,110,8.427277322727294,927.0005055000024,0.37272727272727274
8,FIXED20_7,2024,79,-1.242780626582252,-98.17966949999791,0.25316455696202533
8,FIXED20_7,2025,70,-7.853467842857124,-549.7427489999986,0.17142857142857143
8,FIXED20_7,2026,46,-4.136069086956495,-190.2591779999988,0.21739130434782608
8,FULL_TRAIL_7,2023,110,33.34786930432981,3668.2656234762794,0.15454545454545454
8,FULL_TRAIL_7,2024,79,-5.512348816325358,-435.47555648970325,0.10126582278481013
8,FULL_TRAIL_7,2025,70,-5.708638906824072,-399.60472347768507,0.08571428571428572
8,FULL_TRAIL_7,2026,46,-4.50551718429444,-207.25379047754427,0.08695652173913043
8,HALF20_RUNNER_7,2023,110,21.88502123757533,2407.3523361332864,0.37272727272727274
8,HALF20_RUNNER_7,2024,79,-2.7491597597133737,-217.18362101735653,0.25316455696202533
8,HALF20_RUNNER_7,2025,70,-10.14323749924026,-710.0266249468183,0.17142857142857143
8,HALF20_RUNNER_7,2026,46,-7.522598291996351,-346.03952143183216,0.21739130434782608
8,LADDER10_20_RUNNER_7,2023,110,18.6473394877698,2051.207343654678,0.5
8,LADDER10_20_RUNNER_7,2024,79,-5.924069200791559,-468.00146686253316,0.35443037974683544
8,LADDER10_20_RUNNER_7,2025,70,-5.714215651994485,-399.99509563961396,0.4142857142857143
8,LADDER10_20_RUNNER_7,2026,46,-6.089967139822437,-280.1384884318321,0.34782608695652173
12,FIXED10_5,2023,40,-1.12428768749999,-44.9715074999996,0.325
12,FIXED10_5,2024,36,2.9945268750000227,107.80296750000082,0.4166666666666667
12,FIXED10_5,2025,31,-1.2329954032257948,-38.22285749999964,0.3225806451612903
12,FIXED10_5,2026,14,-2.8894939285714067,-40.45291499999969,0.2857142857142857
12,FIXED20_7,2023,40,2.545201650000019,101.80806600000076,0.3
12,FIXED20_7,2024,36,5.241153000000024,188.68150800000086,0.3333333333333333
12,FIXED20_7,2025,31,-8.673434612903204,-268.87647299999935,0.16129032258064516
12,FIXED20_7,2026,14,-4.3872446785714,-61.4214254999996,0.21428571428571427
12,FULL_TRAIL_7,2023,40,12.02094683575072,480.8378734300288,0.1
12,FULL_TRAIL_7,2024,36,-2.858504427681212,-102.90615939652363,0.1388888888888889
12,FULL_TRAIL_7,2025,31,-4.604297255237366,-142.73321491235836,0.0967741935483871
12,FULL_TRAIL_7,2026,14,-11.234105249999969,-157.27747349999956,0.0
12,HALF20_RUNNER_7,2023,40,12.73085114672456,509.23404586898243,0.3
12,HALF20_RUNNER_7,2024,36,4.611180681419238,166.00250453109257,0.3333333333333333
12,HALF20_RUNNER_7,2025,31,-10.717447614052606,-332.2408760356308,0.16129032258064516
12,HALF20_RUNNER_7,2026,14,-9.422759637553172,-131.9186349257444,0.21428571428571427
12,LADDER10_20_RUNNER_7,2023,40,8.025297377942568,321.01189511770275,0.5
12,LADDER10_20_RUNNER_7,2024,36,-0.7034487972373094,-25.324156700543135,0.4444444444444444
12,LADDER10_20_RUNNER_7,2025,31,-6.6388659340702825,-205.80484395617876,0.3870967741935484
12,LADDER10_20_RUNNER_7,2026,14,-6.962169119696024,-97.47036767574434,0.35714285714285715
24,FIXED10_5,2023,37,-1.1546474999999865,-42.721957499999505,0.32432432432432434
24,FIXED10_5,2024,39,3.858613846153861,150.48594000000057,0.4358974358974359
24,FIXED10_5,2025,23,-0.098654021739105,-2.269042499999415,0.34782608695652173
24,FIXED10_5,2026,21,1.3897939285714496,29.185672500000443,0.38095238095238093
24,FIXED20_7,2023,37,8.88433050000002,328.72022850000076,0.3783783783783784
24,FIXED20_7,2024,39,1.0935355384615555,42.64788600000067,0.28205128205128205
24,FIXED20_7,2025,23,-7.652527369565187,-176.0081294999993,0.17391304347826086
24,FIXED20_7,2026,21,-2.461565142857127,-51.69286799999966,0.23809523809523808
24,FULL_TRAIL_7,2023,37,7.758303423441678,287.0572266673421,0.08108108108108109
24,FULL_TRAIL_7,2024,39,-6.003944778423877,-234.1538463585312,0.10256410256410256
24,FULL_TRAIL_7,2025,23,-3.1914175532332614,-73.40260372436501,0.08695652173913043
24,FULL_TRAIL_7,2026,21,-4.057203935351483,-85.20128264238113,0.09523809523809523
24,HALF20_RUNNER_7,2023,37,19.13084639683658,707.8413166829536,0.3783783783783784
24,HALF20_RUNNER_7,2024,39,-2.4605976608373417,-95.96330877265632,0.28205128205128205
24,HALF20_RUNNER_7,2025,23,-8.921316485576188,-205.19027916825232,0.17391304347826086
24,HALF20_RUNNER_7,2026,21,-5.139404287945247,-107.9274900468502,0.23809523809523808
24,LADDER10_20_RUNNER_7,2023,37,20.02116412601971,740.7830726627292,0.5405405405405406
24,LADDER10_20_RUNNER_7,2024,39,-0.6818628788382303,-26.59265227469098,0.46153846153846156
24,LADDER10_20_RUNNER_7,2025,23,-2.8000742899240123,-64.40170866825228,0.43478260869565216
24,LADDER10_20_RUNNER_7,2026,21,-5.185064074818588,-108.88634557119035,0.38095238095238093
