motif_window,cluster,winner_distance_pct,distance_threshold,signals,wins,precision,baseline,lift
12,6,50,7.673528,2,2,1.0,0.18847566574839303,5.30572472594397
12,6,75,9.163372,3,2,0.6666666666666666,0.18847566574839303,3.53714981729598
24,6,50,14.425409,8,5,0.625,0.18847566574839303,3.3160779537149816
24,6,75,15.194292,11,6,0.5454545454545454,0.18847566574839303,2.894031668696711
24,6,90,15.6556225,15,8,0.5333333333333333,0.18847566574839303,2.8297198538367843
12,6,90,10.057278,4,2,0.5,0.18847566574839303,2.652862362971985
6,5,50,7.815506,74,22,0.2972972972972973,0.18847566574839303,1.577377621226586
6,0,50,6.6575623,37,11,0.2972972972972973,0.18847566574839303,1.577377621226586
72,6,75,13.629317,450,133,0.29555555555555557,0.18847566574839303,1.5681364190012181
6,5,90,10.65114,335,99,0.2955223880597015,0.18847566574839303,1.5679604413983674
6,3,50,8.9289,70,20,0.2857142857142857,0.18847566574839303,1.5159213502697058
6,3,75,9.78919,106,30,0.2830188679245283,0.18847566574839303,1.5016202054558407
12,4,50,10.195173,122,34,0.2786885245901639,0.18847566574839303,1.4786445957548768
6,5,75,9.600415,229,63,0.27510917030567683,0.18847566574839303,1.4596535272247604
72,6,50,12.03323,297,81,0.2727272727272727,0.18847566574839303,1.4470158343483555
24,5,50,11.588911,55,15,0.2727272727272727,0.18847566574839303,1.4470158343483555
12,5,75,11.833489,323,88,0.2724458204334365,0.18847566574839303,1.4455225259537752
240,3,50,10.781429,511,138,0.2700587084148728,0.18847566574839303,1.4328571666932834
12,2,75,9.050234,179,48,0.2681564245810056,0.18847566574839303,1.422764172320171
6,3,90,10.844791,143,38,0.26573426573426573,0.18847566574839303,1.4099128642368592
24,5,75,12.187954,87,23,0.26436781609195403,0.18847566574839303,1.4026628585828889
12,5,90,13.216622,490,129,0.26326530612244897,0.18847566574839303,1.3968132441770862
72,6,90,15.40107,589,154,0.2614601018675722,0.18847566574839303,1.387235327326607
12,4,75,12.950413,372,94,0.25268817204301075,0.18847566574839303,1.3406938823621861
12,4,90,13.883328,413,104,0.25181598062953997,0.18847566574839303,1.3360662748139782
240,1,50,10.932865,147,37,0.25170068027210885,0.18847566574839303,1.3354545228566457
24,5,90,12.711353,104,26,0.25,0.18847566574839303,1.3264311814859926
240,5,50,11.650057,281,70,0.2491103202846975,0.18847566574839303,1.3217107858223414
12,2,50,8.127438,97,23,0.23711340206185566,0.18847566574839303,1.2580584401722816
72,3,50,10.819226,573,135,0.2356020942408377,0.18847566574839303,1.2500398568977942
240,4,50,11.26292,846,199,0.23522458628841608,0.18847566574839303,1.2480369036203902
24,2,75,11.551085,457,107,0.23413566739606126,0.18847566574839303,1.2422593997286757
24,2,50,10.880592,346,81,0.23410404624277456,0.18847566574839303,1.2420916265938198
6,6,50,6.396323,43,10,0.23255813953488372,0.18847566574839303,1.2338894711497606
6,0,90,9.6809435,285,66,0.23157894736842105,0.18847566574839303,1.228694147060709
240,2,90,18.766983,539,124,0.2300556586270872,0.18847566574839303,1.220611996321062
12,2,90,10.728055,306,70,0.22875816993464052,0.18847566574839303,1.2137278784839147
240,6,50,10.080977,647,147,0.22720247295208656,0.18847566574839303,1.2054737785375018
6,0,75,7.9989157,129,29,0.2248062015503876,0.18847566574839303,1.1927598221114353
240,4,75,12.065563,1411,312,0.221119773210489,0.18847566574839303,1.1732006481180146
6,6,75,6.8487883,65,14,0.2153846153846154,0.18847566574839303,1.142771479434086
240,5,75,12.38364,380,81,0.2131578947368421,0.18847566574839303,1.1309571126354252
72,1,50,9.74341,1295,276,0.21312741312741312,0.18847566574839303,1.1307953856065913
24,1,50,8.026418,942,199,0.21125265392781317,0.18847566574839303,1.120848429366083
72,2,50,12.194042,135,28,0.2074074074074074,0.18847566574839303,1.100446609825416
240,1,75,12.057283,255,52,0.20392156862745098,0.18847566574839303,1.0819517088199468
72,1,75,12.051862,2904,580,0.19972451790633608,0.18847566574839303,1.0596833130328867
24,1,75,9.068504,1740,347,0.19942528735632184,0.18847566574839303,1.0580956781049182
240,5,90,13.099661,458,91,0.19868995633187772,0.18847566574839303,1.0541942141067715
240,1,90,13.338625,388,77,0.19845360824742267,0.18847566574839303,1.0529402162311488
72,3,75,12.766093,1146,227,0.1980802792321117,0.18847566574839303,1.050959435243701
240,3,75,12.661813,1164,229,0.19673539518900343,0.18847566574839303,1.043823850722654
240,6,75,11.193493,1130,222,0.19646017699115045,0.18847566574839303,1.0423636187252756
240,2,75,15.227306,386,75,0.19430051813471502,0.18847566574839303,1.0309050633310823
72,1,90,12.827937,3343,647,0.19353873766078372,0.18847566574839303,1.0268632658348038
240,3,90,14.121968,1476,284,0.19241192411924118,0.18847566574839303,1.020884703365913
72,2,75,13.833081,287,55,0.1916376306620209,0.18847566574839303,1.0167765154248027
24,1,90,9.864431,2325,444,0.19096774193548388,0.18847566574839303,1.0132222702447842
6,6,90,7.963514,110,21,0.19090909090909092,0.18847566574839303,1.0129110840438489
240,2,50,13.493631,241,46,0.1908713692946058,0.18847566574839303,1.0127109435411727
240,4,90,15.26786,2486,468,0.18825422365245373,0.18847566574839303,0.99882508919621
6,4,90,7.012272,980,181,0.1846938775510204,0.18847566574839303,0.979934872852917
12,5,50,9.982515,76,14,0.18421052631578946,0.18847566574839303,0.9773703442528366
24,2,90,14.931455,976,178,0.18237704918032788,0.18847566574839303,0.9676424192807652
24,3,75,14.524784,704,127,0.18039772727272727,0.18847566574839303,0.957140682095006
24,0,50,10.127146,196,35,0.17857142857142858,0.18847566574839303,0.9474508439185662
72,3,90,15.439514,1692,301,0.17789598108747046,0.18847566574839303,0.9438671055018529
12,0,50,5.9357953,525,93,0.17714285714285713,0.18847566574839303,0.9398712371672175
24,3,90,15.784471,859,152,0.1769499417927823,0.18847566574839303,0.9388476814243115
72,5,75,15.309275,17,3,0.17647058823529413,0.18847566574839303,0.9363043634018772
240,6,90,11.984289,1451,253,0.17436250861474845,0.18847566574839303,0.9251194732348894
12,1,75,8.431356,1146,199,0.1736474694589878,0.18847566574839303,0.921325672306152
6,4,75,6.1096296,551,95,0.1724137931034483,0.18847566574839303,0.9147801251627536
12,0,75,6.6760907,1156,198,0.17128027681660898,0.18847566574839303,0.9087659997724101
12,1,90,9.6024,1716,293,0.17074592074592074,0.18847566574839303,0.9059308535557012
12,1,50,7.7402515,817,139,0.1701346389228886,0.18847566574839303,0.9026875604727195
72,2,90,15.33039,441,75,0.17006802721088435,0.18847566574839303,0.9023341370653011
72,5,50,14.543679,12,2,0.16666666666666666,0.18847566574839303,0.884287454323995
24,0,75,11.359234,460,75,0.16304347826086957,0.18847566574839303,0.8650638140126039
72,0,50,13.700436,408,66,0.16176470588235295,0.18847566574839303,0.8582789997850541
72,0,75,14.819238,590,95,0.16101694915254236,0.18847566574839303,0.8543116084147071
72,0,90,15.437757,662,105,0.15861027190332327,0.18847566574839303,0.8415424414261585
24,3,50,11.850639,378,59,0.15608465608465608,0.18847566574839303,0.8281422191288208
12,0,90,8.013578,2275,354,0.1556043956043956,0.18847566574839303,0.825594089223809
6,1,90,6.185237,2314,356,0.15384615384615385,0.18847566574839303,0.8162653424529186
6,1,75,5.7766166,1748,266,0.15217391304347827,0.18847566574839303,0.8073928930784303
6,4,50,5.492636,263,39,0.1482889733840304,0.18847566574839303,0.7867804726684975
6,1,50,5.435548,1231,180,0.1462225832656377,0.18847566574839303,0.7758167755238949
24,0,90,13.707678,1021,143,0.14005876591576885,0.18847566574839303,0.7431132574044934
72,5,90,15.768631,26,3,0.11538461538461539,0.18847566574839303,0.612199006839689
