event_id,row_idx,time
1,1464,2024-01-01 00:00:00+00:00
2,1526,2024-01-03 14:00:00+00:00
3,1630,2024-01-07 22:00:00+00:00
4,1692,2024-01-10 12:00:00+00:00
5,1799,2024-01-14 23:00:00+00:00
6,1892,2024-01-18 20:00:00+00:00
7,1912,2024-01-19 16:00:00+00:00
8,2002,2024-01-23 10:00:00+00:00
9,2052,2024-01-25 12:00:00+00:00
10,2096,2024-01-27 08:00:00+00:00
11,2131,2024-01-28 19:00:00+00:00
12,2209,2024-02-01 01:00:00+00:00
13,2352,2024-02-07 00:00:00+00:00
14,2434,2024-02-10 10:00:00+00:00
15,2463,2024-02-11 15:00:00+00:00
16,2510,2024-02-13 14:00:00+00:00
17,2800,2024-02-25 16:00:00+00:00
18,2906,2024-03-01 02:00:00+00:00
19,2952,2024-03-03 00:00:00+00:00
20,3007,2024-03-05 07:00:00+00:00
21,3053,2024-03-07 05:00:00+00:00
22,3144,2024-03-11 00:00:00+00:00
23,3185,2024-03-12 17:00:00+00:00
24,3235,2024-03-14 19:00:00+00:00
25,3249,2024-03-15 09:00:00+00:00
26,3287,2024-03-16 23:00:00+00:00
27,3344,2024-03-19 08:00:00+00:00
28,3364,2024-03-20 04:00:00+00:00
29,3422,2024-03-22 14:00:00+00:00
30,3454,2024-03-23 22:00:00+00:00
31,3543,2024-03-27 15:00:00+00:00
32,3713,2024-04-03 17:00:00+00:00
33,3800,2024-04-07 08:00:00+00:00
34,3866,2024-04-10 02:00:00+00:00
35,3956,2024-04-13 20:00:00+00:00
36,3977,2024-04-14 17:00:00+00:00
37,4022,2024-04-16 14:00:00+00:00
38,4047,2024-04-17 15:00:00+00:00
39,4082,2024-04-19 02:00:00+00:00
40,4114,2024-04-20 10:00:00+00:00
41,4147,2024-04-21 19:00:00+00:00
42,4323,2024-04-29 03:00:00+00:00
43,4375,2024-05-01 07:00:00+00:00
44,4558,2024-05-08 22:00:00+00:00
45,4640,2024-05-12 08:00:00+00:00
46,4692,2024-05-14 12:00:00+00:00
47,4744,2024-05-16 16:00:00+00:00
48,4819,2024-05-19 19:00:00+00:00
49,4926,2024-05-24 06:00:00+00:00
50,4998,2024-05-27 06:00:00+00:00
51,5059,2024-05-29 19:00:00+00:00
52,5153,2024-06-02 17:00:00+00:00
53,5189,2024-06-04 05:00:00+00:00
54,5364,2024-06-11 12:00:00+00:00
55,5683,2024-06-24 19:00:00+00:00
56,5807,2024-06-29 23:00:00+00:00
57,5932,2024-07-05 04:00:00+00:00
58,6000,2024-07-08 00:00:00+00:00
59,6062,2024-07-10 14:00:00+00:00
60,6105,2024-07-12 09:00:00+00:00
61,6119,2024-07-12 23:00:00+00:00
62,6198,2024-07-16 06:00:00+00:00
63,6255,2024-07-18 15:00:00+00:00
64,6410,2024-07-25 02:00:00+00:00
65,6484,2024-07-28 04:00:00+00:00
66,6591,2024-08-01 15:00:00+00:00
67,6684,2024-08-05 12:00:00+00:00
68,6738,2024-08-07 18:00:00+00:00
69,6836,2024-08-11 20:00:00+00:00
70,6931,2024-08-15 19:00:00+00:00
71,7008,2024-08-19 00:00:00+00:00
72,7051,2024-08-20 19:00:00+00:00
73,7097,2024-08-22 17:00:00+00:00
74,7240,2024-08-28 16:00:00+00:00
75,7342,2024-09-01 22:00:00+00:00
76,7397,2024-09-04 05:00:00+00:00
77,7460,2024-09-06 20:00:00+00:00
78,7503,2024-09-08 15:00:00+00:00
79,7565,2024-09-11 05:00:00+00:00
80,7599,2024-09-12 15:00:00+00:00
81,7694,2024-09-16 14:00:00+00:00
82,7834,2024-09-22 10:00:00+00:00
83,7912,2024-09-25 16:00:00+00:00
84,8104,2024-10-03 16:00:00+00:00
85,8163,2024-10-06 03:00:00+00:00
86,8181,2024-10-06 21:00:00+00:00
87,8273,2024-10-10 17:00:00+00:00
88,8338,2024-10-13 10:00:00+00:00
89,8585,2024-10-23 17:00:00+00:00
90,8688,2024-10-28 00:00:00+00:00
91,8790,2024-11-01 06:00:00+00:00
92,8872,2024-11-04 16:00:00+00:00
93,8980,2024-11-09 04:00:00+00:00
94,9060,2024-11-12 12:00:00+00:00
95,9116,2024-11-14 20:00:00+00:00
96,9189,2024-11-17 21:00:00+00:00
97,9205,2024-11-18 13:00:00+00:00
98,9242,2024-11-20 02:00:00+00:00
99,9402,2024-11-26 18:00:00+00:00
100,9447,2024-11-28 15:00:00+00:00
101,9565,2024-12-03 13:00:00+00:00
102,9622,2024-12-05 22:00:00+00:00
103,9735,2024-12-10 15:00:00+00:00
104,9793,2024-12-13 01:00:00+00:00
105,9839,2024-12-14 23:00:00+00:00
106,9875,2024-12-16 11:00:00+00:00
107,9971,2024-12-20 11:00:00+00:00
108,10047,2024-12-23 15:00:00+00:00
