year,window_h,best_precision,best_lift,signals,wins
2024,6,0.2972972972972973,1.577377621226586,74,22
2024,12,1.0,5.30572472594397,2,2
2024,24,0.625,3.3160779537149816,8,5
2024,72,0.2955555555555555,1.568136419001218,450,133
2024,240,0.2700587084148728,1.4328571666932834,511,138
2025,6,0.25,2.276729559748428,24,6
2025,12,0.2333333333333333,2.1249475890985328,90,21
2025,24,0.2121212121212121,1.9317705355441208,33,7
2025,72,0.3316326530612244,3.0201514568091388,196,65
2025,240,0.3516483516483517,3.202432787338448,91,32
