offset_h,feature,effect_2024,winner_median_2024,control_median_2024,abs_effect_2024,effect_2025,winner_median_2025,control_median_2025,abs_effect_2025,same_direction,min_abs_effect,mean_abs_effect
0,rsi6,-1.5473607210303657,25.920406479495437,52.51987665196843,1.5473607210303657,-1.084108950523654,26.322208431510063,49.882487676630056,1.084108950523654,True,1.084108950523654,1.3157348357770098
0,close_vs_ema6,-1.263281594096599,-0.0081774415261721,0.0004976114437769,1.263281594096599,-1.07337151949698,-0.0065968293714091,-7.659021252170994e-05,1.07337151949698,True,1.07337151949698,1.1683265567967895
0,close_vs_ema12,-1.239363018379832,-0.0109011124681531,0.0006288744801169,1.239363018379832,-1.038989368374584,-0.0092322730460969,-2.6442218302946685e-05,1.038989368374584,True,1.038989368374584,1.139176193377208
0,bb_z,-1.4890778926214463,-1.8127806341177797,0.2244870615884174,1.4890778926214463,-1.0195104276299023,-1.6962801494372155,0.0483121263747068,1.0195104276299023,True,1.0195104276299023,1.2542941601256743
0,close_vs_vwap24,-1.1778283659586366,-0.0136922887254147,0.0013087630274405,1.1778283659586366,-0.9815436171784768,-0.0101566686854935,0.0007225478210521,0.9815436171784768,True,0.9815436171784768,1.0796859915685566
0,cci20,-1.3775400863154064,-143.19660553099123,21.092315812983635,1.3775400863154064,-0.9272533616916236,-127.64479691256608,5.592422718421679,0.9272533616916236,True,0.9272533616916236,1.152396724003515
0,close_vs_ema24,-1.0977240839080025,-0.0131131755783732,0.0009651813478297,1.0977240839080025,-0.9266048255456936,-0.0096236135573708,1.399876738350514e-05,0.9266048255456936,True,0.9266048255456936,1.012164454726848
0,ema6_slope_3h,-1.1519101074329772,-0.0059670162028572,0.0004861671185322,1.1519101074329772,-0.9186745265401544,-0.0040178313452905,0.0001991199820778,0.9186745265401544,True,0.9186745265401544,1.0352923169865658
0,stoch_k,-1.451165124165672,13.38102372624476,57.35428633043299,1.451165124165672,-0.914796784725838,14.364414717575386,50.97712252160657,0.914796784725838,True,0.914796784725838,1.182980954445755
0,body_pct,-0.9971374961971586,-0.0063220430955074,0.0003020054338834,0.9971374961971586,-0.8712747454565904,-0.0050356284321778,-9.050446793557045e-05,0.8712747454565904,True,0.8712747454565904,0.9342061208268746
0,log_ret,-0.994595228690438,-0.0063420420640123,0.0003020319347809,0.994595228690438,-0.8661463029510624,-0.0050482521948298,-9.050856371205447e-05,0.8661463029510624,True,0.8661463029510624,0.9303707658207503
0,rsi14,-1.2089547004993932,36.96119512997492,51.73901629205867,1.2089547004993932,-0.863567957635064,38.33740421652724,49.82329013682087,0.863567957635064,True,0.863567957635064,1.0362613290672287
0,macd_fast_hist_pct,-1.132193354416582,-0.0021813888363308,5.726385064268058e-05,1.132193354416582,-0.8627034971944864,-0.0013164042794743,-8.70956876397469e-06,0.8627034971944864,True,0.8627034971944864,0.9974484258055343
0,macd_hist_pct,-0.9944868978035166,-0.0015878940583254,-4.3276644048362686e-05,0.9944868978035166,-0.7866368458972516,-0.0009354092982901,2.2279148638486652e-05,0.7866368458972516,True,0.7866368458972516,0.890561871850384
0,close_vs_ema48,-0.8836821385550732,-0.0136041809744928,0.0025920055918611,0.8836821385550732,-0.7816944371897248,-0.0101704809748542,-0.0005013724882676,0.7816944371897248,True,0.7816944371897248,0.8326882878723989
0,close_location,-0.982003035348168,0.1865335315434904,0.54124307134564,0.982003035348168,-0.7639687603224791,0.2208930146012309,0.4817645406012916,0.7639687603224791,True,0.7639687603224791,0.8729858978353235
0,stoch_d,-1.198478283310676,27.063799191696027,57.52213806049144,1.198478283310676,-0.7583515860266847,26.58338991772017,52.16759403880055,0.7583515860266847,True,0.7583515860266847,0.9784149346686803
0,close_vs_ema72,-0.7539660781464937,-0.0106677976988052,0.0032381567594305,0.7539660781464937,-0.7116369970781201,-0.0113111457528586,-0.000864147423681,0.7116369970781201,True,0.7116369970781201,0.7328015376123069
0,rsi24,-0.9603025754694168,42.54609559355176,51.6840529691206,0.9603025754694168,-0.7100367212456724,42.88209764762461,49.58424338492445,0.7100367212456724,True,0.7100367212456724,0.8351696483575446
-1,rsi6,-1.0672565483242191,33.67695228781558,53.63106688847773,1.0672565483242191,-0.7011468146834637,38.73548812816869,51.77480845960748,0.7011468146834637,True,0.7011468146834637,0.8842016815038414
0,mfi14,-0.8172055203077853,34.158794772205056,51.34603805617131,0.8172055203077853,-0.6918996798614168,35.82318376303232,51.56282347135119,0.6918996798614168,True,0.6918996798614168,0.754552600084601
-1,bb_z,-1.0116693709710594,-1.2735067803546356,0.2960234247331194,1.0116693709710594,-0.6640548660799453,-0.9741600587939204,0.1917617508385835,0.6640548660799453,True,0.6640548660799453,0.8378621185255024
-1,close_vs_ema12,-0.9155250035756856,-0.0056381592266348,0.0011811504099846,0.9155250035756856,-0.6600658686398639,-0.0023520121012653,0.0004915550123547,0.6600658686398639,True,0.6600658686398639,0.7877954361077748
-1,close_vs_vwap24,-0.8474084196788023,-0.0083686574182916,0.0016828202460296,0.8474084196788023,-0.6523315213113792,-0.0039487445016073,0.0014371114894076,0.6523315213113792,True,0.6523315213113792,0.7498699704950907
0,close_vs_vwap72,-0.7782173195995861,-0.0118798884537177,0.0047366175405151,0.7782173195995861,-0.6477995937500965,-0.0095138044480687,7.657740864974727e-06,0.6477995937500965,True,0.6477995937500965,0.7130084566748414
-1,cci20,-0.9952096065586992,-105.59270028811004,22.067990377299047,0.9952096065586992,-0.6376957073877448,-73.50781842274912,19.81464527440548,0.6376957073877448,True,0.6376957073877448,0.816452656973222
-1,close_vs_ema6,-0.9215561018451142,-0.0033847271646743,0.000571430614538,0.9215561018451142,-0.630442262281806,-0.0016274400506752,0.000163181798642,0.630442262281806,True,0.630442262281806,0.7759991820634601
-1,ema6_slope_3h,-0.8759085686731805,-0.0034671373748449,0.0004042959318389,0.8759085686731805,-0.6144601662344871,-0.0018454385109542,0.000183068197529,0.6144601662344871,True,0.6144601662344871,0.7451843674538338
-1,close_vs_ema24,-0.8000734482262963,-0.0055830602287874,0.0017225248087906,0.8000734482262963,-0.6005956513430006,-0.0030322027877758,0.0003843356290014,0.6005956513430006,True,0.6005956513430006,0.7003345497846485
-1,stoch_k,-1.0001226318269207,25.43698039409616,59.80480694704748,1.0001226318269207,-0.5978475919209206,30.68311214567192,53.74830232337188,0.5978475919209206,True,0.5978475919209206,0.7989851118739206
-2,close_vs_ema12,-0.713461420476611,-0.0039287207216199,0.0007908818450965,0.713461420476611,-0.591722867446947,-0.0023420068454607,0.0005574516539588,0.591722867446947,True,0.591722867446947,0.652592143961779
-2,close_vs_ema6,-0.7293510961794527,-0.0025091149381311,0.0006272260303089,0.7293510961794527,-0.5907833779005623,-0.0011089547544828,0.0003922443752875,0.5907833779005623,True,0.5907833779005623,0.6600672370400076
-2,rsi6,-0.8179328165381543,37.79100321329743,52.621827718267774,0.8179328165381543,-0.5679854123383571,41.867386842247846,52.23733633498714,0.5679854123383571,True,0.5679854123383571,0.6929591144382556
-1,macd_hist_pct,-0.7027782468241873,-0.001060580320788,-4.515495442511252e-05,0.7027782468241873,-0.5642733293205328,-0.0006657673454993,2.6815007944873027e-05,0.5642733293205328,True,0.5642733293205328,0.63352578807236
-1,rsi14,-0.8254677955919612,42.47530382675424,52.10629017952039,0.8254677955919612,-0.5538984781960027,45.36961933232996,50.340419147768905,0.5538984781960027,True,0.5538984781960027,0.689683136893982
-2,close_vs_vwap24,-0.6506625956558816,-0.0049066581703015,0.0013060200724557,0.6506625956558816,-0.5500946030306344,-0.0027951812220493,0.0011707277258021,0.5500946030306344,True,0.5500946030306344,0.600378599343258
0,trades_rel72,0.5474182660423242,1.7722076420582913,1.0918051515808227,0.5474182660423242,0.57318227349908,1.9328678711101517,0.991783464725168,0.57318227349908,True,0.5474182660423242,0.5603002697707021
-2,bb_z,-0.7423230816726699,-0.8632269121680449,0.1964183729075033,0.7423230816726699,-0.5436863456583165,-0.7508259542804618,0.2044269719964336,0.5436863456583165,True,0.5436863456583165,0.6430047136654933
-2,stoch_k,-0.7493095821574389,35.025609348707846,55.45379167168435,0.7493095821574389,-0.540601935670047,33.362187678863954,55.678773247022,0.540601935670047,True,0.540601935670047,0.6449557589137429
-1,stoch_d,-0.8391531104778545,34.80692033682214,56.423229917880064,0.8391531104778545,-0.5384698356573877,30.689290846294018,53.83545153932229,0.5384698356573877,True,0.5384698356573877,0.6888114730676211
0,ema24_slope_6h,-0.6734552927738064,-0.0024391499345908,0.000650742033038,0.6734552927738064,-0.5379166486543372,-0.0013557517602511,0.0001536139540401,0.5379166486543372,True,0.5379166486543372,0.6056859707140718
-1,macd_fast_hist_pct,-0.8077062506121253,-0.0012475382002378,0.0001078377778101,0.8077062506121253,-0.5296136900409888,-0.0005781469431115,-5.5013106348530905e-06,0.5296136900409888,True,0.5296136900409888,0.668659970326557
0,range_pct,0.5243578963209458,0.0112409482279234,0.0072616683351353,0.5243578963209458,0.5838779771912077,0.0094751355934687,0.0054497085318305,0.5838779771912077,True,0.5243578963209458,0.5541179367560767
-2,close_vs_ema24,-0.6178713911920471,-0.0044214512230859,0.0012309549751468,0.6178713911920471,-0.5220674557485309,-0.0023864595357393,0.0008876676766558,0.5220674557485309,True,0.5220674557485309,0.569969423470289
-1,mfi14,-0.5309093391230646,37.81918203903776,51.49083941564231,0.5309093391230646,-0.5059379417865442,39.556201205957,51.53939414761483,0.5059379417865442,True,0.5059379417865442,0.5184236404548044
-1,close_vs_ema48,-0.6264574030395229,-0.0057763795189697,0.0027004844735455,0.6264574030395229,-0.5038645944519465,-0.0049094149644121,0.0001620014507752,0.5038645944519465,True,0.5038645944519465,0.5651609987457347
0,volume_rel72,0.4999504474807729,1.896174674271696,1.0819382250559433,0.4999504474807729,0.5843554289591435,2.055997077921304,0.9954891799150152,0.5843554289591435,True,0.4999504474807729,0.5421529382199581
-2,cci20,-0.688254172870442,-79.80314377118697,15.530065504986446,0.688254172870442,-0.4991067617045272,-59.02716369251774,21.77678566261669,0.4991067617045272,True,0.4991067617045272,0.5936804672874846
-2,ema6_slope_3h,-0.6872732508309445,-0.0025159323985383,0.0003417589066747,0.6872732508309445,-0.4815372614715912,-0.0018996448683559,0.0002632252693084,0.4815372614715912,True,0.4815372614715912,0.5844052561512678
0,macd_pct,-0.5459544820257216,-0.0017233767313153,0.0007083999248002,0.5459544820257216,-0.4731701403380177,-0.0012566731912721,0.0001586912165815,0.4731701403380177,True,0.4731701403380177,0.5095623111818697
-2,body_pct,-0.4667873601711638,-0.001559760404631,0.0006138751220144,0.4667873601711638,-0.4838214550633544,-0.0011340006015134,0.000672858020196,0.4838214550633544,True,0.4667873601711638,0.4753044076172591
-2,log_ret,-0.4650972034152533,-0.0015609064627986,0.000613686777051,0.4650972034152533,-0.4824821776978371,-0.001134526675328,0.0006725131247361,0.4824821776978371,True,0.4650972034152533,0.4737896905565452
-1,close_vs_ema72,-0.5257582917309516,-0.0049630558468166,0.0038282581458953,0.5257582917309516,-0.4649022110765223,-0.0063174023714613,-0.0001505715419563,0.4649022110765223,True,0.4649022110765223,0.49533025140373693
-2,macd_hist_pct,-0.5156008235219612,-0.0007903922358699,-0.0001255787442985,0.5156008235219612,-0.4591354719684218,-0.0005812389456255,6.738283473704144e-05,0.4591354719684218,True,0.4591354719684218,0.48736814774519155
-1,rsi24,-0.6501097259958498,45.87663015157801,51.67019062276776,0.6501097259958498,-0.4483294678089569,46.61765120327514,50.25615915697575,0.4483294678089569,True,0.4483294678089569,0.5492195969024034
-2,rsi14,-0.6109000395966496,45.15618053261312,51.6056512806332,0.6109000395966496,-0.4448951439089761,46.43421341843171,51.36993482157732,0.4448951439089761,True,0.4448951439089761,0.5278975917528128
-2,close_vs_ema48,-0.4800533247619831,-0.004087661872253,0.0024289334524183,0.4800533247619831,-0.4308056024736502,-0.0022210006627977,0.0008518176548752,0.4308056024736502,True,0.4308056024736502,0.45542946361781667
-2,macd_fast_hist_pct,-0.6160485840172325,-0.0010644845873998,4.502666256677923e-05,0.6160485840172325,-0.4206834097145895,-0.0004065173787871,5.439963091614034e-05,0.4206834097145895,True,0.4206834097145895,0.518365996865911
-2,stoch_d,-0.5614992530891851,37.57713536217919,55.84367775956778,0.5614992530891851,-0.4188793422815514,39.34942920062605,54.69368111960642,0.4188793422815514,True,0.4188793422815514,0.49018929768536823
0,taker_share,-0.7278816786106677,0.4562020782383646,0.4944006903966624,0.7278816786106677,-0.4007409695438069,0.4428411763614576,0.4683168944812025,0.4007409695438069,True,0.4007409695438069,0.5643113240772373
-2,close_vs_ema72,-0.4012885179221068,-0.0028787398386351,0.0032342066201378,0.4012885179221068,-0.3980408399754722,-0.0043350257402929,0.0002765347424957,0.3980408399754722,True,0.3980408399754722,0.3996646789487895
-1,ema24_slope_6h,-0.4791464514279815,-0.0014076988185359,0.0006488584507445,0.4791464514279815,-0.3967192337049401,-0.0007524829207921,0.0001921489019616,0.3967192337049401,True,0.3967192337049401,0.4379328425664608
-1,close_vs_vwap72,-0.5395010773879371,-0.0044969920335391,0.0051192733343798,0.5395010773879371,-0.3955429253032517,-0.004309267994644,0.0012718455397431,0.3955429253032517,True,0.3955429253032517,0.4675220013455944
-3,close_vs_ema12,-0.5644907365618256,-0.0032644840499423,0.0006141675361091,0.5644907365618256,-0.3832172314351881,-0.0011636343908044,0.0001496558521647,0.3832172314351881,True,0.3832172314351881,0.47385398399850687
-3,close_vs_vwap24,-0.4880629935330418,-0.0040470838707929,0.0015284485290735,0.4880629935330418,-0.3682103020351294,-0.0014857326965556,0.0010824748412714,0.3682103020351294,True,0.3682103020351294,0.42813664778408556
-3,macd_hist_pct,-0.3767280875031442,-0.0006516419409166,-8.74599795636819e-05,0.3767280875031442,-0.3642318616365572,-0.0002807224532595,1.1151944527975746e-05,0.3642318616365572,True,0.3642318616365572,0.3704799745698507
-3,close_vs_ema6,-0.5932855417284549,-0.0020032012206562,0.0003230640795205,0.5932855417284549,-0.3556627443805978,-0.0010399146326871,0.0002051785988204,0.3556627443805978,True,0.3556627443805978,0.4744741430545264
-2,rsi24,-0.4799436903651976,47.34001710773258,51.68623798290304,0.4799436903651976,-0.3525984541962307,48.40141805412385,50.64208443157857,0.3525984541962307,True,0.3525984541962307,0.41627107228071414
-3,stoch_k,-0.5209275224481148,36.514885735749445,56.52701315734524,0.5209275224481148,-0.3502428892165846,39.84884348656579,52.89474182254045,0.3502428892165846,True,0.3502428892165846,0.4355852058323497
-1,body_pct,-0.5780751793434297,-0.0018082173322542,0.0001539700222742,0.5780751793434297,-0.3481379558919944,-0.0014228308242643,-1.1509386666497257e-05,0.3481379558919944,True,0.3481379558919944,0.4631065676177121
-1,log_ret,-0.5770669655549033,-0.0018099326677075,0.0001540415153296,0.5770669655549033,-0.3474756536810532,-0.0014238440092161,-1.1509452899996182e-05,0.3474756536810532,True,0.3474756536810532,0.46227130961797824
-3,close_vs_ema24,-0.4765371326471636,-0.0033939478491012,0.0008649450374255,0.4765371326471636,-0.3469722380424594,-0.0010904664634345,0.0002217746016286,0.3469722380424594,True,0.3469722380424594,0.4117546853448115
-1,macd_pct,-0.3899620488622574,-0.0009189857028852,0.0006890388556073,0.3899620488622574,-0.3384429578461014,-0.000761531941397,0.0003768811853367,0.3384429578461014,True,0.3384429578461014,0.36420250335417936
-3,rsi6,-0.5817528935344783,41.14429606042461,52.495674741685264,0.5817528935344783,-0.3326864322442758,45.21649614002072,50.19174040785436,0.3326864322442758,True,0.3326864322442758,0.4572196628893771
-2,mfi14,-0.3307853780472288,40.7866442064858,50.8182139148816,0.3307853780472288,-0.4340016931505587,41.13439004542657,50.74130677133719,0.4340016931505587,True,0.3307853780472288,0.3823935355988938
-2,close_vs_vwap72,-0.4087870223447994,-0.004229007078228,0.0039967965366933,0.4087870223447994,-0.3295962412573922,-0.002940955062733,0.0012216984425188,0.3295962412573922,True,0.3295962412573922,0.3691916318010958
-2,ema24_slope_6h,-0.3498863440129881,-0.0009596564575886,0.0004485339582545,0.3498863440129881,-0.3253284980644485,-0.0005533505786967,0.0001005355083865,0.3253284980644485,True,0.3253284980644485,0.3376074210387183
-3,bb_z,-0.5382243866473507,-0.7925155018132181,0.1084141312453667,0.5382243866473507,-0.3229978868648701,-0.6296696132191316,0.1002447237700403,0.3229978868648701,True,0.3229978868648701,0.4306111367561104
-2,close_location,-0.3499511524753836,0.4124243718593821,0.5712436860939426,0.3499511524753836,-0.3082320227265704,0.3539731862299957,0.503353017715946,0.3082320227265704,True,0.3082320227265704,0.329091587600977
-4,close_vs_ema12,-0.3947477675336576,-0.0005191119889837,0.0004090020947438,0.3947477675336576,-0.3060027722816145,-0.0012884530015008,4.724585237259049e-05,0.3060027722816145,True,0.3060027722816145,0.350375269907636
-3,ema6_slope_3h,-0.5226738029959443,-0.0011196735054147,0.0001993426163798,0.5226738029959443,-0.3041116570239665,-0.0009410942578419,0.0001333307682633,0.3041116570239665,True,0.3041116570239665,0.4133927300099554
-3,stoch_d,-0.3413254283839136,40.69647483977852,54.260574305665386,0.3413254283839136,-0.304039499674287,39.54019306294522,51.54657301033942,0.304039499674287,True,0.304039499674287,0.3226824640291003
-4,close_vs_vwap24,-0.3327083987136456,-0.0027948615535826,0.0009926821769173,0.3327083987136456,-0.3007278667396452,-0.0009660669766916,0.0008122619208206,0.3007278667396452,True,0.3007278667396452,0.3167181327266454
-1,trades_rel72,0.3005460774646799,1.3489901026826383,1.040016508377868,0.3005460774646799,0.3369900153135063,1.512266789910243,1.0272898273409616,0.3369900153135063,True,0.3005460774646799,0.31876804638909306
0,lower_wick,-0.3795917712252304,0.1738182832583617,0.2453086847577834,0.3795917712252304,-0.2954651123688236,0.213530244790621,0.2528549423699832,0.2954651123688236,True,0.2954651123688236,0.337528441797027
-3,close_vs_ema48,-0.3636572093297868,-0.0027233315119052,0.0018786415004681,0.3636572093297868,-0.2933790942711191,-0.0015195859589992,0.0009370247695656,0.2933790942711191,True,0.2933790942711191,0.32851815180045296
-3,cci20,-0.4896001901961553,-62.96114227424343,11.19379659547034,0.4896001901961553,-0.2828727738006404,-46.87890095954256,6.295540647232535,0.2828727738006404,True,0.2828727738006404,0.3862364819983979
-3,close_vs_ema72,-0.3022303147804437,-0.0016704821290097,0.0033521396977627,0.3022303147804437,-0.2817535046985398,-0.0022193329107447,-4.012122326235712e-05,0.2817535046985398,True,0.2817535046985398,0.29199190973949174
-4,close_vs_ema24,-0.3364078585684438,-0.0019226686290406,0.0009439396363046,0.3364078585684438,-0.278077640808449,-0.0007088798497904,0.0005732961686137,0.278077640808449,True,0.278077640808449,0.3072427496884464
-3,macd_fast_hist_pct,-0.4656716637633872,-0.0008004745517969,-7.219111382191779e-05,0.4656716637633872,-0.2779622180558969,-0.0001282762428943,1.6074000969249436e-05,0.2779622180558969,True,0.2779622180558969,0.371816940909642
-4,close_vs_ema6,-0.4161776409927497,-0.000367571242945,0.0001790197713077,0.4161776409927497,-0.2722579948278287,-0.0004276800795789,0.0002055962591243,0.2722579948278287,True,0.2722579948278287,0.34421781791028916
-2,taker_share,-0.39963528764359,0.4763287266743314,0.4981121274355945,0.39963528764359,-0.2686869412039026,0.4800883599632065,0.4950771558411753,0.2686869412039026,True,0.2686869412039026,0.3341611144237463
-2,macd_pct,-0.2872960459477441,-0.0005240962202104,0.0006625740391109,0.2872960459477441,-0.2667096557426215,-0.0005852986686936,0.0003557457208569,0.2667096557426215,True,0.2667096557426215,0.27700285084518284
-4,stoch_k,-0.2640281533502007,46.72505401987912,53.27145257756905,0.2640281533502007,-0.2647516248077898,40.75582284887075,53.17091641553372,0.2647516248077898,True,0.2640281533502007,0.26438988907899524
-4,macd_hist_pct,-0.2625883343757548,-0.0004962696121235,-1.4312913765844184e-05,0.2625883343757548,-0.3309110062824411,-0.0003376858287769,2.634125951006656e-05,0.3309110062824411,True,0.2625883343757548,0.29674967032909794
-19,lower_wick,0.2578495644069491,0.2877493432257636,0.2265309869382664,0.2578495644069491,0.2555836458970463,0.2286383285302707,0.2055192772161943,0.2555836458970463,True,0.2555836458970463,0.2567166051519977
-1,close_location,-0.2956654162950556,0.3955837416501762,0.498965733350847,0.2956654162950556,-0.254611934206958,0.3476589097608402,0.4916511055181208,0.254611934206958,True,0.254611934206958,0.27513867525100677
0,upper_wick,-0.3072457591706881,0.1186267166895931,0.1917882460002687,0.3072457591706881,-0.2541441244814058,0.148583554547881,0.1904969129926523,0.2541441244814058,True,0.2541441244814058,0.28069494182604693
-3,ema24_slope_6h,-0.2537183535784429,-0.0007190813911364,0.00043520880231,0.2537183535784429,-0.2695859147638993,-0.0005629001179334,-2.9478151916340067e-05,0.2695859147638993,True,0.2537183535784429,0.2616521341711711
0,macd_signal_pct,-0.2796889404507224,-0.0003226035389286,0.0006902674635712,0.2796889404507224,-0.2509425612908927,-0.0003945093451567,0.0001898269114952,0.2509425612908927,True,0.2509425612908927,0.26531575087080755
