feature,first_sustained_effect_ge_0_25_2024,best_pre_offset_h_2024,best_pre_effect_2024,first_sustained_effect_ge_0_25_2025,best_pre_offset_h_2025,best_pre_effect_2025
rsi6,-4.0,0,-1.5473607210303657,-21.0,0,-1.084108950523654
bb_z,-4.0,0,-1.4890778926214463,-22.0,0,-1.0195104276299023
stoch_k,-4.0,0,-1.451165124165672,-24.0,0,-0.914796784725838
cci20,-4.0,0,-1.3775400863154064,-22.0,0,-0.9272533616916236
close_vs_ema6,-5.0,0,-1.263281594096599,-4.0,0,-1.07337151949698
close_vs_ema12,-5.0,0,-1.239363018379832,-9.0,0,-1.038989368374584
rsi14,-4.0,0,-1.2089547004993932,-2.0,0,-0.863567957635064
stoch_d,-3.0,0,-1.198478283310676,-23.0,0,-0.7583515860266847
close_vs_vwap24,-5.0,0,-1.1778283659586366,-22.0,0,-0.9815436171784768
ema6_slope_3h,-4.0,0,-1.1519101074329772,-10.0,0,-0.9186745265401544
macd_fast_hist_pct,-4.0,0,-1.132193354416582,-12.0,0,-0.8627034971944864
close_vs_ema24,-5.0,0,-1.0977240839080025,-4.0,0,-0.9266048255456936
body_pct,-3.0,0,-0.9971374961971586,-2.0,0,-0.8712747454565904
log_ret,-3.0,0,-0.994595228690438,-2.0,0,-0.8661463029510624
macd_hist_pct,-4.0,0,-0.9944868978035166,-22.0,0,-0.7866368458972516
close_location,-3.0,0,-0.982003035348168,-2.0,0,-0.7639687603224791
rsi24,-3.0,0,-0.9603025754694168,-2.0,0,-0.7100367212456724
close_vs_ema48,-4.0,0,-0.8836821385550732,-3.0,0,-0.7816944371897248
mfi14,-2.0,0,-0.8172055203077853,-21.0,0,-0.6918996798614168
close_vs_vwap72,-3.0,0,-0.7782173195995861,-2.0,0,-0.6477995937500965
close_vs_ema72,-3.0,0,-0.7539660781464937,-3.0,0,-0.7116369970781201
taker_share,-2.0,0,-0.7278816786106677,,0,-0.4007409695438069
ema24_slope_6h,-3.0,0,-0.6734552927738064,-3.0,0,-0.5379166486543372
trades_rel72,-1.0,0,0.5474182660423242,-2.0,0,0.57318227349908
macd_pct,-2.0,0,-0.5459544820257216,-2.0,0,-0.4731701403380177
range_pct,-1.0,0,0.5243578963209458,,0,0.5838779771912077
volume_rel72,,0,0.4999504474807729,-1.0,0,0.5843554289591435
lower_wick,,0,-0.3795917712252304,-1.0,-20,0.306574406961746
upper_wick,,0,-0.3072457591706881,,-11,-0.3410903748046014
macd_signal_pct,,0,-0.2796889404507224,,0,-0.2509425612908927
ema72_slope_12h,,0,-0.2379548678019353,,0,-0.2901215822036656
bb_width,,-2,-0.2324840063941126,,-24,-0.1681785205536013
adx14,,0,0.1365726825207963,,-23,-0.1225770055848723
atr14_pct,,-24,-0.1142441919921762,,-7,-0.1062621900092989
