feature,first_sustained_effect_ge_0_25,best_pre_offset_h,best_pre_effect
rsi6,-21.0,0,-1.0841089505236539
close_vs_ema6,-4.0,0,-1.07337151949698
close_vs_ema12,-9.0,0,-1.0389893683745839
bb_z,-22.0,0,-1.0195104276299023
close_vs_vwap24,-22.0,0,-0.9815436171784767
cci20,-22.0,0,-0.9272533616916235
close_vs_ema24,-4.0,0,-0.9266048255456935
ema6_slope_3h,-10.0,0,-0.9186745265401544
stoch_k,-24.0,0,-0.9147967847258379
body_pct,-2.0,0,-0.8712747454565904
log_ret,-2.0,0,-0.8661463029510624
rsi14,-2.0,0,-0.863567957635064
macd_fast_hist_pct,-12.0,0,-0.8627034971944864
macd_hist_pct,-22.0,0,-0.7866368458972516
close_vs_ema48,-3.0,0,-0.7816944371897248
close_location,-2.0,0,-0.7639687603224791
stoch_d,-23.0,0,-0.7583515860266847
close_vs_ema72,-3.0,0,-0.7116369970781201
rsi24,-2.0,0,-0.7100367212456724
mfi14,-21.0,0,-0.6918996798614168
close_vs_vwap72,-2.0,0,-0.6477995937500965
volume_rel72,-1.0,0,0.5843554289591435
range_pct,,0,0.5838779771912077
trades_rel72,-2.0,0,0.57318227349908
ema24_slope_6h,-3.0,0,-0.5379166486543372
macd_pct,-2.0,0,-0.4731701403380177
taker_share,,0,-0.4007409695438069
upper_wick,,-11,-0.3410903748046014
lower_wick,-1.0,-20,0.306574406961746
ema72_slope_12h,,0,-0.29012158220366563
macd_signal_pct,,0,-0.25094256129089276
bb_width,,-24,-0.16817852055360136
adx14,,-23,-0.12257700558487239
atr14_pct,,-7,-0.10626219000929898
