target,stop,events,mean_return,median_return,geomean_return,positive_rate,target_rate,stop_rate,marked_rate,resolved_24h,resolved_48h,resolved_72h,resolved_168h,median_hours,p90_hours
0.03,0.02,77,0.02999999999999999,0.03,0.030000000000000027,1.0,1.0,0.0,0.0,1.0,1.0,1.0,1.0,20.0,23.0
0.03,0.025,77,0.02999999999999999,0.03,0.030000000000000027,1.0,1.0,0.0,0.0,1.0,1.0,1.0,1.0,20.0,23.0
0.03,0.03,77,0.02999999999999999,0.03,0.030000000000000027,1.0,1.0,0.0,0.0,1.0,1.0,1.0,1.0,20.0,23.0
0.025,0.02,77,0.02499999999999999,0.025,0.02499999999999991,1.0,1.0,0.0,0.0,1.0,1.0,1.0,1.0,18.0,23.0
0.025,0.025,77,0.02499999999999999,0.025,0.02499999999999991,1.0,1.0,0.0,0.0,1.0,1.0,1.0,1.0,18.0,23.0
0.025,0.03,77,0.02499999999999999,0.025,0.02499999999999991,1.0,1.0,0.0,0.0,1.0,1.0,1.0,1.0,18.0,23.0
0.05,0.02,77,0.024875494962644983,0.05,0.024360029025040753,0.6623376623376623,0.5844155844155844,0.3246753246753247,0.09090909090909091,0.19480519480519481,0.4155844155844156,0.6363636363636364,0.9090909090909091,54.0,146.4
0.04,0.02,77,0.02451004692988541,0.04,0.024188806595258683,0.7532467532467533,0.7142857142857143,0.23376623376623376,0.05194805194805195,0.2987012987012987,0.6493506493506493,0.7402597402597403,0.948051948051948,29.0,106.00000000000011
0.05,0.025,77,0.02452147412127545,0.05,0.023951511940218717,0.6753246753246753,0.5974025974025974,0.2987012987012987,0.1038961038961039,0.18181818181818182,0.36363636363636365,0.5974025974025974,0.8961038961038961,58.0,156.8000000000001
0.05,0.03,77,0.023943249614049922,0.05,0.02332247959327116,0.6883116883116883,0.5974025974025974,0.2727272727272727,0.12987012987012986,0.18181818181818182,0.36363636363636365,0.5844155844155844,0.8701298701298701,58.0,167.0
0.04,0.025,77,0.023341215761054242,0.04,0.022964877201391065,0.7532467532467533,0.7142857142857143,0.23376623376623376,0.05194805194805195,0.2857142857142857,0.6103896103896104,0.7272727272727273,0.948051948051948,29.0,119.4
0.04,0.03,77,0.023087666578504036,0.04,0.022677822237241685,0.7662337662337663,0.7142857142857143,0.2077922077922078,0.07792207792207792,0.2857142857142857,0.6103896103896104,0.7142857142857143,0.922077922077922,29.0,128.40000000000012
0.03,0.015,77,0.022402597402597407,0.03,0.02226085810120293,0.8311688311688312,0.8311688311688312,0.16883116883116883,0.0,1.0,1.0,1.0,1.0,19.0,23.0
0.02,0.02,77,0.02,0.02,0.020000000000000018,1.0,1.0,0.0,0.0,1.0,1.0,1.0,1.0,12.0,22.0
0.02,0.025,77,0.02,0.02,0.020000000000000018,1.0,1.0,0.0,0.0,1.0,1.0,1.0,1.0,12.0,22.0
0.02,0.03,77,0.02,0.02,0.020000000000000018,1.0,1.0,0.0,0.0,1.0,1.0,1.0,1.0,12.0,22.0
0.025,0.015,77,0.01824675324675324,0.025,0.018134546426937348,0.8311688311688312,0.8311688311688312,0.16883116883116883,0.0,1.0,1.0,1.0,1.0,16.0,23.0
0.05,0.015,77,0.018378686873625198,0.03886033804890432,0.017884116755029433,0.5324675324675324,0.4675324675324675,0.4675324675324675,0.06493506493506493,0.3116883116883117,0.5064935064935064,0.7012987012987013,0.935064935064935,46.0,117.0
0.04,0.015,77,0.018013238840865625,0.04,0.017663319959418722,0.6103896103896104,0.5844155844155844,0.38961038961038963,0.025974025974025976,0.38961038961038963,0.7142857142857143,0.7792207792207793,0.974025974025974,26.0,93.0
0.015,0.02,77,0.014999999999999994,0.015,0.014999999999999902,1.0,1.0,0.0,0.0,1.0,1.0,1.0,1.0,10.0,20.400000000000006
0.015,0.025,77,0.014999999999999994,0.015,0.014999999999999902,1.0,1.0,0.0,0.0,1.0,1.0,1.0,1.0,10.0,20.400000000000006
0.015,0.03,77,0.014999999999999994,0.015,0.014999999999999902,1.0,1.0,0.0,0.0,1.0,1.0,1.0,1.0,10.0,20.400000000000006
0.02,0.015,77,0.014545454545454547,0.02,0.014464747905925002,0.8441558441558441,0.8441558441558441,0.15584415584415584,0.0,1.0,1.0,1.0,1.0,10.0,22.0
0.015,0.015,77,0.010324675324675325,0.015,0.010265267160132652,0.8441558441558441,0.8441558441558441,0.15584415584415584,0.0,1.0,1.0,1.0,1.0,8.0,20.0
0.03,0.01,77,0.00922077922077922,-0.01,0.009023091467634803,0.4805194805194805,0.4805194805194805,0.5194805194805194,0.0,1.0,1.0,1.0,1.0,6.0,23.0
0.05,0.0075,77,0.00851479868211023,-0.0075,0.008200073356452009,0.2857142857142857,0.24675324675324675,0.7142857142857143,0.03896103896103896,0.6883116883116883,0.8181818181818182,0.9090909090909091,0.961038961038961,4.0,67.20000000000002
0.03,0.0075,77,0.008084415584415586,-0.0075,0.007915706184018045,0.4155844155844156,0.4155844155844156,0.5844155844155844,0.0,1.0,1.0,1.0,1.0,3.0,23.0
0.04,0.01,77,0.008181818181818182,-0.01,0.007897430726256927,0.36363636363636365,0.36363636363636365,0.6363636363636364,0.0,0.6753246753246753,0.8961038961038961,0.935064935064935,1.0,6.0,47.60000000000011
0.04,0.0075,77,0.007922077922077924,-0.0075,0.007679309507809151,0.3246753246753247,0.3246753246753247,0.6753246753246753,0.0,0.7142857142857143,0.9090909090909091,0.948051948051948,1.0,4.0,40.0
0.05,0.01,77,0.007508305175616721,-0.01,0.0071547936986011695,0.2987012987012987,0.2597402597402597,0.7012987012987013,0.03896103896103896,0.6233766233766234,0.7662337662337663,0.8831168831168831,0.961038961038961,7.0,91.0
0.025,0.01,77,0.007272727272727274,-0.01,0.007120767759335456,0.4935064935064935,0.4935064935064935,0.5064935064935064,0.0,1.0,1.0,1.0,1.0,3.0,22.0
0.025,0.0075,77,0.006428571428571429,-0.0075,0.006300446565547402,0.42857142857142855,0.42857142857142855,0.5714285714285714,0.0,1.0,1.0,1.0,1.0,2.0,22.0
0.02,0.01,77,0.004805194805194806,-0.01,0.004693274385034085,0.4935064935064935,0.4935064935064935,0.5064935064935064,0.0,1.0,1.0,1.0,1.0,3.0,21.0
0.02,0.0075,77,0.004285714285714287,-0.0075,0.004193742974975656,0.42857142857142855,0.42857142857142855,0.5714285714285714,0.0,1.0,1.0,1.0,1.0,1.0,19.200000000000017
0.015,0.01,77,0.002337662337662337,-0.01,0.002259746484253533,0.4935064935064935,0.4935064935064935,0.5064935064935064,0.0,1.0,1.0,1.0,1.0,2.0,16.400000000000006
0.015,0.0075,77,0.0021428571428571425,-0.0075,0.0020811299508158854,0.42857142857142855,0.42857142857142855,0.5714285714285714,0.0,1.0,1.0,1.0,1.0,1.0,14.0
