condition,active_share_all_signals,active_share_winners,active_share_losers
S_rsi6_oversold,0.8784355179704016,0.8366013071895425,0.8865069356872636
S_bb_depressed,0.9365750528541226,0.9477124183006536,0.9344262295081968
S_stoch_oversold,0.8498942917547568,0.8627450980392157,0.8474148802017655
S_cci_oversold,0.6892177589852009,0.6274509803921569,0.7011349306431274
S_below_vwap24,0.8731501057082452,0.8888888888888888,0.8701134930643127
S_below_ema24,0.8054968287526427,0.8169934640522876,0.8032786885245902
S_below_ema72,0.6765327695560254,0.7320261437908496,0.6658259773013872
M_ema_gap_worsening,0.5983086680761099,0.5947712418300654,0.5989911727616646
M_vwap_dislocation_3h,0.8054968287526427,0.7712418300653595,0.8121059268600253
M_ema24_dislocation_3h,0.7441860465116279,0.7124183006535948,0.7503152585119798
M_macd_worsening,0.7621564482029598,0.7581699346405228,0.7629255989911727
M_fast_trend_down,0.8932346723044398,0.8823529411764706,0.8953341740226987
M_atr_accelerating,0.49365750528541225,0.5228758169934641,0.4880201765447667
F_red_impulse,0.693446088794926,0.7320261437908496,0.6860025220680959
F_close_near_low,0.7399577167019028,0.7581699346405228,0.7364438839848676
F_range_expansion,0.7325581395348837,0.7320261437908496,0.7326607818411097
F_trade_participation,0.7790697674418605,0.7320261437908496,0.7881462799495587
F_volume_participation,0.781183932346723,0.7647058823529411,0.7843631778058008
F_seller_dominance,0.8890063424947146,0.8954248366013072,0.8877679697351829
