variant,state,hours,share
LOOSE,NEUTRAL,11903,0.6812614468864469
LOOSE,TRIGGERED,3115,0.17828525641025642
LOOSE,SETUP,2337,0.13375686813186813
LOOSE,ARMED,117,0.006696428571428571
BALANCED,NEUTRAL,12775,0.7311698717948718
BALANCED,TRIGGERED,2626,0.15029761904761904
BALANCED,SETUP,1805,0.10330815018315018
BALANCED,ARMED,266,0.015224358974358974
STRICT,NEUTRAL,13746,0.7867445054945055
STRICT,TRIGGERED,1873,0.10720009157509157
STRICT,SETUP,1732,0.09913003663003662
STRICT,ARMED,121,0.0069253663003663
