symbol,shard,state_revision,initialized_utc,last_scanned_hour_utc,last_raw_capitulation_alert_utc,last_raw_base_alert_utc,last_raw_momentum_alert_utc,episode_start_utc,episode_family,episode_open_score,episode_start_price,episode_last_selected_alert_utc,precursor_alert_count,episode_certainty,checkpoint_3h,checkpoint_6h,checkpoint_12h,signal_time_utc,signal_entry_price,signal_emitted,signal_emitted_at_utc,status,last_updated_utc,last_error
ETHUSDT,2,2,2026-10-08T09:03:43.285Z,2026-10-08T20:00:00.000Z,,,2026-10-08T03:00:00.000Z,2026-10-07T02:00:00.000Z,MOMENTUM,0.36038379869416043,2612.54,2026-10-07T02:00:00.000Z,1,EXACT,NOT_DUE,NOT_DUE,NOT_DUE,,,false,,PENDING,2026-10-08T21:36:03.202Z,
BNBUSDT,2,2,2026-10-08T09:03:45.732Z,2026-10-08T20:00:00.000Z,,,2026-10-08T12:00:00.000Z,2026-09-29T17:00:00.000Z,MOMENTUM,0.3517491377260166,751.62,2026-09-29T17:00:00.000Z,1,EXACT,NOT_DUE,NOT_DUE,NOT_DUE,,,false,,NONE,2026-10-08T21:36:29.722Z,
QTUMUSDT,2,2,2026-10-08T09:03:48.179Z,2026-10-08T20:00:00.000Z,,,2026-10-08T15:00:00.000Z,2026-10-08T15:00:00.000Z,MOMENTUM,0.41596536377655613,0.9,2026-10-08T15:00:00.000Z,1,EXACT,NOT_DUE,NOT_DUE,NOT_DUE,,,false,,PENDING,2026-10-08T21:36:33.585Z,
ADAUSDT,2,2,2026-10-08T09:03:50.677Z,2026-10-08T20:00:00.000Z,,,2026-10-08T15:00:00.000Z,2026-10-08T15:00:00.000Z,MOMENTUM,0.5185067676949799,0.2316,2026-10-08T15:00:00.000Z,1,EXACT,NOT_DUE,NOT_DUE,NOT_DUE,,,false,,PENDING,2026-10-08T21:37:02.547Z,
ONGUSDT,2,2,2026-10-08T09:03:53.128Z,2026-10-08T20:00:00.000Z,,2026-09-09T23:00:00.000Z,2026-10-08T15:00:00.000Z,2026-10-06T03:00:00.000Z,MOMENTUM,0.3586045980056263,0.08822,2026-10-08T15:00:00.000Z,2,EXACT,NOT_DUE,NOT_DUE,NOT_DUE,,,false,,PENDING,2026-10-08T21:37:06.325Z,
CELRUSDT,2,2,2026-10-08T09:05:31.215Z,2026-10-08T20:00:00.000Z,,2026-09-24T12:00:00.000Z,2026-10-07T03:00:00.000Z,2026-10-07T03:00:00.000Z,MOMENTUM,0.35718829940708663,0.002893,2026-10-07T03:00:00.000Z,1,EXACT,NOT_DUE,NOT_DUE,NOT_DUE,,,false,,PENDING,2026-10-08T21:37:33.114Z,
DASHUSDT,2,2,2026-10-08T09:05:31.215Z,2026-10-08T20:00:00.000Z,,,2026-10-08T15:00:00.000Z,2026-10-08T15:00:00.000Z,MOMENTUM,0.5010458298723065,49.77,2026-10-08T15:00:00.000Z,1,EXACT,NOT_DUE,NOT_DUE,NOT_DUE,,,false,,PENDING,2026-10-08T21:37:41.421Z,
TFUELUSDT,2,2,2026-10-08T09:05:31.215Z,2026-10-08T20:00:00.000Z,,2026-09-12T01:00:00.000Z,2026-10-08T15:00:00.000Z,2026-10-08T15:00:00.000Z,MOMENTUM,0.3818014487033814,0.00933,2026-10-08T15:00:00.000Z,1,EXACT,NOT_DUE,NOT_DUE,NOT_DUE,,,false,,PENDING,2026-10-08T21:39:11.754Z,
ALGOUSDT,2,2,2026-10-08T09:05:31.215Z,2026-10-08T20:00:00.000Z,,,2026-10-08T09:00:00.000Z,2026-10-07T03:00:00.000Z,MOMENTUM,0.36196132422856137,0.1197,2026-10-07T03:00:00.000Z,1,EXACT,NOT_DUE,NOT_DUE,NOT_DUE,,,false,,PENDING,2026-10-08T21:39:12.956Z,
ANKRUSDT,2,2,2026-10-08T09:05:31.215Z,2026-10-08T20:00:00.000Z,,,2026-10-08T05:00:00.000Z,2026-10-07T01:00:00.000Z,MOMENTUM,0.38591073466074777,0.00476,2026-10-07T01:00:00.000Z,1,EXACT,NOT_DUE,NOT_DUE,NOT_DUE,,,false,,PENDING,2026-10-08T21:39:14.363Z,
MTLUSDT,2,2,2026-10-08T09:57:21.622Z,2026-10-08T20:00:00.000Z,,2026-09-15T02:00:00.000Z,2026-10-08T15:00:00.000Z,2026-10-07T02:00:00.000Z,MOMENTUM,0.36375731090626445,0.303,2026-10-08T15:00:00.000Z,2,EXACT,NOT_DUE,NOT_DUE,NOT_DUE,,,false,,PENDING,2026-10-08T21:43:29.462Z,
RVNUSDT,2,2,2026-10-08T09:57:21.622Z,2026-10-08T20:00:00.000Z,,2026-09-11T09:00:00.000Z,2026-10-08T15:00:00.000Z,2026-10-02T18:00:00.000Z,MOMENTUM,0.35670659180337,0.002295,2026-10-08T15:00:00.000Z,3,EXACT,NOT_DUE,NOT_DUE,NOT_DUE,,,false,,PENDING,2026-10-08T21:39:33.334Z,
HBARUSDT,2,2,2026-10-08T09:57:21.622Z,2026-10-08T20:00:00.000Z,,,2026-10-08T17:00:00.000Z,2026-10-08T17:00:00.000Z,MOMENTUM,0.37661135348938146,0.08862,2026-10-08T17:00:00.000Z,1,EXACT,NOT_DUE,NOT_DUE,NOT_DUE,,,false,,PENDING,2026-10-08T21:39:34.517Z,
STXUSDT,2,2,2026-10-08T09:57:21.622Z,2026-10-08T20:00:00.000Z,,,2026-10-08T15:00:00.000Z,2026-09-15T18:00:00.000Z,MOMENTUM,0.3814257634215911,0.2482,2026-10-08T15:00:00.000Z,10,EXACT,NOT_DUE,NOT_DUE,NOT_DUE,,,false,,PENDING,2026-10-08T21:39:36.082Z,
KAVAUSDT,2,2,2026-10-08T09:57:21.622Z,2026-10-08T20:00:00.000Z,,,2026-10-06T11:00:00.000Z,2026-09-25T14:00:00.000Z,MOMENTUM,0.3584860511490072,0.06766,2026-09-25T14:00:00.000Z,1,EXACT,NOT_DUE,NOT_DUE,NOT_DUE,,,false,,NONE,2026-10-08T21:43:58.042Z,
IOTXUSDT,2,2,2026-10-08T10:16:48.513Z,2026-10-08T20:00:00.000Z,,,2026-10-08T14:00:00.000Z,2026-09-28T07:00:00.000Z,MOMENTUM,0.37300262262707584,0.003359,2026-09-28T07:00:00.000Z,1,EXACT,NOT_DUE,NOT_DUE,NOT_DUE,,,false,,NONE,2026-10-08T21:43:58.963Z,
RLCUSDT,2,2,2026-10-08T10:16:48.513Z,2026-10-08T20:00:00.000Z,,2026-10-07T13:00:00.000Z,2026-10-08T09:00:00.000Z,2026-10-07T09:00:00.000Z,MOMENTUM,0.4584943210093905,0.7341,2026-10-07T13:00:00.000Z,2,EXACT,NOT_DUE,NOT_DUE,NOT_DUE,,,false,,PENDING,2026-10-08T21:44:22.949Z,
OGNUSDT,2,2,2026-10-08T10:16:48.513Z,2026-10-08T20:00:00.000Z,,,2026-10-08T18:00:00.000Z,2026-10-06T14:00:00.000Z,MOMENTUM,0.47878224240543105,0.02213,2026-10-06T14:00:00.000Z,1,EXACT,NOT_DUE,NOT_DUE,NOT_DUE,,,false,,PENDING,2026-10-08T21:44:23.868Z,
LSKUSDT,2,2,2026-10-08T10:16:48.513Z,2026-10-08T20:00:00.000Z,,2026-09-29T05:00:00.000Z,2026-10-07T02:00:00.000Z,2026-10-04T13:00:00.000Z,MOMENTUM,0.35988739584789947,0.2675,2026-10-06T02:00:00.000Z,2,EXACT,NOT_DUE,NOT_DUE,NOT_DUE,,,false,,PENDING,2026-10-08T21:44:48.731Z,
BNTUSDT,2,2,2026-10-08T10:16:48.513Z,2026-10-08T20:00:00.000Z,,,2026-10-08T05:00:00.000Z,2026-10-07T02:00:00.000Z,MOMENTUM,0.35093312679411287,0.3331,2026-10-07T02:00:00.000Z,1,EXACT,NOT_DUE,NOT_DUE,NOT_DUE,,,false,,PENDING,2026-10-08T21:44:49.664Z,
MBLUSDT,2,2,2026-10-08T10:16:48.513Z,2026-10-08T20:00:00.000Z,,,2026-10-08T15:00:00.000Z,2026-10-05T15:00:00.000Z,MOMENTUM,0.385626905195598,0.000794,2026-10-08T15:00:00.000Z,3,EXACT,NOT_DUE,NOT_DUE,NOT_DUE,,,false,,PENDING,2026-10-08T21:45:19.984Z,
COTIUSDT,2,2,2026-10-08T10:16:48.513Z,2026-10-08T20:00:00.000Z,,2026-09-21T20:00:00.000Z,2026-10-08T15:00:00.000Z,2026-10-08T15:00:00.000Z,MOMENTUM,0.3750753404531838,0.01254,2026-10-08T15:00:00.000Z,1,EXACT,NOT_DUE,NOT_DUE,NOT_DUE,,,false,,PENDING,2026-10-08T21:45:20.970Z,
HIVEUSDT,2,2,2026-10-08T10:16:48.513Z,2026-10-08T20:00:00.000Z,,,2026-10-08T15:00:00.000Z,2026-10-07T04:00:00.000Z,MOMENTUM,0.3964040115110426,0.0551,2026-10-08T15:00:00.000Z,2,EXACT,NOT_DUE,NOT_DUE,NOT_DUE,,,false,,PENDING,2026-10-08T21:45:46.978Z,
COMPUSDT,2,2,2026-10-08T10:16:48.513Z,2026-10-08T20:00:00.000Z,,,2026-10-08T15:00:00.000Z,2026-10-08T15:00:00.000Z,MOMENTUM,0.3834248664573153,22.72,2026-10-08T15:00:00.000Z,1,EXACT,NOT_DUE,NOT_DUE,NOT_DUE,,,false,,PENDING,2026-10-08T21:45:47.893Z,
SCUSDT,2,2,2026-10-08T10:16:48.513Z,2026-10-08T20:00:00.000Z,,,2026-10-08T15:00:00.000Z,2026-10-07T09:00:00.000Z,MOMENTUM,0.4444685369096982,0.000999,2026-10-08T15:00:00.000Z,2,EXACT,NOT_DUE,NOT_DUE,NOT_DUE,,,false,,PENDING,2026-10-08T21:46:11.165Z,
ZENUSDT,2,2,2026-10-08T10:16:48.513Z,2026-10-08T20:00:00.000Z,,,2026-10-08T15:00:00.000Z,2026-10-07T14:00:00.000Z,MOMENTUM,0.35645959368298563,6.565,2026-10-08T15:00:00.000Z,2,EXACT,NOT_DUE,NOT_DUE,NOT_DUE,,,false,,PENDING,2026-10-08T21:46:12.099Z,
SNXUSDT,2,2,2026-10-08T12:01:56.873Z,2026-10-08T20:00:00.000Z,,,2026-10-08T15:00:00.000Z,2026-10-07T09:00:00.000Z,MOMENTUM,0.35002463446849236,0.2408,2026-10-08T15:00:00.000Z,2,EXACT,NOT_DUE,NOT_DUE,NOT_DUE,,,False,,PENDING,2026-10-08T21:46:38.674Z,
VTHOUSDT,2,2,2026-10-08T12:01:56.873Z,2026-10-08T20:00:00.000Z,,2026-09-14T04:00:00.000Z,2026-10-08T05:00:00.000Z,2026-09-25T05:00:00.000Z,MOMENTUM,0.3975416693811825,0.000755,2026-10-08T05:00:00.000Z,6,EXACT,NOT_DUE,NOT_DUE,NOT_DUE,,,False,,PENDING,2026-10-08T21:46:39.609Z,
MANAUSDT,2,2,2026-10-08T12:01:56.873Z,2026-10-08T20:00:00.000Z,,,2026-10-08T03:00:00.000Z,2026-10-03T07:00:00.000Z,MOMENTUM,0.6601474730240441,0.1057,2026-10-04T07:00:00.000Z,2,EXACT,NOT_DUE,NOT_DUE,NOT_DUE,,,False,,NONE,2026-10-08T21:55:05.805Z,
SANDUSDT,2,2,2026-10-08T12:04:50.931Z,2026-10-08T20:00:00.000Z,,,2026-10-08T01:00:00.000Z,2026-10-04T06:00:00.000Z,MOMENTUM,0.4128609221853875,0.07664,2026-10-08T01:00:00.000Z,3,EXACT,NOT_DUE,NOT_DUE,NOT_DUE,,,false,,PENDING,2026-10-08T21:55:05.805Z,
NMRUSDT,2,2,2026-10-08T12:04:50.931Z,2026-10-08T20:00:00.000Z,,2026-10-08T05:00:00.000Z,2026-10-08T11:00:00.000Z,2026-10-07T11:00:00.000Z,MOMENTUM,0.6088471794538656,16.34,2026-10-08T05:00:00.000Z,2,EXACT,NOT_DUE,NOT_DUE,NOT_DUE,,,false,,PENDING,2026-10-08T21:55:05.805Z,
DOTUSDT,2,2,2026-10-08T12:04:50.931Z,2026-10-08T20:00:00.000Z,,,2026-10-08T15:00:00.000Z,2026-10-07T02:00:00.000Z,MOMENTUM,0.3727067570308707,1.126,2026-10-08T15:00:00.000Z,2,EXACT,NOT_DUE,NOT_DUE,NOT_DUE,,,false,,PENDING,2026-10-08T21:55:05.805Z,
SUSHIUSDT,2,2,2026-10-08T12:08:07.258Z,2026-10-08T20:00:00.000Z,,,2026-10-08T15:00:00.000Z,2026-10-07T01:00:00.000Z,MOMENTUM,0.37642860635248515,0.244,2026-10-08T15:00:00.000Z,2,EXACT,NOT_DUE,NOT_DUE,NOT_DUE,,,false,,PENDING,2026-10-08T21:55:05.805Z,
SUNUSDT,2,2,2026-10-08T12:08:07.258Z,2026-10-08T20:00:00.000Z,,,2026-10-08T12:00:00.000Z,2026-09-29T16:00:00.000Z,MOMENTUM,0.354552254480417,0.01703,2026-09-29T16:00:00.000Z,1,EXACT,NOT_DUE,NOT_DUE,NOT_DUE,,,false,,NONE,2026-10-08T21:55:05.805Z,
AAVEUSDT,2,2,2026-10-08T12:08:07.258Z,2026-10-08T20:00:00.000Z,,,2026-10-08T15:00:00.000Z,2026-10-08T15:00:00.000Z,MOMENTUM,0.43067280740196306,164.99,2026-10-08T15:00:00.000Z,1,EXACT,NOT_DUE,NOT_DUE,NOT_DUE,,,false,,PENDING,2026-10-08T21:55:05.805Z,
NEARUSDT,2,2,2026-10-08T12:09:52.125Z,2026-10-08T20:00:00.000Z,,,2026-10-08T19:00:00.000Z,2026-10-08T19:00:00.000Z,MOMENTUM,0.4398413651256447,4.576,2026-10-08T19:00:00.000Z,1,EXACT,NOT_DUE,NOT_DUE,NOT_DUE,,,false,,PENDING,2026-10-08T21:55:05.805Z,
FILUSDT,2,2,2026-10-08T12:09:52.125Z,2026-10-08T20:00:00.000Z,,,2026-10-08T15:00:00.000Z,2026-10-06T18:00:00.000Z,MOMENTUM,0.440032078402421,1.1595,2026-10-08T15:00:00.000Z,2,EXACT,NOT_DUE,NOT_DUE,NOT_DUE,,,false,,PENDING,2026-10-08T21:55:05.805Z,
INJUSDT,2,2,2026-10-08T12:09:52.125Z,2026-10-08T20:00:00.000Z,,,2026-10-08T15:00:00.000Z,2026-10-07T11:00:00.000Z,MOMENTUM,0.35085271215351876,7.314,2026-10-08T15:00:00.000Z,2,EXACT,NOT_DUE,NOT_DUE,NOT_DUE,,,false,,PENDING,2026-10-08T21:55:05.805Z,
STRAXUSDT,2,2,2026-10-08T12:11:30.072Z,2026-10-08T20:00:00.000Z,,,2026-10-08T15:00:00.000Z,2026-10-07T02:00:00.000Z,MOMENTUM,0.3814310917752712,0.01096,2026-10-08T15:00:00.000Z,2,EXACT,NOT_DUE,NOT_DUE,NOT_DUE,,,false,,PENDING,2026-10-08T21:55:05.805Z,
AVAUSDT,2,2,2026-10-08T12:11:30.072Z,2026-10-08T20:00:00.000Z,,2026-09-18T16:00:00.000Z,2026-10-07T08:00:00.000Z,2026-10-07T08:00:00.000Z,MOMENTUM,0.35670582916046606,0.2255,2026-10-07T08:00:00.000Z,1,EXACT,NOT_DUE,NOT_DUE,NOT_DUE,,,false,,PENDING,2026-10-08T21:55:05.805Z,
SKLUSDT,2,2,2026-10-08T12:11:30.072Z,2026-10-08T20:00:00.000Z,,,2026-10-08T13:00:00.000Z,2026-10-07T04:00:00.000Z,MOMENTUM,0.35602207458428664,0.00451,2026-10-07T04:00:00.000Z,1,EXACT,NOT_DUE,NOT_DUE,NOT_DUE,,,false,,PENDING,2026-10-08T21:55:05.805Z,
GRTUSDT,2,2,2026-10-08T12:13:04.577Z,2026-10-08T20:00:00.000Z,,,2026-10-08T15:00:00.000Z,2026-10-07T04:00:00.000Z,MOMENTUM,0.36627435933634656,0.0276,2026-10-08T15:00:00.000Z,2,EXACT,NOT_DUE,NOT_DUE,NOT_DUE,,,false,,PENDING,2026-10-08T21:55:05.805Z,
PSGUSDT,2,2,2026-10-08T12:13:04.577Z,2026-10-08T20:00:00.000Z,,,2026-10-08T12:00:00.000Z,2026-10-05T14:00:00.000Z,MOMENTUM,0.3660009840940296,0.458,2026-10-08T12:00:00.000Z,3,EXACT,NOT_DUE,NOT_DUE,NOT_DUE,,,false,,PENDING,2026-10-08T21:55:05.805Z,
1INCHUSDT,2,2,2026-10-08T12:13:04.577Z,2026-10-08T20:00:00.000Z,,,2026-10-08T15:00:00.000Z,2026-10-07T02:00:00.000Z,MOMENTUM,0.37161190387771637,0.0995,2026-10-08T15:00:00.000Z,2,EXACT,NOT_DUE,NOT_DUE,NOT_DUE,,,false,,PENDING,2026-10-08T21:55:05.805Z,
OGUSDT,2,2,2026-10-08T12:14:37.643Z,2026-10-08T20:00:00.000Z,,,2026-10-08T15:00:00.000Z,2026-10-07T02:00:00.000Z,MOMENTUM,0.36779038153209276,2.782,2026-10-08T15:00:00.000Z,2,EXACT,NOT_DUE,NOT_DUE,NOT_DUE,,,false,,PENDING,2026-10-08T21:55:05.805Z,
CELOUSDT,2,2,2026-10-08T12:14:37.643Z,2026-10-08T20:00:00.000Z,,,2026-10-08T15:00:00.000Z,2026-10-07T09:00:00.000Z,MOMENTUM,0.35969793553153995,0.09539,2026-10-08T15:00:00.000Z,2,EXACT,NOT_DUE,NOT_DUE,NOT_DUE,,,false,,PENDING,2026-10-08T21:55:05.805Z,
RIFUSDT,2,2,2026-10-08T12:14:37.643Z,2026-10-08T20:00:00.000Z,,,2026-10-08T15:00:00.000Z,2026-10-08T15:00:00.000Z,MOMENTUM,0.46426714971328253,0.0799,2026-10-08T15:00:00.000Z,1,EXACT,NOT_DUE,NOT_DUE,NOT_DUE,,,false,,PENDING,2026-10-08T21:55:05.805Z,
BTCUSDT,0,4,2026-10-08T12:16:08.877Z,2026-10-08T21:00:00.000Z,,,2026-10-08T15:00:00.000Z,2026-10-08T15:00:00.000Z,MOMENTUM,0.37436552161810926,81037.99000000,2026-10-08T15:00:00.000Z,1,EXACT,NOT_DUE,NOT_DUE,NOT_DUE,,,false,,PENDING,2026-10-08T22:04:24.787Z,
NEOUSDT,0,4,2026-10-08T12:16:09.447Z,2026-10-08T21:00:00.000Z,,,2026-10-08T15:00:00.000Z,2026-10-07T02:00:00.000Z,MOMENTUM,0.35657661760807297,2.399,2026-10-08T15:00:00.000Z,2,EXACT,NOT_DUE,NOT_DUE,NOT_DUE,,,false,,PENDING,2026-10-08T22:04:24.787Z,
LTCUSDT,1,3,2026-10-08T12:16:09.735Z,2026-10-08T20:00:00.000Z,,,2026-10-08T16:00:00.000Z,2026-10-08T16:00:00.000Z,MOMENTUM,0.41839481539562556,62.14,2026-10-08T16:00:00.000Z,1,EXACT,NOT_DUE,NOT_DUE,NOT_DUE,,,false,,PENDING,2026-10-08T21:55:05.805Z,
XRPUSDT,0,4,2026-10-08T12:16:09.997Z,2026-10-08T21:00:00.000Z,,,2026-10-08T15:00:00.000Z,2026-10-07T13:00:00.000Z,MOMENTUM,0.38165224874036213,1.4337,2026-10-08T15:00:00.000Z,2,EXACT,NOT_DUE,NOT_DUE,NOT_DUE,,,false,,PENDING,2026-10-08T22:05:10.357Z,
IOTAUSDT,0,4,2026-10-08T12:16:10.302Z,2026-10-08T21:00:00.000Z,,,2026-10-08T05:00:00.000Z,2026-10-05T05:00:00.000Z,MOMENTUM,0.4101679028704987,0.0589,2026-10-07T04:00:00.000Z,2,EXACT,NOT_DUE,NOT_DUE,NOT_DUE,,,false,,PENDING,2026-10-08T22:05:10.357Z,
TWTUSDT,2,2,2026-10-08T12:16:00.326Z,2026-10-08T20:00:00.000Z,,,2026-10-08T11:00:00.000Z,2026-10-07T11:00:00.000Z,MOMENTUM,0.38960868454945635,0.543,2026-10-07T11:00:00.000Z,1,EXACT,NOT_DUE,NOT_DUE,NOT_DUE,,,false,,PENDING,2026-10-08T21:55:05.805Z,
DODOUSDT,2,2,2026-10-08T12:16:00.326Z,2026-10-08T20:00:00.000Z,,,2026-10-08T16:00:00.000Z,2026-10-07T05:00:00.000Z,MOMENTUM,0.3555838292087913,0.01824,2026-10-07T05:00:00.000Z,1,EXACT,NOT_DUE,NOT_DUE,NOT_DUE,,,false,,PENDING,2026-10-08T21:55:05.805Z,
CAKEUSDT,2,2,2026-10-08T12:16:00.326Z,2026-10-08T20:00:00.000Z,,,2026-10-08T15:00:00.000Z,2026-10-06T20:00:00.000Z,MOMENTUM,0.40111591138632713,2.385,2026-10-08T15:00:00.000Z,2,EXACT,NOT_DUE,NOT_DUE,NOT_DUE,,,false,,PENDING,2026-10-08T21:55:05.805Z,
LINKUSDT,1,3,2026-10-08T12:19:39.721Z,2026-10-08T20:00:00.000Z,,,2026-10-08T15:00:00.000Z,2026-10-08T15:00:00.000Z,MOMENTUM,0.5400928877138025,12.362,2026-10-08T15:00:00.000Z,1,EXACT,NOT_DUE,NOT_DUE,NOT_DUE,,,false,,PENDING,2026-10-08T21:55:05.805Z,
HOTUSDT,0,4,2026-10-08T12:19:39.999Z,2026-10-08T21:00:00.000Z,,,2026-10-08T03:00:00.000Z,2026-10-07T02:00:00.000Z,MOMENTUM,0.39138382565119545,0.000433,2026-10-07T02:00:00.000Z,1,EXACT,NOT_DUE,NOT_DUE,NOT_DUE,,,false,,PENDING,2026-10-08T22:08:55.725Z,
ZILUSDT,1,3,2026-10-08T12:19:40.272Z,2026-10-08T20:00:00.000Z,,,2026-10-08T15:00:00.000Z,2026-10-07T04:00:00.000Z,MOMENTUM,0.3519560987825914,0.003356,2026-10-08T15:00:00.000Z,2,EXACT,NOT_DUE,NOT_DUE,NOT_DUE,,,false,,PENDING,2026-10-08T21:55:05.805Z,
ZRXUSDT,1,3,2026-10-08T12:19:40.535Z,2026-10-08T20:00:00.000Z,,,2026-10-08T15:00:00.000Z,2026-10-07T11:00:00.000Z,MOMENTUM,0.4021015341508376,0.1184,2026-10-08T15:00:00.000Z,2,EXACT,NOT_DUE,NOT_DUE,NOT_DUE,,,false,,PENDING,2026-10-08T21:55:05.805Z,
FETUSDT,0,4,2026-10-08T12:19:40.806Z,2026-10-08T21:00:00.000Z,,,2026-10-08T15:00:00.000Z,2026-10-02T18:00:00.000Z,MOMENTUM,0.37100361452769975,0.2184,2026-10-08T15:00:00.000Z,4,EXACT,NOT_DUE,NOT_DUE,NOT_DUE,,,false,,PENDING,2026-10-08T22:08:56.420Z,
XLMUSDT,0,4,2026-10-08T12:20:00.815Z,2026-10-08T21:00:00.000Z,,,2026-10-08T15:00:00.000Z,2026-10-05T16:00:00.000Z,MOMENTUM,0.37297268557033697,0.2114,2026-10-08T15:00:00.000Z,3,EXACT,NOT_DUE,NOT_DUE,NOT_DUE,,,false,,PENDING,2026-10-08T22:08:57.059Z,
ONTUSDT,0,3,2026-10-08T12:20:01.079Z,2026-10-08T20:00:00.000Z,,,2026-10-08T19:00:00.000Z,2026-10-07T04:00:00.000Z,MOMENTUM,0.37375109917252775,0.05752,2026-10-07T04:00:00.000Z,1,EXACT,NOT_DUE,NOT_DUE,NOT_DUE,,,false,,PENDING,2026-10-08T21:55:05.805Z,
TRXUSDT,1,3,2026-10-08T12:20:01.289Z,2026-10-08T20:00:00.000Z,,,2026-10-07T23:00:00.000Z,2026-10-01T10:00:00.000Z,MOMENTUM,0.362447863451687,0.3329,2026-10-01T10:00:00.000Z,1,EXACT,NOT_DUE,NOT_DUE,NOT_DUE,,,false,,NONE,2026-10-08T21:55:05.805Z,
ETCUSDT,0,3,2026-10-08T12:20:01.546Z,2026-10-08T20:00:00.000Z,,,2026-10-08T15:00:00.000Z,2026-10-07T14:00:00.000Z,MOMENTUM,0.3643625123015887,8.3,2026-10-08T15:00:00.000Z,2,EXACT,NOT_DUE,NOT_DUE,NOT_DUE,,,false,,PENDING,2026-10-08T21:55:05.805Z,
VETUSDT,1,3,2026-10-08T12:20:01.806Z,2026-10-08T20:00:00.000Z,,,2026-10-08T03:00:00.000Z,2026-10-07T02:00:00.000Z,MOMENTUM,0.35056330284433074,0.008255,2026-10-07T02:00:00.000Z,1,EXACT,NOT_DUE,NOT_DUE,NOT_DUE,,,false,,PENDING,2026-10-08T21:55:05.805Z,
BATUSDT,1,3,2026-10-08T12:20:30.826Z,2026-10-08T20:00:00.000Z,,,2026-10-08T16:00:00.000Z,2026-10-07T11:00:00.000Z,MOMENTUM,0.39902511868493956,0.099,2026-10-08T16:00:00.000Z,2,EXACT,NOT_DUE,NOT_DUE,NOT_DUE,,,false,,PENDING,2026-10-08T21:55:05.805Z,
ZECUSDT,0,3,2026-10-08T12:20:31.094Z,2026-10-08T20:00:00.000Z,,,2026-10-08T04:00:00.000Z,2026-10-08T04:00:00.000Z,MOMENTUM,0.37433369713078635,1241.83,2026-10-08T04:00:00.000Z,1,EXACT,NOT_DUE,NOT_DUE,NOT_DUE,,,false,,PENDING,2026-10-08T21:55:05.805Z,
IOSTUSDT,0,3,2026-10-08T12:20:31.340Z,2026-10-08T20:00:00.000Z,,2026-09-16T21:00:00.000Z,2026-10-08T15:00:00.000Z,2026-10-07T01:00:00.000Z,MOMENTUM,0.3933803838890885,0.000825,2026-10-08T15:00:00.000Z,2,EXACT,NOT_DUE,NOT_DUE,NOT_DUE,,,false,,PENDING,2026-10-08T21:55:05.805Z,
THETAUSDT,1,3,2026-10-08T12:20:31.598Z,2026-10-08T20:00:00.000Z,,,2026-10-08T15:00:00.000Z,2026-10-07T11:00:00.000Z,MOMENTUM,0.3559597784865927,0.2167,2026-10-08T15:00:00.000Z,2,EXACT,NOT_DUE,NOT_DUE,NOT_DUE,,,false,,PENDING,2026-10-08T21:55:05.805Z,
ENJUSDT,1,3,2026-10-08T12:20:31.844Z,2026-10-08T20:00:00.000Z,,,2026-10-08T16:00:00.000Z,2026-10-03T07:00:00.000Z,MOMENTUM,0.6748805420969102,0.03477,2026-10-08T16:00:00.000Z,3,EXACT,NOT_DUE,NOT_DUE,NOT_DUE,,,false,,PENDING,2026-10-08T21:55:05.805Z,
ATOMUSDT,1,3,2026-10-08T12:21:03.826Z,2026-10-08T20:00:00.000Z,,,2026-10-02T18:00:00.000Z,2026-10-02T18:00:00.000Z,MOMENTUM,0.3758583148306854,1.633,2026-10-02T18:00:00.000Z,1,EXACT,NOT_DUE,NOT_DUE,NOT_DUE,,,false,,NONE,2026-10-08T21:55:05.805Z,
ONEUSDT,0,3,2026-10-08T12:21:04.107Z,2026-10-08T20:00:00.000Z,,2026-09-28T20:00:00.000Z,2026-10-08T15:00:00.000Z,2026-10-08T15:00:00.000Z,MOMENTUM,0.3772223273234867,0.00205,2026-10-08T15:00:00.000Z,1,EXACT,NOT_DUE,NOT_DUE,NOT_DUE,,,false,,PENDING,2026-10-08T21:55:05.805Z,
DOGEUSDT,1,3,2026-10-08T12:21:04.334Z,2026-10-08T20:00:00.000Z,,,2026-10-08T15:00:00.000Z,2026-10-07T04:00:00.000Z,MOMENTUM,0.366812857077588,0.08977,2026-10-08T15:00:00.000Z,2,EXACT,NOT_DUE,NOT_DUE,NOT_DUE,,,false,,PENDING,2026-10-08T21:55:05.805Z,
DUSKUSDT,1,3,2026-10-08T12:21:04.611Z,2026-10-08T20:00:00.000Z,,,2026-10-08T15:00:00.000Z,2026-10-07T04:00:00.000Z,MOMENTUM,0.35557603073418803,0.0798,2026-10-08T15:00:00.000Z,2,EXACT,NOT_DUE,NOT_DUE,NOT_DUE,,,false,,PENDING,2026-10-08T21:55:05.805Z,
WINUSDT,0,3,2026-10-08T12:21:04.859Z,2026-10-08T20:00:00.000Z,,,2026-10-08T13:00:00.000Z,2026-10-02T02:00:00.000Z,MOMENTUM,0.5421129467140927,4.701e-05,2026-10-02T02:00:00.000Z,1,EXACT,NOT_DUE,NOT_DUE,NOT_DUE,,,false,,NONE,2026-10-08T21:55:05.805Z,
CVCUSDT,0,3,2026-10-08T12:21:48.462Z,2026-10-08T20:00:00.000Z,,2026-09-16T17:00:00.000Z,2026-10-08T05:00:00.000Z,2026-10-07T04:00:00.000Z,MOMENTUM,0.47544216617912494,0.0288,2026-10-07T04:00:00.000Z,1,EXACT,NOT_DUE,NOT_DUE,NOT_DUE,,,false,,PENDING,2026-10-08T21:55:05.805Z,
CHZUSDT,0,3,2026-10-08T12:21:48.730Z,2026-10-08T20:00:00.000Z,,,2026-10-08T15:00:00.000Z,2026-10-07T04:00:00.000Z,MOMENTUM,0.4007786223496123,0.01578,2026-10-08T15:00:00.000Z,2,EXACT,NOT_DUE,NOT_DUE,NOT_DUE,,,false,,PENDING,2026-10-08T21:55:05.805Z,
BANDUSDT,0,3,2026-10-08T12:21:48.971Z,2026-10-08T20:00:00.000Z,,,2026-10-08T16:00:00.000Z,2026-10-07T05:00:00.000Z,MOMENTUM,0.4445848983649563,0.2304,2026-10-08T16:00:00.000Z,2,EXACT,NOT_DUE,NOT_DUE,NOT_DUE,,,false,,PENDING,2026-10-08T21:55:05.805Z,
XTZUSDT,0,3,2026-10-08T12:21:49.210Z,2026-10-08T20:00:00.000Z,,,2026-10-08T15:00:00.000Z,2026-10-07T12:00:00.000Z,MOMENTUM,0.3671185542759173,0.3074,2026-10-08T15:00:00.000Z,2,EXACT,NOT_DUE,NOT_DUE,NOT_DUE,,,false,,PENDING,2026-10-08T21:55:05.805Z,
ARPAUSDT,0,2,2026-10-08T12:21:49.445Z,2026-10-08T20:00:00.000Z,,,2026-10-08T16:00:00.000Z,2026-10-07T11:00:00.000Z,MOMENTUM,0.412451286183382,0.01097,2026-10-07T11:00:00.000Z,1,EXACT,NOT_DUE,NOT_DUE,NOT_DUE,,,false,,PENDING,2026-10-08T21:55:05.805Z,
BCHUSDT,0,2,2026-10-08T12:22:17.777Z,2026-10-08T20:00:00.000Z,,,2026-10-08T15:00:00.000Z,2026-10-08T15:00:00.000Z,MOMENTUM,0.5096701289903821,281.3,2026-10-08T15:00:00.000Z,1,EXACT,NOT_DUE,NOT_DUE,NOT_DUE,,,false,,PENDING,2026-10-08T21:55:05.805Z,
FTTUSDT,0,2,2026-10-08T12:22:18.160Z,2026-10-08T20:00:00.000Z,,2026-09-22T05:00:00.000Z,2026-10-08T04:00:00.000Z,2026-10-07T04:00:00.000Z,MOMENTUM,0.3520620111734842,0.246,2026-10-07T04:00:00.000Z,1,EXACT,NOT_DUE,NOT_DUE,NOT_DUE,,,false,,PENDING,2026-10-08T21:55:05.805Z,
SOLUSDT,0,2,2026-10-08T12:22:18.481Z,2026-10-08T20:00:00.000Z,,,2026-10-08T15:00:00.000Z,2026-10-07T14:00:00.000Z,MOMENTUM,0.3594018476987541,115.87,2026-10-08T15:00:00.000Z,2,EXACT,NOT_DUE,NOT_DUE,NOT_DUE,,,false,,PENDING,2026-10-08T21:55:05.805Z,
CTSIUSDT,0,2,2026-10-08T12:22:18.840Z,2026-10-08T20:00:00.000Z,,,2026-10-08T10:00:00.000Z,2026-09-20T20:00:00.000Z,MOMENTUM,0.5580280897190009,0.02924,2026-09-20T20:00:00.000Z,1,EXACT,NOT_DUE,NOT_DUE,NOT_DUE,,,false,,NONE,2026-10-08T21:55:05.805Z,
CHRUSDT,1,3,2026-10-08T12:22:19.189Z,2026-10-08T20:00:00.000Z,,,2026-10-08T15:00:00.000Z,2026-10-06T02:00:00.000Z,MOMENTUM,0.392654864879055,0.0216,2026-10-08T15:00:00.000Z,2,EXACT,NOT_DUE,NOT_DUE,NOT_DUE,,,false,,PENDING,2026-10-08T21:55:05.805Z,
KNCUSDT,0,2,2026-10-08T12:22:47.185Z,2026-10-08T20:00:00.000Z,,,2026-10-08T15:00:00.000Z,2026-10-07T12:00:00.000Z,MOMENTUM,0.3511433167057336,0.1353,2026-10-08T15:00:00.000Z,2,EXACT,NOT_DUE,NOT_DUE,NOT_DUE,,,false,,PENDING,2026-10-08T21:55:05.805Z,
DGBUSDT,0,2,2026-10-08T12:22:47.477Z,2026-10-08T20:00:00.000Z,,2026-09-15T16:00:00.000Z,2026-10-08T15:00:00.000Z,2026-10-08T15:00:00.000Z,MOMENTUM,0.4717214196556803,0.00376,2026-10-08T15:00:00.000Z,1,EXACT,NOT_DUE,NOT_DUE,NOT_DUE,,,false,,PENDING,2026-10-08T21:55:05.805Z,
DCRUSDT,0,2,2026-10-08T12:22:47.718Z,2026-10-08T20:00:00.000Z,,,2026-10-08T15:00:00.000Z,2026-10-07T01:00:00.000Z,MOMENTUM,0.3859344345289011,17.81,2026-10-08T15:00:00.000Z,2,EXACT,NOT_DUE,NOT_DUE,NOT_DUE,,,false,,PENDING,2026-10-08T21:55:05.805Z,
YFIUSDT,0,2,2026-10-08T12:22:47.975Z,2026-10-08T20:00:00.000Z,,,2026-10-08T15:00:00.000Z,2026-10-04T03:00:00.000Z,MOMENTUM,0.37738413841896706,2676,2026-10-08T15:00:00.000Z,3,EXACT,NOT_DUE,NOT_DUE,NOT_DUE,,,false,,PENDING,2026-10-08T21:55:05.805Z,
JSTUSDT,0,2,2026-10-08T12:22:48.215Z,2026-10-08T20:00:00.000Z,,,2026-10-03T03:00:00.000Z,2026-09-20T20:00:00.000Z,MOMENTUM,0.3500909487011796,0.11347,2026-09-20T20:00:00.000Z,1,EXACT,NOT_DUE,NOT_DUE,NOT_DUE,,,false,,NONE,2026-10-08T21:55:05.805Z,
CRVUSDT,0,2,2026-10-08T12:23:32.090Z,2026-10-08T20:00:00.000Z,,,2026-10-08T02:00:00.000Z,2026-09-28T07:00:00.000Z,MOMENTUM,0.3683829122728803,0.3254,2026-10-01T08:00:00.000Z,3,EXACT,NOT_DUE,NOT_DUE,NOT_DUE,,,false,,NONE,2026-10-08T21:55:05.805Z,
LUNAUSDT,0,2,2026-10-08T12:23:32.378Z,2026-10-08T20:00:00.000Z,,,2026-10-08T15:00:00.000Z,2026-10-07T01:00:00.000Z,MOMENTUM,0.3510053685179565,0.0496,2026-10-08T15:00:00.000Z,2,EXACT,NOT_DUE,NOT_DUE,NOT_DUE,,,false,,PENDING,2026-10-08T21:55:05.805Z,
RSRUSDT,0,2,2026-10-08T12:23:32.749Z,2026-10-08T20:00:00.000Z,,,2026-10-08T15:00:00.000Z,2026-10-07T11:00:00.000Z,MOMENTUM,0.403683895557036,0.001622,2026-10-08T15:00:00.000Z,2,EXACT,NOT_DUE,NOT_DUE,NOT_DUE,,,false,,PENDING,2026-10-08T21:55:05.805Z,
PAXGUSDT,0,2,2026-10-08T12:23:33.054Z,2026-10-08T20:00:00.000Z,,,2026-10-07T21:00:00.000Z,2026-09-23T13:00:00.000Z,MOMENTUM,0.3617614510928786,4287.51,2026-09-23T13:00:00.000Z,1,EXACT,NOT_DUE,NOT_DUE,NOT_DUE,,,false,,NONE,2026-10-08T21:55:05.805Z,
TRBUSDT,0,2,2026-10-08T12:23:33.398Z,2026-10-08T20:00:00.000Z,,,2026-10-08T15:00:00.000Z,2026-10-07T12:00:00.000Z,MOMENTUM,0.40082815248554793,20,2026-10-08T15:00:00.000Z,2,EXACT,NOT_DUE,NOT_DUE,NOT_DUE,,,false,,PENDING,2026-10-08T21:55:05.805Z,
KSMUSDT,0,2,2026-10-08T12:24:06.245Z,2026-10-08T20:00:00.000Z,,,2026-10-08T15:00:00.000Z,2026-10-08T15:00:00.000Z,MOMENTUM,0.513097424819467,4.46,2026-10-08T15:00:00.000Z,1,EXACT,NOT_DUE,NOT_DUE,NOT_DUE,,,false,,PENDING,2026-10-08T21:55:05.805Z,
EGLDUSDT,1,3,2026-10-08T12:24:06.705Z,2026-10-08T20:00:00.000Z,,,2026-10-08T15:00:00.000Z,2026-10-08T15:00:00.000Z,MOMENTUM,0.4080444073675649,3.892,2026-10-08T15:00:00.000Z,1,EXACT,NOT_DUE,NOT_DUE,NOT_DUE,,,false,,PENDING,2026-10-08T21:55:05.805Z,
DIAUSDT,1,3,2026-10-08T12:24:07.048Z,2026-10-08T20:00:00.000Z,,,2026-10-08T13:00:00.000Z,2026-10-06T17:00:00.000Z,MOMENTUM,0.5271971352847518,0.1714,2026-10-06T17:00:00.000Z,1,EXACT,NOT_DUE,NOT_DUE,NOT_DUE,,,false,,PENDING,2026-10-08T21:55:05.805Z,
RUNEUSDT,1,3,2026-10-08T12:24:07.351Z,2026-10-08T20:00:00.000Z,,,2026-10-08T15:00:00.000Z,2026-10-07T02:00:00.000Z,MOMENTUM,0.42688614977259387,0.727,2026-10-08T15:00:00.000Z,2,EXACT,NOT_DUE,NOT_DUE,NOT_DUE,,,false,,PENDING,2026-10-08T21:55:05.805Z,
SUIUSDT,0,2,2026-10-08T12:40:55.634Z,2026-10-08T20:00:00.000Z,,,2026-10-08T12:00:00.000Z,2026-09-26T20:00:00.000Z,MOMENTUM,0.3692345796694653,1.1434,2026-10-02T18:00:00.000Z,3,EXACT,NOT_DUE,NOT_DUE,NOT_DUE,,,false,,NONE,2026-10-08T21:55:05.805Z,
UNIUSDT,1,3,2026-10-08T12:40:55.634Z,2026-10-08T20:00:00.000Z,,,2026-10-08T16:00:00.000Z,2026-10-06T16:00:00.000Z,MOMENTUM,0.3685412632008601,8.62,2026-10-08T16:00:00.000Z,2,EXACT,NOT_DUE,NOT_DUE,NOT_DUE,,,false,,PENDING,2026-10-08T21:55:05.805Z,
PUMPUSDT,0,2,2026-10-08T12:40:55.634Z,2026-10-08T20:00:00.000Z,,,2026-10-08T13:00:00.000Z,2026-09-30T13:00:00.000Z,MOMENTUM,0.36231211660390766,0.005666,2026-10-05T18:00:00.000Z,4,EXACT,NOT_DUE,NOT_DUE,NOT_DUE,,,false,,PENDING,2026-10-08T21:55:05.805Z,
AVAXUSDT,0,2,2026-10-08T12:40:55.634Z,2026-10-08T20:00:00.000Z,,,2026-10-08T15:00:00.000Z,2026-10-08T15:00:00.000Z,MOMENTUM,0.4429722716237048,10.001,2026-10-08T15:00:00.000Z,1,EXACT,NOT_DUE,NOT_DUE,NOT_DUE,,,false,,PENDING,2026-10-08T21:55:05.805Z,
METUSDT,1,3,2026-10-08T12:40:55.634Z,2026-10-08T20:00:00.000Z,,,2026-10-08T15:00:00.000Z,2026-10-08T15:00:00.000Z,MOMENTUM,0.674774058484876,0.4329,2026-10-08T15:00:00.000Z,1,EXACT,NOT_DUE,NOT_DUE,NOT_DUE,,,false,,PENDING,2026-10-08T21:55:05.805Z,
ENAUSDT,1,3,2026-10-08T12:40:55.634Z,2026-10-08T20:00:00.000Z,,,2026-10-08T05:00:00.000Z,2026-10-07T02:00:00.000Z,MOMENTUM,0.3858641772979409,0.2257,2026-10-08T05:00:00.000Z,2,EXACT,NOT_DUE,NOT_DUE,NOT_DUE,,,false,,PENDING,2026-10-08T21:55:05.805Z,
WLDUSDT,2,2,2026-10-08T12:40:55.634Z,2026-10-08T20:00:00.000Z,,,2026-10-08T15:00:00.000Z,2026-10-07T02:00:00.000Z,MOMENTUM,0.4008681445344728,0.5249,2026-10-08T15:00:00.000Z,2,EXACT,NOT_DUE,NOT_DUE,NOT_DUE,,,false,,PENDING,2026-10-08T21:55:05.805Z,
QNTUSDT,2,2,2026-10-08T12:40:55.634Z,2026-10-08T20:00:00.000Z,,2026-10-01T15:00:00.000Z,2026-10-08T15:00:00.000Z,2026-10-07T13:00:00.000Z,MOMENTUM,0.3658954212598099,240.21,2026-10-08T15:00:00.000Z,2,EXACT,NOT_DUE,NOT_DUE,NOT_DUE,,,false,,PENDING,2026-10-08T21:55:05.805Z,
XAUTUSDT,0,2,2026-10-08T12:40:55.634Z,2026-10-08T20:00:00.000Z,,,2026-10-08T05:00:00.000Z,2026-09-23T13:00:00.000Z,MOMENTUM,0.3784423186525478,4288.14,2026-09-23T13:00:00.000Z,1,EXACT,NOT_DUE,NOT_DUE,NOT_DUE,,,false,,NONE,2026-10-08T21:55:05.805Z,
TAOUSDT,2,2,2026-10-08T12:40:55.634Z,2026-10-08T20:00:00.000Z,,,2026-10-08T12:00:00.000Z,2026-10-02T18:00:00.000Z,MOMENTUM,0.38971979635129556,288,2026-10-02T18:00:00.000Z,1,EXACT,NOT_DUE,NOT_DUE,NOT_DUE,,,false,,NONE,2026-10-08T21:55:05.805Z,
UUSDT,0,2,2026-10-08T12:40:55.634Z,2026-10-08T20:00:00.000Z,,,2026-10-08T07:00:00.000Z,,,,,,0,,NOT_DUE,NOT_DUE,NOT_DUE,,,false,,NONE,2026-10-08T21:55:05.805Z,
RAYUSDT,1,3,2026-10-08T12:40:55.634Z,2026-10-08T20:00:00.000Z,,2026-09-15T16:00:00.000Z,2026-10-08T18:00:00.000Z,2026-10-06T18:00:00.000Z,MOMENTUM,0.3599548439744575,2.2105,2026-10-08T18:00:00.000Z,2,EXACT,NOT_DUE,NOT_DUE,NOT_DUE,,,false,,PENDING,2026-10-08T21:55:05.805Z,
ONDOUSDT,0,2,2026-10-08T12:40:55.634Z,2026-10-08T20:00:00.000Z,,,2026-10-08T15:00:00.000Z,2026-10-08T15:00:00.000Z,MOMENTUM,0.4751211675295531,0.4424,2026-10-08T15:00:00.000Z,1,EXACT,NOT_DUE,NOT_DUE,NOT_DUE,,,false,,PENDING,2026-10-08T21:55:05.805Z,
PEPEUSDT,0,2,2026-10-08T12:40:55.634Z,2026-10-08T20:00:00.000Z,,,2026-10-08T15:00:00.000Z,2026-10-07T14:00:00.000Z,MOMENTUM,0.4129748000919892,0.00000402,2026-10-08T15:00:00.000Z,2,EXACT,NOT_DUE,NOT_DUE,NOT_DUE,,,false,,PENDING,2026-10-08T21:55:05.805Z,
ORCAUSDT,1,3,2026-10-08T12:40:55.634Z,2026-10-08T20:00:00.000Z,,2026-10-08T16:00:00.000Z,2026-10-08T18:00:00.000Z,2026-10-05T18:00:00.000Z,MOMENTUM,0.5452144163211646,2.097,2026-10-08T18:00:00.000Z,4,EXACT,NOT_DUE,NOT_DUE,NOT_DUE,,,false,,PENDING,2026-10-08T21:55:05.805Z,
STRKUSDT,2,2,2026-10-08T12:40:55.634Z,2026-10-08T20:00:00.000Z,,,2026-10-08T11:00:00.000Z,2026-10-04T15:00:00.000Z,MOMENTUM,0.652941922843954,0.0574,2026-10-07T11:00:00.000Z,3,EXACT,NOT_DUE,NOT_DUE,NOT_DUE,,,false,,PENDING,2026-10-08T21:55:05.805Z,
ZROUSDT,1,3,2026-10-08T12:40:55.634Z,2026-10-08T20:00:00.000Z,,,2026-10-08T01:00:00.000Z,2026-09-19T03:00:00.000Z,MOMENTUM,0.44480096393135793,1.148,2026-10-07T01:00:00.000Z,8,EXACT,NOT_DUE,NOT_DUE,NOT_DUE,,,false,,PENDING,2026-10-08T21:55:05.805Z,
PROMUSDT,2,3,2026-10-08T12:40:55.634Z,2026-10-08T20:00:00.000Z,,2026-10-08T09:00:00.000Z,2026-10-07T15:00:00.000Z,2026-10-06T15:00:00.000Z,BASE,0.6740341004277426,5.04,2026-10-08T09:00:00.000Z,3,EXACT,MFE_GT_5,MFE_GT_5,MFE_GT_5,,,false,,NONE,2026-10-08T21:55:05.805Z,
WUSDT,2,2,2026-10-08T12:40:55.634Z,2026-10-08T20:00:00.000Z,,,2026-10-07T21:00:00.000Z,2026-09-28T07:00:00.000Z,MOMENTUM,0.6039233860790217,0.0141,2026-09-30T18:00:00.000Z,2,EXACT,NOT_DUE,NOT_DUE,NOT_DUE,,,false,,NONE,2026-10-08T21:55:05.805Z,
HEMIUSDT,2,2,2026-10-08T12:40:55.634Z,2026-10-08T20:00:00.000Z,,2026-09-14T20:00:00.000Z,2026-10-08T19:00:00.000Z,2026-10-08T19:00:00.000Z,MOMENTUM,0.39793810260587664,0.00577,2026-10-08T19:00:00.000Z,1,EXACT,NOT_DUE,NOT_DUE,NOT_DUE,,,false,,PENDING,2026-10-08T21:55:05.805Z,
PENGUUSDT,1,3,2026-10-08T12:40:55.634Z,2026-10-08T20:00:00.000Z,,,2026-10-08T15:00:00.000Z,2026-10-07T09:00:00.000Z,MOMENTUM,0.3747494692543544,0.00872,2026-10-08T15:00:00.000Z,2,EXACT,NOT_DUE,NOT_DUE,NOT_DUE,,,false,,PENDING,2026-10-08T21:55:05.805Z,
ARBUSDT,2,2,2026-10-08T12:40:55.634Z,2026-10-08T20:00:00.000Z,,,2026-10-08T16:00:00.000Z,2026-10-07T02:00:00.000Z,MOMENTUM,0.37559398986894643,0.1852,2026-10-08T16:00:00.000Z,2,EXACT,NOT_DUE,NOT_DUE,NOT_DUE,,,false,,PENDING,2026-10-08T21:55:05.805Z,
TRUMPUSDT,2,2,2026-10-08T12:40:55.634Z,2026-10-08T20:00:00.000Z,,,2026-10-08T17:00:00.000Z,2026-10-07T01:00:00.000Z,MOMENTUM,0.40227647861241134,1.951,2026-10-08T17:00:00.000Z,2,EXACT,NOT_DUE,NOT_DUE,NOT_DUE,,,false,,PENDING,2026-10-08T21:55:05.805Z,
MINAUSDT,1,3,2026-10-08T12:40:55.634Z,2026-10-08T20:00:00.000Z,,2026-10-08T18:00:00.000Z,2026-10-08T08:00:00.000Z,2026-10-03T06:00:00.000Z,MOMENTUM,0.45248802262194554,0.1626,2026-10-08T18:00:00.000Z,5,EXACT,NOT_DUE,NOT_DUE,NOT_DUE,,,false,,PENDING,2026-10-08T21:55:05.805Z,
币安人生USDT,2,2,2026-10-08T12:40:55.634Z,2026-10-08T20:00:00.000Z,,,2026-10-08T12:00:00.000Z,2026-10-06T08:00:00.000Z,MOMENTUM,0.3893476122054207,0.4832,2026-10-06T08:00:00.000Z,1,EXACT,NOT_DUE,NOT_DUE,NOT_DUE,,,false,,PENDING,2026-10-08T21:55:05.805Z,
APTUSDT,0,2,2026-10-08T12:40:55.634Z,2026-10-08T20:00:00.000Z,,,2026-10-08T15:00:00.000Z,2026-10-07T03:00:00.000Z,MOMENTUM,0.3537583115579604,0.7697,2026-10-08T15:00:00.000Z,2,EXACT,NOT_DUE,NOT_DUE,NOT_DUE,,,false,,PENDING,2026-10-08T21:55:05.805Z,
ASTERUSDT,1,3,2026-10-08T12:40:55.634Z,2026-10-08T20:00:00.000Z,,,2026-10-08T15:00:00.000Z,2026-10-07T04:00:00.000Z,MOMENTUM,0.35513736912810123,0.7071,2026-10-08T15:00:00.000Z,2,EXACT,NOT_DUE,NOT_DUE,NOT_DUE,,,false,,PENDING,2026-10-08T21:55:05.805Z,
POLUSDT,0,2,2026-10-08T12:40:55.634Z,2026-10-08T20:00:00.000Z,,,2026-10-08T15:00:00.000Z,2026-10-07T04:00:00.000Z,MOMENTUM,0.3563852068904261,0.10321,2026-10-08T15:00:00.000Z,2,EXACT,NOT_DUE,NOT_DUE,NOT_DUE,,,false,,PENDING,2026-10-08T21:55:05.805Z,
MOVRUSDT,2,2,2026-10-08T12:40:55.634Z,2026-10-08T20:00:00.000Z,,2026-10-06T09:00:00.000Z,2026-10-08T16:00:00.000Z,2026-09-23T19:00:00.000Z,MOMENTUM,0.417973315012725,0.854,2026-10-08T16:00:00.000Z,7,EXACT,NOT_DUE,NOT_DUE,NOT_DUE,,,false,,PENDING,2026-10-08T21:55:05.805Z,
GTCUSDT,2,2,2026-10-08T12:40:55.634Z,2026-10-08T20:00:00.000Z,,2026-10-08T05:00:00.000Z,2026-10-08T17:00:00.000Z,2026-09-19T22:00:00.000Z,MOMENTUM,0.527701335219216,0.08588,2026-10-08T05:00:00.000Z,8,EXACT,NOT_DUE,NOT_DUE,NOT_DUE,,,false,,PENDING,2026-10-08T21:55:05.805Z,
JTOUSDT,2,2,2026-10-08T12:40:55.634Z,2026-10-08T20:00:00.000Z,,,2026-10-08T02:00:00.000Z,2026-10-07T02:00:00.000Z,MOMENTUM,0.37130373223023483,0.5279,2026-10-07T02:00:00.000Z,1,EXACT,NOT_DUE,NOT_DUE,NOT_DUE,,,false,,PENDING,2026-10-08T21:55:05.805Z,
TIAUSDT,2,2,2026-10-08T12:40:55.634Z,2026-10-08T20:00:00.000Z,,,2026-10-08T09:00:00.000Z,2026-09-28T05:00:00.000Z,MOMENTUM,0.37338744791711376,0.4742,2026-10-02T20:00:00.000Z,3,EXACT,NOT_DUE,NOT_DUE,NOT_DUE,,,false,,NONE,2026-10-08T21:55:05.805Z,
ERAUSDT,2,2,2026-10-08T12:40:55.634Z,2026-10-08T20:00:00.000Z,,,2026-10-08T06:00:00.000Z,2026-10-01T09:00:00.000Z,MOMENTUM,0.3810833466494428,0.0656,2026-10-07T02:00:00.000Z,4,EXACT,NOT_DUE,NOT_DUE,NOT_DUE,,,false,,PENDING,2026-10-08T21:55:05.805Z,
ACEUSDT,2,2,2026-10-08T12:40:55.634Z,2026-10-08T20:00:00.000Z,,,2026-10-08T07:00:00.000Z,2026-10-07T07:00:00.000Z,MOMENTUM,0.47626900145266093,0.1781,2026-10-07T07:00:00.000Z,1,EXACT,NOT_DUE,NOT_DUE,NOT_DUE,,,false,,PENDING,2026-10-08T21:55:05.805Z,
ICPUSDT,0,2,2026-10-08T12:40:55.634Z,2026-10-08T20:00:00.000Z,,,2026-10-08T15:00:00.000Z,2026-10-07T04:00:00.000Z,MOMENTUM,0.40361224934640333,3.198,2026-10-08T15:00:00.000Z,2,EXACT,NOT_DUE,NOT_DUE,NOT_DUE,,,false,,PENDING,2026-10-08T21:55:05.805Z,
OPUSDT,2,2,2026-10-08T12:40:55.634Z,2026-10-08T20:00:00.000Z,,,2026-10-08T15:00:00.000Z,2026-10-07T02:00:00.000Z,MOMENTUM,0.39053844558691886,0.1233,2026-10-08T15:00:00.000Z,2,EXACT,NOT_DUE,NOT_DUE,NOT_DUE,,,false,,PENDING,2026-10-08T21:55:05.805Z,
ETHFIUSDT,1,3,2026-10-08T12:40:55.634Z,2026-10-08T20:00:00.000Z,,,2026-10-08T15:00:00.000Z,2026-10-07T12:00:00.000Z,MOMENTUM,0.38984620438152034,0.7121,2026-10-08T15:00:00.000Z,2,EXACT,NOT_DUE,NOT_DUE,NOT_DUE,,,false,,PENDING,2026-10-08T21:55:05.805Z,
XPLUSDT,0,2,2026-10-08T12:40:55.634Z,2026-10-08T20:00:00.000Z,,,2026-10-06T21:00:00.000Z,2026-10-06T21:00:00.000Z,MOMENTUM,0.3505198700515725,0.08982,2026-10-06T21:00:00.000Z,1,EXACT,NOT_DUE,NOT_DUE,NOT_DUE,,,false,,PENDING,2026-10-08T21:55:05.805Z,
MUBARAKUSDT,1,3,2026-10-08T12:40:55.634Z,2026-10-08T20:00:00.000Z,,2026-09-26T06:00:00.000Z,2026-10-08T08:00:00.000Z,2026-10-05T02:00:00.000Z,MOMENTUM,0.48211986750151603,0.06951,2026-10-08T08:00:00.000Z,3,EXACT,NOT_DUE,NOT_DUE,NOT_DUE,,,false,,PENDING,2026-10-08T21:55:05.805Z,
GLMRUSDT,2,2,2026-10-08T12:40:55.634Z,2026-10-08T20:00:00.000Z,,2026-09-16T11:00:00.000Z,2026-10-08T08:00:00.000Z,2026-09-26T09:00:00.000Z,MOMENTUM,0.41427737431067313,0.006642,2026-10-08T08:00:00.000Z,6,EXACT,NOT_DUE,NOT_DUE,NOT_DUE,,,false,,PENDING,2026-10-08T21:55:05.805Z,
RENDERUSDT,0,2,2026-10-08T12:40:55.634Z,2026-10-08T20:00:00.000Z,,,2026-10-08T15:00:00.000Z,2026-10-06T21:00:00.000Z,MOMENTUM,0.39071056121367925,2.119,2026-10-08T15:00:00.000Z,2,EXACT,NOT_DUE,NOT_DUE,NOT_DUE,,,false,,PENDING,2026-10-08T21:55:05.805Z,
CHIPUSDT,0,2,2026-10-08T12:40:55.634Z,2026-10-08T20:00:00.000Z,,2026-09-15T15:00:00.000Z,2026-10-08T02:00:00.000Z,2026-10-06T20:00:00.000Z,MOMENTUM,0.4615958334629304,0.05326,2026-10-06T20:00:00.000Z,1,EXACT,NOT_DUE,NOT_DUE,NOT_DUE,,,false,,PENDING,2026-10-08T21:55:05.805Z,
LDOUSDT,0,2,2026-10-08T12:40:55.634Z,2026-10-08T20:00:00.000Z,,,2026-10-08T15:00:00.000Z,2026-10-07T14:00:00.000Z,MOMENTUM,0.3794047660177886,0.4266,2026-10-08T15:00:00.000Z,2,EXACT,NOT_DUE,NOT_DUE,NOT_DUE,,,false,,PENDING,2026-10-08T21:55:05.805Z,
WLFIUSDT,2,2,2026-10-08T12:40:55.634Z,2026-10-08T20:00:00.000Z,,,2026-10-07T12:00:00.000Z,2026-09-23T14:00:00.000Z,MOMENTUM,0.3588447335238059,0.0561,2026-09-23T14:00:00.000Z,1,EXACT,NOT_DUE,NOT_DUE,NOT_DUE,,,false,,NONE,2026-10-08T21:55:05.805Z,
SEIUSDT,2,2,2026-10-08T12:40:55.634Z,2026-10-08T20:00:00.000Z,,,2026-10-08T15:00:00.000Z,2026-10-08T15:00:00.000Z,MOMENTUM,0.4405934102940275,0.06568,2026-10-08T15:00:00.000Z,1,EXACT,NOT_DUE,NOT_DUE,NOT_DUE,,,false,,PENDING,2026-10-08T21:55:05.805Z,
VIRTUALUSDT,1,3,2026-10-08T12:40:55.634Z,2026-10-08T20:00:00.000Z,,,2026-10-08T15:00:00.000Z,2026-10-08T15:00:00.000Z,MOMENTUM,0.5130111655891352,0.6952,2026-10-08T15:00:00.000Z,1,EXACT,NOT_DUE,NOT_DUE,NOT_DUE,,,false,,PENDING,2026-10-08T21:55:05.805Z,
SKYUSDT,0,2,2026-10-08T12:40:55.634Z,2026-10-08T20:00:00.000Z,,,2026-10-08T16:00:00.000Z,2026-10-07T11:00:00.000Z,MOMENTUM,0.37569153209270206,0.08344,2026-10-07T11:00:00.000Z,1,EXACT,NOT_DUE,NOT_DUE,NOT_DUE,,,false,,PENDING,2026-10-08T21:55:05.805Z,
PENDLEUSDT,1,3,2026-10-08T12:40:55.634Z,2026-10-08T20:00:00.000Z,,,2026-10-08T15:00:00.000Z,2026-10-07T01:00:00.000Z,MOMENTUM,0.39206208676043236,2.317,2026-10-08T15:00:00.000Z,2,EXACT,NOT_DUE,NOT_DUE,NOT_DUE,,,false,,PENDING,2026-10-08T21:55:05.805Z,
WBTCUSDT,0,2,2026-10-08T12:40:55.634Z,2026-10-08T20:00:00.000Z,,,2026-10-08T15:00:00.000Z,2026-10-07T13:00:00.000Z,MOMENTUM,0.36152272325461177,83172.73,2026-10-08T15:00:00.000Z,2,EXACT,NOT_DUE,NOT_DUE,NOT_DUE,,,false,,PENDING,2026-10-08T21:55:05.805Z,
ZAMAUSDT,2,2,2026-10-08T12:40:55.634Z,2026-10-08T20:00:00.000Z,,,2026-10-08T15:00:00.000Z,2026-09-27T13:00:00.000Z,MOMENTUM,0.3764138511772111,0.08377,2026-10-08T15:00:00.000Z,7,EXACT,NOT_DUE,NOT_DUE,NOT_DUE,,,false,,PENDING,2026-10-08T21:55:05.805Z,
SHIBUSDT,2,2,2026-10-08T12:40:55.634Z,2026-10-08T20:00:00.000Z,,,2026-10-08T15:00:00.000Z,2026-10-07T11:00:00.000Z,MOMENTUM,0.3996897427692934,0.00000545,2026-10-08T15:00:00.000Z,2,EXACT,NOT_DUE,NOT_DUE,NOT_DUE,,,false,,PENDING,2026-10-08T21:55:05.805Z,
BOMEUSDT,2,2,2026-10-08T12:40:55.634Z,2026-10-08T20:00:00.000Z,,,2026-10-08T13:00:00.000Z,2026-10-06T03:00:00.000Z,MOMENTUM,0.3695902876676578,0.0009413,2026-10-07T13:00:00.000Z,2,EXACT,NOT_DUE,NOT_DUE,NOT_DUE,,,false,,PENDING,2026-10-08T21:55:05.805Z,
PLUMEUSDT,2,2,2026-10-08T12:40:55.634Z,2026-10-08T20:00:00.000Z,,,2026-10-08T15:00:00.000Z,2026-10-07T04:00:00.000Z,MOMENTUM,0.36185602230228614,0.01794,2026-10-08T15:00:00.000Z,2,EXACT,NOT_DUE,NOT_DUE,NOT_DUE,,,false,,PENDING,2026-10-08T21:55:05.805Z,
LAZIOUSDT,1,3,2026-10-08T12:40:55.634Z,2026-10-08T20:00:00.000Z,,,2026-10-08T19:00:00.000Z,2026-10-07T19:00:00.000Z,MOMENTUM,0.5590939294431987,0.421,2026-10-07T19:00:00.000Z,1,EXACT,NOT_DUE,NOT_DUE,NOT_DUE,,,false,,PENDING,2026-10-08T21:55:05.805Z,
AXSUSDT,1,3,2026-10-08T12:40:55.634Z,2026-10-08T20:00:00.000Z,,,2026-10-08T15:00:00.000Z,2026-10-03T09:00:00.000Z,MOMENTUM,0.39476501518595536,1.231,2026-10-08T15:00:00.000Z,3,EXACT,NOT_DUE,NOT_DUE,NOT_DUE,,,false,,PENDING,2026-10-08T21:55:05.805Z,
PYTHUSDT,0,2,2026-10-08T12:40:55.634Z,2026-10-08T20:00:00.000Z,,,2026-10-08T14:00:00.000Z,2026-10-07T01:00:00.000Z,MOMENTUM,0.41792887781073895,0.07386,2026-10-07T01:00:00.000Z,1,EXACT,NOT_DUE,NOT_DUE,NOT_DUE,,,false,,PENDING,2026-10-08T21:55:05.805Z,
BEAMXUSDT,1,3,2026-10-08T12:40:55.634Z,2026-10-08T20:00:00.000Z,,,2026-10-08T05:00:00.000Z,2026-10-05T04:00:00.000Z,MOMENTUM,0.6187542734267947,0.00246,2026-10-05T04:00:00.000Z,1,EXACT,NOT_DUE,NOT_DUE,NOT_DUE,,,false,,PENDING,2026-10-08T21:55:05.805Z,
BONKUSDT,0,2,2026-10-08T12:40:55.634Z,2026-10-08T20:00:00.000Z,,,2026-10-08T15:00:00.000Z,2026-09-24T08:00:00.000Z,MOMENTUM,0.4295198586762299,0.0000035,2026-10-08T15:00:00.000Z,7,EXACT,NOT_DUE,NOT_DUE,NOT_DUE,,,false,,PENDING,2026-10-08T21:55:05.805Z,
RADUSDT,1,3,2026-10-08T12:40:55.634Z,2026-10-08T20:00:00.000Z,,2026-10-08T15:00:00.000Z,2026-10-08T12:00:00.000Z,2026-10-06T12:00:00.000Z,MOMENTUM,0.6743861898636113,0.347,2026-10-08T15:00:00.000Z,3,EXACT,NOT_DUE,NOT_DUE,NOT_DUE,,,false,,PENDING,2026-10-08T21:55:05.805Z,
API3USDT,1,3,2026-10-08T12:40:55.634Z,2026-10-08T20:00:00.000Z,,,2026-10-08T16:00:00.000Z,2026-10-06T16:00:00.000Z,MOMENTUM,0.6657762082256207,0.3306,2026-10-08T16:00:00.000Z,2,EXACT,NOT_DUE,NOT_DUE,NOT_DUE,,,false,,PENDING,2026-10-08T21:55:05.805Z,
SAGAUSDT,1,3,2026-10-08T12:40:55.634Z,2026-10-08T20:00:00.000Z,,2026-09-29T02:00:00.000Z,2026-10-02T10:00:00.000Z,2026-10-02T10:00:00.000Z,MOMENTUM,0.3661021391127269,0.02434,2026-10-02T10:00:00.000Z,1,EXACT,NOT_DUE,NOT_DUE,NOT_DUE,,,false,,NONE,2026-10-08T21:55:05.805Z,
SYNUSDT,0,2,2026-10-08T12:40:55.634Z,2026-10-08T20:00:00.000Z,,2026-09-25T14:00:00.000Z,2026-10-08T11:00:00.000Z,2026-10-04T04:00:00.000Z,MOMENTUM,0.353148455496503,0.18704,2026-10-06T06:00:00.000Z,2,EXACT,NOT_DUE,NOT_DUE,NOT_DUE,,,false,,PENDING,2026-10-08T21:55:05.805Z,
NIGHTUSDT,2,2,2026-10-08T12:40:55.634Z,2026-10-08T20:00:00.000Z,,,2026-10-08T15:00:00.000Z,2026-09-28T14:00:00.000Z,MOMENTUM,0.5362463136092015,0.02713,2026-10-08T15:00:00.000Z,6,EXACT,NOT_DUE,NOT_DUE,NOT_DUE,,,false,,PENDING,2026-10-08T21:55:05.805Z,
ARUSDT,2,2,2026-10-08T12:40:55.634Z,2026-10-08T20:00:00.000Z,,,2026-10-08T15:00:00.000Z,2026-10-07T06:00:00.000Z,MOMENTUM,0.3508486469976049,4.285,2026-10-08T15:00:00.000Z,2,EXACT,NOT_DUE,NOT_DUE,NOT_DUE,,,false,,PENDING,2026-10-08T21:55:05.805Z,
ATMUSDT,0,2,2026-10-08T12:40:55.634Z,2026-10-08T20:00:00.000Z,,2026-08-31T02:00:00.000Z,2026-10-08T11:00:00.000Z,2026-10-08T11:00:00.000Z,MOMENTUM,0.4110781360208274,1.041,2026-10-08T11:00:00.000Z,1,EXACT,NOT_DUE,NOT_DUE,NOT_DUE,,,false,,PENDING,2026-10-08T21:55:05.805Z,
MORPHOUSDT,0,2,2026-10-08T12:40:55.634Z,2026-10-08T20:00:00.000Z,,,2026-10-08T14:00:00.000Z,2026-10-07T14:00:00.000Z,MOMENTUM,0.3752385727162956,2.485,2026-10-08T14:00:00.000Z,2,EXACT,NOT_DUE,NOT_DUE,NOT_DUE,,,false,,PENDING,2026-10-08T21:55:05.805Z,
ORDIUSDT,1,3,2026-10-08T12:40:55.634Z,2026-10-08T20:00:00.000Z,,,2026-10-08T15:00:00.000Z,2026-10-07T02:00:00.000Z,MOMENTUM,0.3851468045747682,4.288,2026-10-08T15:00:00.000Z,2,EXACT,NOT_DUE,NOT_DUE,NOT_DUE,,,false,,PENDING,2026-10-08T21:55:05.805Z,
IOUSDT,1,3,2026-10-08T12:40:55.634Z,2026-10-08T20:00:00.000Z,,,2026-10-08T15:00:00.000Z,2026-10-07T12:00:00.000Z,MOMENTUM,0.401686356931533,0.1547,2026-10-08T15:00:00.000Z,2,EXACT,NOT_DUE,NOT_DUE,NOT_DUE,,,false,,PENDING,2026-10-08T21:55:05.805Z,
PHAUSDT,0,2,2026-10-08T12:40:55.634Z,2026-10-08T20:00:00.000Z,,2026-09-28T02:00:00.000Z,2026-10-08T15:00:00.000Z,2026-10-07T06:00:00.000Z,MOMENTUM,0.43590437516452873,0.0685,2026-10-07T06:00:00.000Z,1,EXACT,NOT_DUE,NOT_DUE,NOT_DUE,,,false,,PENDING,2026-10-08T21:55:05.805Z,
EIGENUSDT,2,2,2026-10-08T12:40:55.634Z,2026-10-08T20:00:00.000Z,,,2026-10-08T15:00:00.000Z,2026-10-08T15:00:00.000Z,MOMENTUM,0.4968706255262606,0.2149,2026-10-08T15:00:00.000Z,1,EXACT,NOT_DUE,NOT_DUE,NOT_DUE,,,false,,PENDING,2026-10-08T21:55:05.805Z,
LPTUSDT,2,2,2026-10-08T12:40:55.634Z,2026-10-08T20:00:00.000Z,,,2026-10-08T13:00:00.000Z,2026-10-07T13:00:00.000Z,MOMENTUM,0.3755461587336013,1.643,2026-10-07T13:00:00.000Z,1,EXACT,NOT_DUE,NOT_DUE,NOT_DUE,,,false,,PENDING,2026-10-08T21:55:05.805Z,
PARTIUSDT,2,2,2026-10-08T12:40:55.634Z,2026-10-08T20:00:00.000Z,,,2026-10-08T07:00:00.000Z,2026-10-07T07:00:00.000Z,MOMENTUM,0.5524835079736621,0.0352,2026-10-08T07:00:00.000Z,2,EXACT,NOT_DUE,NOT_DUE,NOT_DUE,,,false,,PENDING,2026-10-08T21:55:05.805Z,
CVXUSDT,0,2,2026-10-08T12:40:55.634Z,2026-10-08T20:00:00.000Z,,,2026-10-08T09:00:00.000Z,2026-10-07T09:00:00.000Z,MOMENTUM,0.42717860929171503,2.083,2026-10-07T09:00:00.000Z,1,EXACT,NOT_DUE,NOT_DUE,NOT_DUE,,,false,,PENDING,2026-10-08T21:55:05.805Z,
GIGGLEUSDT,1,3,2026-10-08T12:40:55.634Z,2026-10-08T20:00:00.000Z,,,2026-10-08T15:00:00.000Z,2026-10-07T14:00:00.000Z,MOMENTUM,0.3681640351375948,35.61,2026-10-08T15:00:00.000Z,2,EXACT,NOT_DUE,NOT_DUE,NOT_DUE,,,false,,PENDING,2026-10-08T21:55:05.805Z,
GALAUSDT,0,2,2026-10-08T12:40:55.634Z,2026-10-08T20:00:00.000Z,,,2026-10-08T15:00:00.000Z,2026-10-03T07:00:00.000Z,MOMENTUM,0.5605151816399119,0.002574,2026-10-08T15:00:00.000Z,3,EXACT,NOT_DUE,NOT_DUE,NOT_DUE,,,false,,PENDING,2026-10-08T21:55:05.805Z,
BIOUSDT,1,3,2026-10-08T12:40:55.634Z,2026-10-08T20:00:00.000Z,,,2026-10-08T15:00:00.000Z,2026-10-07T02:00:00.000Z,MOMENTUM,0.4155598925722009,0.02874,2026-10-08T15:00:00.000Z,2,EXACT,NOT_DUE,NOT_DUE,NOT_DUE,,,false,,PENDING,2026-10-08T21:55:05.805Z,
NILUSDT,1,3,2026-10-08T12:40:55.634Z,2026-10-08T20:00:00.000Z,,2026-09-30T17:00:00.000Z,2026-10-08T04:00:00.000Z,2026-10-06T16:00:00.000Z,MOMENTUM,0.4130723014109553,0.09975,2026-10-08T04:00:00.000Z,2,EXACT,NOT_DUE,NOT_DUE,NOT_DUE,,,false,,PENDING,2026-10-08T21:55:05.805Z,
ENSUSDT,1,3,2026-10-08T12:40:55.634Z,2026-10-08T20:00:00.000Z,,,2026-10-08T15:00:00.000Z,2026-10-07T01:00:00.000Z,MOMENTUM,0.3972033021668192,6.53,2026-10-08T15:00:00.000Z,2,EXACT,NOT_DUE,NOT_DUE,NOT_DUE,,,false,,PENDING,2026-10-08T21:55:05.805Z,
ARKUSDT,2,2,2026-10-08T12:40:55.634Z,2026-10-08T20:00:00.000Z,,2026-10-03T15:00:00.000Z,2026-10-02T09:00:00.000Z,2026-09-27T02:00:00.000Z,MOMENTUM,0.4499909644956365,0.2684,2026-09-30T17:00:00.000Z,3,EXACT,NOT_DUE,NOT_DUE,NOT_DUE,,,false,,NONE,2026-10-08T21:55:05.805Z,
SENTUSDT,1,3,2026-10-08T12:40:55.634Z,2026-10-08T20:00:00.000Z,,,2026-10-07T21:00:00.000Z,2026-10-05T11:00:00.000Z,MOMENTUM,0.41897382698761787,0.0236,2026-10-05T11:00:00.000Z,1,EXACT,NOT_DUE,NOT_DUE,NOT_DUE,,,false,,PENDING,2026-10-08T21:55:05.805Z,
WIFUSDT,1,3,2026-10-08T12:40:55.634Z,2026-10-08T20:00:00.000Z,,,2026-10-08T15:00:00.000Z,2026-10-07T04:00:00.000Z,MOMENTUM,0.35320543219024336,0.2327,2026-10-08T15:00:00.000Z,2,EXACT,NOT_DUE,NOT_DUE,NOT_DUE,,,false,,PENDING,2026-10-08T21:55:05.805Z,
CFGUSDT,0,2,2026-10-08T12:40:55.634Z,2026-10-08T20:00:00.000Z,,,2026-10-08T15:00:00.000Z,2026-10-07T02:00:00.000Z,MOMENTUM,0.4049511803334494,0.1386,2026-10-08T15:00:00.000Z,2,EXACT,NOT_DUE,NOT_DUE,NOT_DUE,,,false,,PENDING,2026-10-08T21:55:05.805Z,
DEXEUSDT,2,2,2026-10-08T12:40:55.634Z,2026-10-08T20:00:00.000Z,,,2026-10-08T12:00:00.000Z,2026-10-07T12:00:00.000Z,MOMENTUM,0.4521647718674522,1.849,2026-10-08T12:00:00.000Z,2,EXACT,NOT_DUE,NOT_DUE,NOT_DUE,,,false,,PENDING,2026-10-08T21:55:05.805Z,
TUTUSDT,0,2,2026-10-08T12:40:55.634Z,2026-10-08T20:00:00.000Z,,2026-09-10T22:00:00.000Z,2026-10-08T04:00:00.000Z,2026-10-07T04:00:00.000Z,MOMENTUM,0.45453081419231534,0.02327,2026-10-07T04:00:00.000Z,1,EXACT,NOT_DUE,NOT_DUE,NOT_DUE,,,false,,PENDING,2026-10-08T21:55:05.805Z,
0GUSDT,1,3,2026-10-08T12:40:55.634Z,2026-10-08T20:00:00.000Z,,,2026-10-08T15:00:00.000Z,2026-10-08T15:00:00.000Z,MOMENTUM,0.5243747383891056,0.2783,2026-10-08T15:00:00.000Z,1,EXACT,NOT_DUE,NOT_DUE,NOT_DUE,,,false,,PENDING,2026-10-08T21:55:05.805Z,
OPNUSDT,2,2,2026-10-08T12:40:55.634Z,2026-10-08T20:00:00.000Z,,,2026-10-07T11:00:00.000Z,2026-09-28T06:00:00.000Z,MOMENTUM,0.4204155150980693,0.0506,2026-10-02T06:00:00.000Z,2,EXACT,NOT_DUE,NOT_DUE,NOT_DUE,,,false,,NONE,2026-10-08T21:55:05.805Z,
EDUUSDT,2,2,2026-10-08T12:40:55.634Z,2026-10-08T20:00:00.000Z,,,2026-10-08T08:00:00.000Z,2026-10-06T08:00:00.000Z,MOMENTUM,0.6456748633556779,0.0592,2026-10-07T08:00:00.000Z,2,EXACT,NOT_DUE,NOT_DUE,NOT_DUE,,,false,,PENDING,2026-10-08T21:55:05.805Z,
FORMUSDT,1,3,2026-10-08T12:40:55.634Z,2026-10-08T20:00:00.000Z,,2026-09-22T16:00:00.000Z,2026-10-07T01:00:00.000Z,2026-10-07T01:00:00.000Z,MOMENTUM,0.3939451435977568,0.2655,2026-10-07T01:00:00.000Z,1,EXACT,NOT_DUE,NOT_DUE,NOT_DUE,,,false,,PENDING,2026-10-08T21:55:05.805Z,
FLOKIUSDT,0,2,2026-10-08T12:40:55.634Z,2026-10-08T20:00:00.000Z,,,2026-10-08T15:00:00.000Z,2026-10-07T14:00:00.000Z,MOMENTUM,0.3751713577889036,0.00002649,2026-10-08T15:00:00.000Z,2,EXACT,NOT_DUE,NOT_DUE,NOT_DUE,,,false,,PENDING,2026-10-08T21:55:05.805Z,
2ZUSDT,1,3,2026-10-08T12:40:55.634Z,2026-10-08T20:00:00.000Z,,2026-10-08T15:00:00.000Z,2026-10-08T15:00:00.000Z,2026-09-30T18:00:00.000Z,MOMENTUM,0.3910188344382373,0.06143,2026-10-08T15:00:00.000Z,5,EXACT,NOT_DUE,NOT_DUE,NOT_DUE,,,false,,PENDING,2026-10-08T21:55:05.805Z,
INITUSDT,1,3,2026-10-08T12:40:55.634Z,2026-10-08T20:00:00.000Z,,,2026-10-08T12:00:00.000Z,2026-10-05T11:00:00.000Z,MOMENTUM,0.4161151023731192,0.11272,2026-10-08T12:00:00.000Z,2,EXACT,NOT_DUE,NOT_DUE,NOT_DUE,,,false,,PENDING,2026-10-08T21:55:05.805Z,
C98USDT,2,2,2026-10-08T12:40:55.634Z,2026-10-08T20:00:00.000Z,,,2026-10-08T15:00:00.000Z,2026-10-06T18:00:00.000Z,MOMENTUM,0.6190134852782053,0.01809,2026-10-08T15:00:00.000Z,2,EXACT,NOT_DUE,NOT_DUE,NOT_DUE,,,false,,PENDING,2026-10-08T21:55:05.805Z,
ZKUSDT,2,2,2026-10-08T12:40:55.634Z,2026-10-08T20:00:00.000Z,,,2026-10-08T15:00:00.000Z,2026-10-07T05:00:00.000Z,MOMENTUM,0.36508639890005257,0.01202,2026-10-08T15:00:00.000Z,2,EXACT,NOT_DUE,NOT_DUE,NOT_DUE,,,false,,PENDING,2026-10-08T21:55:05.805Z,
OPENUSDT,2,2,2026-10-08T12:40:55.634Z,2026-10-08T20:00:00.000Z,,2026-09-02T21:00:00.000Z,2026-10-08T15:00:00.000Z,2026-10-07T11:00:00.000Z,MOMENTUM,0.4611852361208003,0.1101,2026-10-08T15:00:00.000Z,2,EXACT,NOT_DUE,NOT_DUE,NOT_DUE,,,false,,PENDING,2026-10-08T21:55:05.805Z,
BANKUSDT,1,3,2026-10-08T12:40:55.634Z,2026-10-08T20:00:00.000Z,,2026-09-10T00:00:00.000Z,2026-10-08T16:00:00.000Z,2026-10-08T16:00:00.000Z,MOMENTUM,0.4370007467872765,0.0271,2026-10-08T16:00:00.000Z,1,EXACT,NOT_DUE,NOT_DUE,NOT_DUE,,,false,,PENDING,2026-10-08T21:55:05.805Z,
AVNTUSDT,0,2,2026-10-08T12:40:55.634Z,2026-10-08T20:00:00.000Z,,,2026-10-08T12:00:00.000Z,2026-10-07T04:00:00.000Z,MOMENTUM,0.3785054104431857,0.1228,2026-10-07T04:00:00.000Z,1,EXACT,NOT_DUE,NOT_DUE,NOT_DUE,,,false,,PENDING,2026-10-08T21:55:05.805Z,
NOMUSDT,2,2,2026-10-08T12:40:55.634Z,2026-10-08T20:00:00.000Z,,2026-09-25T02:00:00.000Z,2026-10-06T16:00:00.000Z,2026-10-05T07:00:00.000Z,MOMENTUM,0.3987579678855473,0.002441,2026-10-06T16:00:00.000Z,2,EXACT,NOT_DUE,NOT_DUE,NOT_DUE,,,false,,PENDING,2026-10-08T21:55:05.805Z,
SUSDT,1,3,2026-10-08T12:40:55.634Z,2026-10-08T20:00:00.000Z,,,2026-10-08T15:00:00.000Z,2026-10-07T02:00:00.000Z,MOMENTUM,0.35078567475168654,0.04151,2026-10-08T15:00:00.000Z,2,EXACT,NOT_DUE,NOT_DUE,NOT_DUE,,,false,,PENDING,2026-10-08T21:55:05.805Z,
UMAUSDT,1,3,2026-10-08T12:40:55.634Z,2026-10-08T20:00:00.000Z,,,2026-10-08T15:00:00.000Z,2026-10-02T20:00:00.000Z,MOMENTUM,0.3713576150627796,0.394,2026-10-08T15:00:00.000Z,3,EXACT,NOT_DUE,NOT_DUE,NOT_DUE,,,false,,PENDING,2026-10-08T21:55:05.805Z,
MITOUSDT,0,2,2026-10-08T12:40:55.634Z,2026-10-08T20:00:00.000Z,,2026-09-11T17:00:00.000Z,2026-10-08T05:00:00.000Z,2026-10-07T04:00:00.000Z,MOMENTUM,0.3627295741558559,0.01555,2026-10-07T04:00:00.000Z,1,EXACT,NOT_DUE,NOT_DUE,NOT_DUE,,,false,,PENDING,2026-10-08T21:55:05.805Z,
ESPUSDT,0,2,2026-10-08T12:40:55.634Z,2026-10-08T20:00:00.000Z,,,2026-10-06T18:00:00.000Z,2026-09-28T00:00:00.000Z,MOMENTUM,0.3518645259082206,0.10245,2026-10-01T17:00:00.000Z,2,EXACT,NOT_DUE,NOT_DUE,NOT_DUE,,,false,,NONE,2026-10-08T21:55:05.805Z,
SUPERUSDT,2,2,2026-10-08T12:40:55.634Z,2026-10-08T20:00:00.000Z,,,2026-10-08T13:00:00.000Z,2026-10-02T17:00:00.000Z,MOMENTUM,0.636101392380906,0.2275,2026-10-07T03:00:00.000Z,3,EXACT,NOT_DUE,NOT_DUE,NOT_DUE,,,false,,PENDING,2026-10-08T21:55:05.805Z,
KAITOUSDT,0,2,2026-10-08T12:40:55.634Z,2026-10-08T20:00:00.000Z,,,2026-10-08T15:00:00.000Z,2026-09-28T09:00:00.000Z,MOMENTUM,0.48714922116553516,0.3288,2026-10-08T15:00:00.000Z,4,EXACT,NOT_DUE,NOT_DUE,NOT_DUE,,,false,,PENDING,2026-10-08T21:55:05.805Z,
AEVOUSDT,1,3,2026-10-08T12:40:55.634Z,2026-10-08T20:00:00.000Z,,,2026-10-08T06:00:00.000Z,2026-10-07T04:00:00.000Z,MOMENTUM,0.43230735712831003,0.0247,2026-10-07T04:00:00.000Z,1,EXACT,NOT_DUE,NOT_DUE,NOT_DUE,,,false,,PENDING,2026-10-08T21:55:05.805Z,
MEGAUSDT,2,2,2026-10-08T12:40:55.634Z,2026-10-08T20:00:00.000Z,,,2026-10-08T15:00:00.000Z,2026-10-08T15:00:00.000Z,MOMENTUM,0.5065486292580889,0.04022,2026-10-08T15:00:00.000Z,1,EXACT,NOT_DUE,NOT_DUE,NOT_DUE,,,false,,PENDING,2026-10-08T21:55:05.805Z,
ALPINEUSDT,2,2,2026-10-08T12:40:55.634Z,2026-10-08T20:00:00.000Z,,,2026-10-08T02:00:00.000Z,2026-10-02T19:00:00.000Z,MOMENTUM,0.35998698712625593,0.346,2026-10-07T02:00:00.000Z,3,EXACT,NOT_DUE,NOT_DUE,NOT_DUE,,,false,,PENDING,2026-10-08T21:55:05.805Z,
FIDAUSDT,2,2,2026-10-08T12:40:55.634Z,2026-10-08T20:00:00.000Z,,,2026-10-08T15:00:00.000Z,2026-10-07T04:00:00.000Z,MOMENTUM,0.4736461704011401,0.02049,2026-10-08T15:00:00.000Z,2,EXACT,NOT_DUE,NOT_DUE,NOT_DUE,,,false,,PENDING,2026-10-08T21:55:05.805Z,
WBETHUSDT,2,2,2026-10-08T12:40:55.634Z,2026-10-08T20:00:00.000Z,,,2026-10-08T03:00:00.000Z,2026-10-07T01:00:00.000Z,MOMENTUM,0.3550978626378968,2942.83,2026-10-07T01:00:00.000Z,1,EXACT,NOT_DUE,NOT_DUE,NOT_DUE,,,false,,PENDING,2026-10-08T21:55:05.805Z,
NEIROUSDT,2,2,2026-10-08T12:40:55.634Z,2026-10-08T20:00:00.000Z,,,2026-10-08T15:00:00.000Z,2026-10-07T11:00:00.000Z,MOMENTUM,0.3831692649565068,0.00008463,2026-10-08T15:00:00.000Z,2,EXACT,NOT_DUE,NOT_DUE,NOT_DUE,,,false,,PENDING,2026-10-08T21:55:05.805Z,
CYBERUSDT,0,2,2026-10-08T12:40:55.634Z,2026-10-08T20:00:00.000Z,,,2026-10-08T14:00:00.000Z,2026-09-28T07:00:00.000Z,MOMENTUM,0.35785755185660956,0.334,2026-09-29T16:00:00.000Z,2,EXACT,NOT_DUE,NOT_DUE,NOT_DUE,,,false,,NONE,2026-10-08T21:55:05.805Z,
SCRUSDT,0,2,2026-10-08T12:40:55.634Z,2026-10-08T20:00:00.000Z,,,2026-10-07T21:00:00.000Z,2026-10-05T20:00:00.000Z,MOMENTUM,0.4633622849141075,0.02771,2026-10-05T20:00:00.000Z,1,EXACT,NOT_DUE,NOT_DUE,NOT_DUE,,,false,,PENDING,2026-10-08T21:55:05.805Z,
BERAUSDT,2,2,2026-10-08T12:40:55.634Z,2026-10-08T20:00:00.000Z,,,2026-10-08T15:00:00.000Z,2026-10-07T03:00:00.000Z,MOMENTUM,0.4020309298074919,0.2228,2026-10-08T15:00:00.000Z,2,EXACT,NOT_DUE,NOT_DUE,NOT_DUE,,,false,,PENDING,2026-10-08T21:55:05.805Z,
GENIUSUSDT,2,2,2026-10-08T12:40:55.634Z,2026-10-08T20:00:00.000Z,,2026-09-18T11:00:00.000Z,2026-10-08T15:00:00.000Z,2026-10-08T15:00:00.000Z,MOMENTUM,0.3579087396521116,0.2997,2026-10-08T15:00:00.000Z,1,EXACT,NOT_DUE,NOT_DUE,NOT_DUE,,,false,,PENDING,2026-10-08T21:55:05.805Z,
SANTOSUSDT,0,2,2026-10-08T12:40:55.634Z,2026-10-08T20:00:00.000Z,,,2026-10-08T15:00:00.000Z,2026-10-08T15:00:00.000Z,MOMENTUM,0.39657761816735015,0.495,2026-10-08T15:00:00.000Z,1,EXACT,NOT_DUE,NOT_DUE,NOT_DUE,,,false,,PENDING,2026-10-08T21:55:05.805Z,
SAHARAUSDT,2,2,2026-10-08T12:40:55.634Z,2026-10-08T20:00:00.000Z,,,2026-10-08T15:00:00.000Z,2026-10-07T01:00:00.000Z,MOMENTUM,0.4166300736888618,0.00881,2026-10-08T15:00:00.000Z,2,EXACT,NOT_DUE,NOT_DUE,NOT_DUE,,,false,,PENDING,2026-10-08T21:55:05.805Z,
KITEUSDT,0,2,2026-10-08T12:40:55.634Z,2026-10-08T20:00:00.000Z,,,2026-10-08T15:00:00.000Z,2026-10-07T11:00:00.000Z,MOMENTUM,0.4226686725298556,0.134,2026-10-08T15:00:00.000Z,2,EXACT,NOT_DUE,NOT_DUE,NOT_DUE,,,false,,PENDING,2026-10-08T21:55:05.805Z,
FLOWUSDT,2,2,2026-10-08T12:40:55.634Z,2026-10-08T20:00:00.000Z,,,2026-10-08T15:00:00.000Z,2026-10-08T15:00:00.000Z,MOMENTUM,0.4544782704888453,0.02986,2026-10-08T15:00:00.000Z,1,EXACT,NOT_DUE,NOT_DUE,NOT_DUE,,,false,,PENDING,2026-10-08T21:55:05.805Z,
RESOLVUSDT,0,2,2026-10-08T12:40:55.634Z,2026-10-08T20:00:00.000Z,,2026-10-03T09:00:00.000Z,2026-10-08T17:00:00.000Z,2026-10-07T16:00:00.000Z,MOMENTUM,0.38112816493135326,0.01948,2026-10-08T17:00:00.000Z,2,EXACT,NOT_DUE,NOT_DUE,NOT_DUE,,,false,,PENDING,2026-10-08T21:55:05.805Z,
MAGICUSDT,1,3,2026-10-08T12:40:55.634Z,2026-10-08T20:00:00.000Z,,,2026-10-08T16:00:00.000Z,2026-10-07T12:00:00.000Z,MOMENTUM,0.555473512886753,0.0653,2026-10-08T16:00:00.000Z,2,EXACT,NOT_DUE,NOT_DUE,NOT_DUE,,,false,,PENDING,2026-10-08T21:55:05.805Z,
TREEUSDT,0,2,2026-10-08T12:40:55.634Z,2026-10-08T20:00:00.000Z,,,2026-10-08T15:00:00.000Z,2026-10-06T03:00:00.000Z,MOMENTUM,0.43276629766379665,0.0442,2026-10-08T15:00:00.000Z,2,EXACT,NOT_DUE,NOT_DUE,NOT_DUE,,,false,,PENDING,2026-10-08T21:55:05.805Z,
LUNCUSDT,2,2,2026-10-08T12:40:55.634Z,2026-10-08T20:00:00.000Z,,,2026-10-08T15:00:00.000Z,2026-10-07T02:00:00.000Z,MOMENTUM,0.4293343184772122,0.00005042,2026-10-08T15:00:00.000Z,2,EXACT,NOT_DUE,NOT_DUE,NOT_DUE,,,false,,PENDING,2026-10-08T21:55:05.805Z,
DYDXUSDT,0,2,2026-10-08T12:40:55.634Z,2026-10-08T20:00:00.000Z,,,2026-10-08T15:00:00.000Z,2026-10-07T01:00:00.000Z,MOMENTUM,0.41099331613207984,0.13863,2026-10-08T15:00:00.000Z,2,EXACT,NOT_DUE,NOT_DUE,NOT_DUE,,,false,,PENDING,2026-10-08T21:55:05.805Z,
AUDIOUSDT,0,2,2026-10-08T12:40:55.634Z,2026-10-08T20:00:00.000Z,,,2026-10-08T15:00:00.000Z,2026-10-07T03:00:00.000Z,MOMENTUM,0.356545732405652,0.01571,2026-10-07T03:00:00.000Z,1,EXACT,NOT_DUE,NOT_DUE,NOT_DUE,,,false,,PENDING,2026-10-08T21:55:05.805Z,
HYPERUSDT,1,3,2026-10-08T12:40:55.634Z,2026-10-08T20:00:00.000Z,,,2026-10-08T16:00:00.000Z,2026-10-07T09:00:00.000Z,MOMENTUM,0.393114524479784,0.0679,2026-10-08T16:00:00.000Z,2,EXACT,NOT_DUE,NOT_DUE,NOT_DUE,,,false,,PENDING,2026-10-08T21:55:05.805Z,
WALUSDT,2,2,2026-10-08T12:40:55.634Z,2026-10-08T20:00:00.000Z,,,2026-10-08T15:00:00.000Z,2026-10-08T15:00:00.000Z,MOMENTUM,0.38476471527547046,0.03336,2026-10-08T15:00:00.000Z,1,EXACT,NOT_DUE,NOT_DUE,NOT_DUE,,,false,,PENDING,2026-10-08T21:55:05.805Z,
CKBUSDT,0,2,2026-10-08T12:40:55.634Z,2026-10-08T20:00:00.000Z,,,2026-10-08T15:00:00.000Z,2026-10-07T11:00:00.000Z,MOMENTUM,0.3897331638231142,0.001241,2026-10-08T15:00:00.000Z,2,EXACT,NOT_DUE,NOT_DUE,NOT_DUE,,,false,,PENDING,2026-10-08T21:55:05.805Z,
TSTUSDT,1,3,2026-10-08T12:40:55.634Z,2026-10-08T20:00:00.000Z,,2026-09-10T16:00:00.000Z,2026-10-07T13:00:00.000Z,2026-10-02T18:00:00.000Z,MOMENTUM,0.3693351523290242,0.01656,2026-10-07T13:00:00.000Z,3,EXACT,NOT_DUE,NOT_DUE,NOT_DUE,,,false,,PENDING,2026-10-08T21:55:05.805Z,
KAIAUSDT,1,3,2026-10-08T12:40:55.634Z,2026-10-08T20:00:00.000Z,,,2026-10-08T15:00:00.000Z,2026-10-06T09:00:00.000Z,MOMENTUM,0.508414953706589,0.0408,2026-10-08T15:00:00.000Z,3,EXACT,NOT_DUE,NOT_DUE,NOT_DUE,,,false,,PENDING,2026-10-08T21:55:05.805Z,
BBUSDT,2,2,2026-10-08T12:40:55.634Z,2026-10-08T20:00:00.000Z,,2026-09-10T16:00:00.000Z,2026-10-08T15:00:00.000Z,2026-10-07T01:00:00.000Z,MOMENTUM,0.3891908583491445,0.00929,2026-10-08T15:00:00.000Z,2,EXACT,NOT_DUE,NOT_DUE,NOT_DUE,,,false,,PENDING,2026-10-08T21:55:05.805Z,
BNSOLUSDT,0,2,2026-10-08T12:40:55.634Z,2026-10-08T20:00:00.000Z,,,2026-10-08T12:00:00.000Z,2026-10-07T12:00:00.000Z,MOMENTUM,0.36497189682885794,131.8,2026-10-07T12:00:00.000Z,1,EXACT,NOT_DUE,NOT_DUE,NOT_DUE,,,false,,PENDING,2026-10-08T21:55:05.805Z,
APEUSDT,0,2,2026-10-08T12:40:55.634Z,2026-10-08T20:00:00.000Z,,,2026-10-08T15:00:00.000Z,2026-10-03T12:00:00.000Z,MOMENTUM,0.43688502818106956,0.1624,2026-10-08T15:00:00.000Z,4,EXACT,NOT_DUE,NOT_DUE,NOT_DUE,,,false,,PENDING,2026-10-08T21:55:05.805Z,
ATUSDT,1,3,2026-10-08T12:40:55.634Z,2026-10-08T20:00:00.000Z,,2026-10-03T18:00:00.000Z,2026-10-08T19:00:00.000Z,2026-10-03T06:00:00.000Z,MOMENTUM,0.46791048280947456,0.1438,2026-10-03T18:00:00.000Z,2,EXACT,NOT_DUE,NOT_DUE,NOT_DUE,,,false,,NONE,2026-10-08T21:55:05.805Z,
