feature,combined_gain_share
close_vs_ema6,0.4010733777098781
ema6_slope_3h,0.21027603957518318
close_vs_ema12,0.1760400756871941
range_24h__chg_1h,0.0734764412668492
ret_12h,0.071460108002119
green_body_pct,0.0384979627891796
close_vs_ema24,0.0377809267471562
ret_2h,0.037284240367041005
quote_volume_24h,0.0360495802394388
btc_atr24_pct,0.0345045036083896
btc_ret_168h__chg_168h,0.0340218056435244
btc_atr24_pct__chg_168h,0.0287315900905979
range_24h__chg_3h,0.0280933588082611
btc_atr24_pct__chg_72h,0.027942740099247798
btc_ret_168h,0.0272151265150953
btc_vs_ema168,0.0261839864808883
ema24_slope_6h,0.025899174813095102
btc_atr24_pct__chg_12h,0.023758057716484
median_ret_24h__chg_24h,0.0228707927648958
close_vs_vwap24,0.022024885332596698
btc_ret_72h__chg_168h,0.021558690132132602
atr168_pct__chg_1h,0.0210883499978308
btc_ret_24h,0.0209276446083641
btc_atr24_pct__chg_24h,0.0201921838210939
btc_ret_168h__chg_72h,0.017936681806714302
btc_ret_72h,0.0177416967578752
median_ret_24h,0.017704985176887802
median_ret_24h__chg_168h,0.0171008445355192
range_12h__chg_1h,0.01686361784558441
btc_vs_ema168__chg_72h,0.0168437883538801
btc_ret_72h__chg_72h,0.0162645932172948
btc_vs_ema168__chg_24h,0.0152164320492864
btc_ret_24h__chg_24h,0.015121098525556601
quote_volume_7d,0.015087887357345802
btc_atr24_pct__chg_1h,0.014987706008115099
btc_ret_72h__chg_12h,0.0149114857925821
breadth_positive_24h__chg_168h,0.014787607531916
btc_ret_24h__chg_168h,0.0147278082817558
rebound_12h_low__chg_3h,0.014702057225188499
breadth_positive_6h__chg_24h,0.014581239847833799
btc_vs_ema168__chg_168h,0.014529066109356701
rebound_12h_low__chg_6h,0.0145190700001908
range_6h__chg_1h,0.0142505619628393
breadth_positive_24h__chg_72h,0.0133517969634761
btc_atr24_pct__chg_6h,0.013291038903715899
rebound_24h_low,0.0128722276552172
btc_vs_ema168__chg_12h,0.0128660506914268
btc_vs_ema168__chg_6h,0.0127984406263227
breadth_positive_6h__chg_72h,0.012587810487923
median_ret_24h__chg_72h,0.012557848750194299
btc_ret_24h__chg_12h,0.012431549810994801
breadth_positive_24h__chg_24h,0.0121938839040552
btc_ret_168h__chg_12h,0.011589820664410399
btc_ret_168h__chg_24h,0.0115363795679696
btc_ret_24h__chg_72h,0.0114992416267553
breadth_positive_24h__chg_12h,0.0114912582801255
median_ret_6h,0.011347621983334201
breadth_positive_24h,0.011343636300449
range_12h,0.0113349100264115
breadth_positive_24h__chg_6h,0.011065393614862
breadth_positive_6h__chg_168h,0.0110616285988139
breadth_positive_6h__chg_6h,0.0108839821850071
median_ret_24h__chg_12h,0.0108627482582156
btc_ret_6h__chg_12h,0.0107460902949044
range_3h__chg_6h,0.010719537620912298
ret_6h,0.010637694563206764
btc_atr24_pct__chg_3h,0.0105802983782323
median_ret_6h__chg_12h,0.0104090259887674
breadth_positive_6h__chg_12h,0.0099701625412863
breadth_positive_1h,0.009790863228880401
btc_ret_6h__chg_168h,0.0095934652780596
atr168_pct,0.0093976250320939
btc_ret_72h__chg_24h,0.0092090776725853
median_ret_1h__chg_3h,0.0091089723007667
breadth_positive_6h__chg_3h,0.0085757545865908
median_ret_6h__chg_72h,0.0085625803600033
atr6_pct__chg_1h,0.008496792011819184
rebound_12h_low,0.0084699929471537
volume_ratio_24h__chg_6h,0.008450458788149299
btc_ret_72h__chg_3h,0.0084408215884036
btc_ret_168h__chg_3h,0.0078911830153308
btc_ret_6h__chg_6h,0.0078593488408676
btc_ret_6h,0.0077351463154098
btc_vs_ema168__chg_3h,0.0076625692765312
median_ret_6h__chg_168h,0.0076173079908476
ret_1h,0.007534096301690461
breadth_positive_1h__chg_168h,0.0074515172173859005
median_ret_1h__chg_168h,0.007446572259822499
median_ret_6h__chg_6h,0.0072793196949667
btc_ret_24h__chg_3h,0.0072014740708759
range_6h__chg_6h,0.007010046472884401
atr6_pct,0.0069293446938428
breadth_positive_6h,0.0068370034596952
range_3h,0.0068200833124704
ret_6h__chg_6h,0.0067591484494137
atr24_pct,0.0067362801146621
breadth_positive_24h__chg_3h,0.0067306608999131
btc_ret_1h__chg_1h,0.0067163027000739
btc_ret_168h__chg_6h,0.006658217958967901
rebound_6h_low__chg_6h,0.0066183086366981
btc_ret_6h__chg_3h,0.0066083081510996
btc_ret_6h__chg_72h,0.006524694712136301
btc_ret_6h__chg_24h,0.0063767009923928
breadth_positive_1h__chg_72h,0.0063759929598064
btc_ret_1h__chg_12h,0.0063237342024248
median_ret_1h,0.0062827420455384
median_ret_6h__chg_3h,0.0062565260210109
ema72_slope_24h,0.006230750889042899
ema6_slope_3h__chg_3h,0.0061984252109947
breadth_positive_1h__chg_6h,0.0061597089753456
breadth_positive_1h__chg_3h,0.0060540600625037
ret_3h,0.005952679610273432
btc_ret_1h__chg_3h,0.005927836811439701
breadth_positive_6h__chg_1h,0.0057975829629723
btc_ret_72h__chg_6h,0.005733396076352801
median_ret_24h__chg_3h,0.0057119952397557
btc_ret_1h__chg_24h,0.0057102716359739
trade_ratio_3h__chg_1h,0.0056190191078062
atr6_pct__chg_6h,0.005578099550155
breadth_positive_24h__chg_1h,0.0055515876114523
median_ret_1h__chg_12h,0.0055329762439290005
atr24_pct__chg_1h,0.005444165324658003
ret_48h__chg_168h,0.0054037624624795
volume_ratio_6h__chg_24h,0.0052413753837959
rebound_6h_low__chg_3h,0.0052269606266786
ema24_slope_6h__chg_6h,0.0051931570027344
trade_ratio_current__chg_3h,0.0051689031171726
btc_ret_1h__chg_168h,0.005127550264091001
ema24_slope_6h__chg_12h,0.0050730906408775
range_24h__chg_6h,0.005066111709251963
median_ret_6h__chg_24h,0.0050339804780844995
ret_24h,0.004996612936038701
volume_ratio_12h__chg_24h,0.0049433153835473
range_168h,0.00493076247776
median_ret_24h__chg_6h,0.0048992450410288
close_vs_vwap72__chg_12h,0.0048924579312987
dist_168h_high__chg_6h,0.00488647385458531
median_ret_1h__chg_72h,0.004870583739834
trade_ratio_current__chg_1h,0.0048289608879524895
rebound_24h_low__chg_3h,0.0048162759457338
