symbol,rows,w3,early3
AAVEUSDT,17497,4912,642
ADAUSDT,17516,4087,587
ALGOUSDT,17516,4420,578
ALICEUSDT,15286,4348,563
ALPINEUSDT,9665,3061,397
APEUSDT,14070,3784,500
API3USDT,11181,3360,444
APTUSDT,8899,2268,284
ARBUSDT,5168,1148,165
ARKUSDT,784,238,22
ARUSDT,17159,4925,621
ATOMUSDT,17516,4288,588
AUCTIONUSDT,8881,3118,466
AUDIOUSDT,15203,4524,557
AVAUSDT,5102,1711,308
AVAXUSDT,17516,4432,631
AXSUSDT,17460,4598,697
BATUSDT,13960,3904,592
BCHUSDT,17499,4006,609
BNBUSDT,17516,3061,466
BTCUSDT,17516,2852,464
CAKEUSDT,17369,4057,557
CHZUSDT,17482,4591,553
COTIUSDT,14621,4382,584
CRVUSDT,17516,4848,610
CVXUSDT,10441,3247,437
DASHUSDT,16782,4236,604
DOGEUSDT,17516,4109,588
DOTUSDT,17516,3926,586
ENJUSDT,16357,4457,601
ETCUSDT,17516,3929,573
ETHUSDT,17516,3564,513
FETUSDT,16853,5294,593
FILUSDT,17516,4492,618
GALAUSDT,17516,4688,611
GLMRUSDT,12507,3764,483
GTCUSDT,14664,4523,573
HBARUSDT,17421,4447,620
ICPUSDT,17516,4878,633
INJUSDT,16976,5661,578
IOTAUSDT,15730,4007,565
JSTUSDT,11361,3436,492
LDOUSDT,12316,3619,479
LINKUSDT,17516,4578,607
LSKUSDT,4370,1486,288
LTCUSDT,17516,4228,566
MANAUSDT,17494,4258,602
MOVRUSDT,10925,3637,426
NEARUSDT,17516,4723,599
NMRUSDT,6771,2236,360
ONEUSDT,16923,4587,594
OPUSDT,12252,3493,426
PAXGUSDT,15061,144,34
PENDLEUSDT,2428,733,86
PEOPLEUSDT,14462,4052,516
PEPEUSDT,4134,1073,170
PHAUSDT,8770,3078,419
QIUSDT,10130,3293,441
QNTUSDT,17356,4157,539
RAYUSDT,11917,3789,520
RUNEUSDT,17482,5008,645
SANDUSDT,17509,4404,645
SEIUSDT,1692,430,60
SHIBUSDT,17516,4262,593
SOLUSDT,17516,4947,659
STXUSDT,14409,4373,531
SUIUSDT,4188,1080,171
SUNUSDT,9322,2998,384
SUPERUSDT,9690,3118,446
SYNUSDT,3996,1312,201
TRBUSDT,13464,4398,530
TRXUSDT,17516,2823,431
UNIUSDT,17516,4571,612
VETUSDT,17505,4085,556
WBTCUSDT,260,25,11
WLDUSDT,2223,717,86
XLMUSDT,17516,3912,556
XRPUSDT,17516,4001,581
ZECUSDT,17076,4448,561
ZENUSDT,13430,3979,556
