split,family,signals,calendar_days_spanned,signals_per_calendar_day,unique_signal_days,median_family_score,median_24h_mfe,p75_24h_mfe,median_24h_mae,p10_24h_mae,median_24h_net_end_return,mean_24h_net_end_return,positive_24h_net_rate,hit_2pct_24h,hit_3pct_24h,hit_5pct_24h,hit_5pct_48h
ALL,ALL,100145,2063,48.54338342220068,2059,0.5376909281934703,0.03554325472492614,0.07300554541606763,-0.038860100866410896,-0.10013751999319842,-0.0096772012360411,-0.001765899859671402,0.4195216935443607,0.6752409006939937,0.5566328823206351,0.37877078236556994,0.5010434869439313
DISCOVERY_2021_2023,ALL,43011,1089,39.49586776859504,1086,0.5566200370567318,0.03847754810668014,0.08012542380699283,-0.04133252712379176,-0.10868962301690965,-0.009394017171050262,-0.0010788945040376614,0.42458905861291296,0.694124758782637,0.5815721559601033,0.4100346423008068,0.5279812141080189
DISCOVERY_2021_2023,FRESH_EXPANSION,4272,1087,3.9300827966881324,733,0.4526780790113272,0.02649339887814095,0.05795591212840506,-0.03038442582591666,-0.08945674674072272,-0.007955133369542344,-0.0034175544365130776,0.41292134831460675,0.5838014981273408,0.45880149812734083,0.2914325842696629,0.4225187265917603
DISCOVERY_2021_2023,MOMENTUM,23280,1089,21.37741046831956,1085,0.5488444480571348,0.03829187655394428,0.07877189196983536,-0.04016245845331301,-0.10518924828037098,-0.008461480673610078,-0.001406234814069817,0.4311855670103093,0.6945876288659794,0.5814862542955327,0.4066151202749141,0.5240979381443299
DISCOVERY_2021_2023,PULLBACK_RECLAIM,15459,1088,14.208639705882353,1018,0.6077052358417863,0.04253940959808866,0.08897960336554955,-0.04665252640319684,-0.1176123324713341,-0.011491495826022047,6.0327803296807856e-05,0.4178795523643185,0.7239148715958341,0.6156284365094766,0.4479591176660845,0.5629730254220843
HOLDOUT_2026,ALL,13446,243,55.333333333333336,243,0.5268359213478031,0.0313567166555786,0.06664476948478604,-0.03555028933464821,-0.0889305056435693,-0.011907627393880793,-0.002929352717949673,0.39052506321582625,0.6343150379294957,0.514428082701175,0.34010114532202884,0.45262531607913137
HOLDOUT_2026,FRESH_EXPANSION,1172,243,4.823045267489712,188,0.452834859548206,0.021722851087383033,0.04493207941483801,-0.028374259085596654,-0.0760876838821151,-0.009451907902988999,-0.006292772309740134,0.38054607508532423,0.5298634812286689,0.3848122866894198,0.2158703071672355,0.3267918088737201
HOLDOUT_2026,MOMENTUM,8100,243,33.333333333333336,243,0.5138079267723085,0.03094208657696884,0.06708996349637625,-0.03463802385747772,-0.08637996700074246,-0.011735471920717444,-0.002851880377371813,0.39395061728395064,0.6285185185185185,0.51,0.3376543209876543,0.44753086419753085
HOLDOUT_2026,PULLBACK_RECLAIM,4174,243,17.17695473251029,240,0.577551189714438,0.035470942248245096,0.07466380764420388,-0.039249241907604815,-0.0965424850599909,-0.013015650920316424,-0.0021352472673289795,0.3866794441782463,0.6748921897460469,0.5594154288452324,0.37973167225682797,0.49784379492093916
VALIDATION_2024_2025,ALL,43688,731,59.76470588235294,730,0.5234349844570831,0.034181523501109035,0.06864883702352353,-0.03735463311432824,-0.09532715033963393,-0.00926315937144484,-0.0020850849360295478,0.4234572422633217,0.6692455594213514,0.5450695843252151,0.3598928767624977,0.4894250137337484
VALIDATION_2024_2025,FRESH_EXPANSION,4135,729,5.672153635116598,501,0.45360280911120865,0.024985801227596083,0.04882621410865329,-0.031203880678900453,-0.0854748925578026,-0.010701247474952935,-0.008577889481860255,0.38839177750906895,0.5782345828295042,0.43264812575574363,0.2418379685610641,0.3639661426844015
VALIDATION_2024_2025,MOMENTUM,25379,731,34.71819425444596,729,0.513890240729161,0.0336711985887399,0.06757220804323949,-0.03644350704885091,-0.09428002048358533,-0.008906599086805134,-0.002220385037370089,0.4272035935222034,0.6644469837267032,0.5399345915914733,0.3546239016509713,0.48674100634382755
VALIDATION_2024_2025,PULLBACK_RECLAIM,14174,731,19.389876880984954,694,0.5673284383025419,0.03854531067799449,0.0766177757682005,-0.04104023385450717,-0.1001650745651501,-0.009402901331362568,5.132878408697338e-05,0.4269789755891068,0.7043883166360942,0.5870608155778185,0.40376746154931564,0.5308310991957105
