split,family,target_pct,stop_pct,signals,target_before_stop_rate,stop_before_or_same_bar_rate,unresolved_48h_rate,resolved_win_rate
DISCOVERY_2021_2023,ALL,0.01,0.01,43011,0.37546209109297624,0.6243519099765177,0.00018599893050614958,0.37553193963211867
DISCOVERY_2021_2023,ALL,0.01,0.015,43011,0.5020111134360977,0.49747738950501036,0.0005114970588919114,0.5022680220521529
DISCOVERY_2021_2023,ALL,0.01,0.02,43011,0.5904536048917719,0.4081746529957453,0.0013717421124828531,0.5912646675358539
DISCOVERY_2021_2023,ALL,0.01,0.03,43011,0.7020762130617749,0.2941340587291623,0.003789728209062798,0.7047470126960418
DISCOVERY_2021_2023,ALL,0.01,0.05,43011,0.8024691358024691,0.1822092022970868,0.015321661900444072,0.8149556101246694
DISCOVERY_2021_2023,ALL,0.02,0.01,43011,0.27506916835228196,0.7240938364604403,0.0008369951872776732,0.2752995927865038
DISCOVERY_2021_2023,ALL,0.02,0.015,43011,0.3761595870823743,0.6217711748157448,0.002069238101880914,0.3769395647919482
DISCOVERY_2021_2023,ALL,0.02,0.02,43011,0.45511613308223475,0.5406523912487503,0.0042314756690149035,0.4570501295850942
DISCOVERY_2021_2023,ALL,0.02,0.03,43011,0.5654832484713213,0.42326381623305664,0.01125293529562205,0.5719190161544431
DISCOVERY_2021_2023,ALL,0.02,0.05,43011,0.677942851828602,0.2844621143428425,0.03759503382855549,0.7044257621877567
DISCOVERY_2021_2023,ALL,0.03,0.01,43011,0.21271302690009533,0.785496733393783,0.0017902397061216899,0.2130945171658825
DISCOVERY_2021_2023,ALL,0.03,0.015,43011,0.29773778800771894,0.6975424891306875,0.004719722861593546,0.29914969164642125
DISCOVERY_2021_2023,ALL,0.03,0.02,43011,0.36555764804352375,0.6257469019553138,0.008695450001162494,0.3687642188709337
DISCOVERY_2021_2023,ALL,0.03,0.03,43011,0.4673455627630141,0.5105438143730674,0.022110622863918534,0.4779125059438897
DISCOVERY_2021_2023,ALL,0.03,0.05,43011,0.5804794122433796,0.35597870312245705,0.06354188463416335,0.6198669248721387
DISCOVERY_2021_2023,ALL,0.05,0.01,43011,0.14398642207807305,0.85013136174467,0.005882216177256981,0.14483839281537958
DISCOVERY_2021_2023,ALL,0.05,0.015,43011,0.20473832275464415,0.78177675478366,0.013484922461695845,0.2075369423299003
DISCOVERY_2021_2023,ALL,0.05,0.02,43011,0.2547720350607984,0.7219548487596197,0.023273116179581967,0.26084265651035465
DISCOVERY_2021_2023,ALL,0.05,0.03,43011,0.3366348143498175,0.6125642277556904,0.050800957894492106,0.35465144760691714
DISCOVERY_2021_2023,ALL,0.05,0.05,43011,0.43344725767826836,0.44267745460463603,0.12387528771709563,0.49473237268794945
DISCOVERY_2021_2023,ALL,0.075,0.01,43011,0.09823068517356025,0.8865871521238753,0.01518216270256446,0.09974503045469568
DISCOVERY_2021_2023,ALL,0.075,0.015,43011,0.1407546906605287,0.829624979656367,0.02962032968310432,0.14505115365263435
DISCOVERY_2021_2023,ALL,0.075,0.02,43011,0.17644323545139615,0.7773592801841389,0.04619748436446491,0.18498927457098283
DISCOVERY_2021_2023,ALL,0.075,0.03,43011,0.23684638813326822,0.6737346260259004,0.08941898584083141,0.2601046853057577
DISCOVERY_2021_2023,ALL,0.075,0.05,43011,0.30978121875799214,0.49805863616284207,0.1921601450791658,0.3834686007022391
DISCOVERY_2021_2023,FRESH_EXPANSION,0.01,0.01,4272,0.4232209737827715,0.5756086142322098,0.0011704119850187266,0.4237168971174127
DISCOVERY_2021_2023,FRESH_EXPANSION,0.01,0.015,4272,0.5397940074906367,0.45646067415730335,0.003745318352059925,0.5418233082706767
DISCOVERY_2021_2023,FRESH_EXPANSION,0.01,0.02,4272,0.6137640449438202,0.3780430711610487,0.008192883895131085,0.6188340807174888
DISCOVERY_2021_2023,FRESH_EXPANSION,0.01,0.03,4272,0.6996722846441947,0.28113295880149813,0.019194756554307114,0.713365155131265
DISCOVERY_2021_2023,FRESH_EXPANSION,0.01,0.05,4272,0.7752808988764045,0.1797752808988764,0.0449438202247191,0.8117647058823529
DISCOVERY_2021_2023,FRESH_EXPANSION,0.02,0.01,4272,0.2940074906367041,0.7001404494382022,0.005852059925093633,0.295738168118672
DISCOVERY_2021_2023,FRESH_EXPANSION,0.02,0.015,4272,0.3904494382022472,0.5955056179775281,0.014044943820224719,0.396011396011396
DISCOVERY_2021_2023,FRESH_EXPANSION,0.02,0.02,4272,0.45786516853932585,0.5201310861423221,0.02200374531835206,0.4681665868836764
DISCOVERY_2021_2023,FRESH_EXPANSION,0.02,0.03,4272,0.5421348314606742,0.4110486891385768,0.04681647940074907,0.568762278978389
DISCOVERY_2021_2023,FRESH_EXPANSION,0.02,0.05,4272,0.6296816479400749,0.272940074906367,0.09737827715355805,0.6976141078838174
DISCOVERY_2021_2023,FRESH_EXPANSION,0.03,0.01,4272,0.22191011235955055,0.7682584269662921,0.009831460674157303,0.22411347517730495
DISCOVERY_2021_2023,FRESH_EXPANSION,0.03,0.015,4272,0.30547752808988765,0.6706460674157303,0.023876404494382022,0.3129496402877698
DISCOVERY_2021_2023,FRESH_EXPANSION,0.03,0.02,4272,0.36025280898876405,0.6025280898876404,0.037219101123595506,0.3741794310722101
DISCOVERY_2021_2023,FRESH_EXPANSION,0.03,0.03,4272,0.43913857677902624,0.48852996254681647,0.0723314606741573,0.47337875346959374
DISCOVERY_2021_2023,FRESH_EXPANSION,0.03,0.05,4272,0.5234082397003745,0.33497191011235955,0.14161985018726592,0.6097627488410144
DISCOVERY_2021_2023,FRESH_EXPANSION,0.05,0.01,4272,0.14864232209737827,0.829119850187266,0.022237827715355804,0.15202298300215467
DISCOVERY_2021_2023,FRESH_EXPANSION,0.05,0.015,4272,0.20529026217228463,0.7497659176029963,0.0449438202247191,0.21495098039215688
DISCOVERY_2021_2023,FRESH_EXPANSION,0.05,0.02,4272,0.24461610486891386,0.6882022471910112,0.0671816479400749,0.26223337515683814
DISCOVERY_2021_2023,FRESH_EXPANSION,0.05,0.03,4272,0.3047752808988764,0.5718632958801498,0.12336142322097378,0.34766355140186916
DISCOVERY_2021_2023,FRESH_EXPANSION,0.05,0.05,4272,0.3724250936329588,0.4002808988764045,0.2272940074906367,0.4819751590427143
DISCOVERY_2021_2023,FRESH_EXPANSION,0.075,0.01,4272,0.09550561797752809,0.861189138576779,0.043305243445692886,0.09982872522632738
DISCOVERY_2021_2023,FRESH_EXPANSION,0.075,0.015,4272,0.1331928838951311,0.7907303370786517,0.07607677902621723,0.1441601216113504
DISCOVERY_2021_2023,FRESH_EXPANSION,0.075,0.02,4272,0.15987827715355804,0.7319756554307116,0.10814606741573034,0.17926509186351705
DISCOVERY_2021_2023,FRESH_EXPANSION,0.075,0.03,4272,0.20201310861423222,0.6172752808988764,0.18071161048689138,0.24657142857142858
DISCOVERY_2021_2023,FRESH_EXPANSION,0.075,0.05,4272,0.25070224719101125,0.43726591760299627,0.31203183520599254,0.36440966315073153
DISCOVERY_2021_2023,MOMENTUM,0.01,0.01,23280,0.3724656357388316,0.6274054982817869,0.0001288659793814433,0.3725136400738927
DISCOVERY_2021_2023,MOMENTUM,0.01,0.015,23280,0.49991408934707904,0.4998281786941581,0.0002577319587628866,0.500042966400275
DISCOVERY_2021_2023,MOMENTUM,0.01,0.02,23280,0.5927405498281787,0.40622852233676976,0.0010309278350515464,0.5933522531819746
DISCOVERY_2021_2023,MOMENTUM,0.01,0.03,23280,0.7067010309278351,0.29016323024054985,0.0031357388316151204,0.7089240315422071
DISCOVERY_2021_2023,MOMENTUM,0.01,0.05,23280,0.8065292096219931,0.17830756013745705,0.015163230240549828,0.8189470929471802
DISCOVERY_2021_2023,MOMENTUM,0.02,0.01,23280,0.27538659793814435,0.7241408934707904,0.0004725085910652921,0.2755167819846147
DISCOVERY_2021_2023,MOMENTUM,0.02,0.015,23280,0.37740549828178693,0.6214776632302406,0.0011168384879725085,0.3778274705427023
DISCOVERY_2021_2023,MOMENTUM,0.02,0.02,23280,0.4596649484536082,0.5371134020618556,0.0032216494845360823,0.4611506140917906
DISCOVERY_2021_2023,MOMENTUM,0.02,0.03,23280,0.572680412371134,0.41722508591065294,0.010094501718213059,0.5785202863961814
DISCOVERY_2021_2023,MOMENTUM,0.02,0.05,23280,0.6820446735395189,0.27963917525773196,0.038316151202749144,0.7092192245845989
DISCOVERY_2021_2023,MOMENTUM,0.03,0.01,23280,0.21507731958762888,0.7835910652920962,0.0013316151202749141,0.21536410168179276
DISCOVERY_2021_2023,MOMENTUM,0.03,0.015,23280,0.3012886597938144,0.6950601374570446,0.0036512027491408935,0.30239275705971114
DISCOVERY_2021_2023,MOMENTUM,0.03,0.02,23280,0.37152061855670104,0.6207903780068729,0.007689003436426116,0.37439937665036144
DISCOVERY_2021_2023,MOMENTUM,0.03,0.03,23280,0.4756013745704467,0.502147766323024,0.02225085910652921,0.48642474299270716
DISCOVERY_2021_2023,MOMENTUM,0.03,0.05,23280,0.5841494845360825,0.34896907216494844,0.06688144329896907,0.6260185057312526
DISCOVERY_2021_2023,MOMENTUM,0.05,0.01,23280,0.14561855670103094,0.8485824742268041,0.005798969072164949,0.14646791963707065
DISCOVERY_2021_2023,MOMENTUM,0.05,0.015,23280,0.2070876288659794,0.779553264604811,0.013359106529209621,0.20989159301667465
DISCOVERY_2021_2023,MOMENTUM,0.05,0.02,23280,0.25906357388316154,0.7171821305841924,0.023754295532646047,0.2653671844062129
DISCOVERY_2021_2023,MOMENTUM,0.05,0.03,23280,0.34334192439862543,0.6035652920962199,0.05309278350515464,0.36259299582652876
DISCOVERY_2021_2023,MOMENTUM,0.05,0.05,23280,0.43672680412371134,0.4320446735395189,0.13122852233676977,0.5026946847960445
DISCOVERY_2021_2023,MOMENTUM,0.075,0.01,23280,0.0993127147766323,0.8847079037800687,0.015979381443298968,0.10092544089401083
DISCOVERY_2021_2023,MOMENTUM,0.075,0.015,23280,0.14243986254295532,0.8267182130584192,0.03084192439862543,0.146972786100523
DISCOVERY_2021_2023,MOMENTUM,0.075,0.02,23280,0.1797680412371134,0.7718642611683849,0.04836769759450172,0.18890493816015166
DISCOVERY_2021_2023,MOMENTUM,0.075,0.03,23280,0.24097938144329897,0.6643041237113402,0.09471649484536082,0.2661921708185053
DISCOVERY_2021_2023,MOMENTUM,0.075,0.05,23280,0.3117697594501718,0.4847079037800687,0.20352233676975945,0.39143565958364795
DISCOVERY_2021_2023,PULLBACK_RECLAIM,0.01,0.01,15459,0.3667766349699204,0.6332233650300796,0.0,0.3667766349699204
DISCOVERY_2021_2023,PULLBACK_RECLAIM,0.01,0.015,15459,0.49472799016753993,0.50527200983246,0.0,0.49472799016753993
DISCOVERY_2021_2023,PULLBACK_RECLAIM,0.01,0.02,15459,0.5805679539426871,0.4194320460573129,0.0,0.5805679539426871
DISCOVERY_2021_2023,PULLBACK_RECLAIM,0.01,0.03,15459,0.6957759234103111,0.30370657869202405,0.0005174978976647907,0.6961361724160249
DISCOVERY_2021_2023,PULLBACK_RECLAIM,0.01,0.05,15459,0.8038682967850443,0.18875735817323241,0.007374345041723268,0.809840338872597
DISCOVERY_2021_2023,PULLBACK_RECLAIM,0.02,0.01,15459,0.2693576557345236,0.7306423442654765,0.0,0.2693576557345236
DISCOVERY_2021_2023,PULLBACK_RECLAIM,0.02,0.015,15459,0.37033443301636587,0.6294715052720098,0.00019406171162429653,0.37040631469979296
DISCOVERY_2021_2023,PULLBACK_RECLAIM,0.02,0.02,15459,0.44750630700562777,0.5516527589106669,0.000840934083705285,0.4478829470413052
DISCOVERY_2021_2023,PULLBACK_RECLAIM,0.02,0.03,15459,0.5610970955430493,0.4357332298337538,0.0031696746231968435,0.5628812459441921
DISCOVERY_2021_2023,PULLBACK_RECLAIM,0.02,0.05,15459,0.6851025292709748,0.29490911443172263,0.019988356297302542,0.6990759075907591
DISCOVERY_2021_2023,PULLBACK_RECLAIM,0.03,0.01,15459,0.2066110356426677,0.7931302154084999,0.00025874894883239535,0.20666450986735685
DISCOVERY_2021_2023,PULLBACK_RECLAIM,0.03,0.015,15459,0.2902516333527395,0.7087133708519309,0.0010349957953295814,0.29055235381726346
DISCOVERY_2021_2023,PULLBACK_RECLAIM,0.03,0.02,15459,0.3580438579468271,0.6396274015136814,0.0023287405394915583,0.3588795954094534
DISCOVERY_2021_2023,PULLBACK_RECLAIM,0.03,0.03,15459,0.462707807749531,0.5292709748366647,0.008021217413804257,0.4664492989892403
DISCOVERY_2021_2023,PULLBACK_RECLAIM,0.03,0.05,15459,0.5907238501843586,0.37233973736981696,0.03693641244582444,0.6133799032778077
DISCOVERY_2021_2023,PULLBACK_RECLAIM,0.05,0.01,15459,0.14024193026715828,0.8582702632770555,0.0014878064557862735,0.14045089401399327
DISCOVERY_2021_2023,PULLBACK_RECLAIM,0.05,0.015,15459,0.2010479332427712,0.7939711494922052,0.004980917265023611,0.20205434923937068
DISCOVERY_2021_2023,PULLBACK_RECLAIM,0.05,0.02,15459,0.2511158548418397,0.7384694999676564,0.010414645190503913,0.2537586612629102
DISCOVERY_2021_2023,PULLBACK_RECLAIM,0.05,0.03,15459,0.3353386376867844,0.6373633482113978,0.027298014101817713,0.3447496176098956
DISCOVERY_2021_2023,PULLBACK_RECLAIM,0.05,0.05,15459,0.44537162817776055,0.4704055889772948,0.0842227828449447,0.4863318499682136
DISCOVERY_2021_2023,PULLBACK_RECLAIM,0.075,0.01,15459,0.09735429199818876,0.8964357332298337,0.006209974771977489,0.0979626375056955
DISCOVERY_2021_2023,PULLBACK_RECLAIM,0.075,0.015,15459,0.14030661750436638,0.8447506307005628,0.014942751795070833,0.14243498817966904
DISCOVERY_2021_2023,PULLBACK_RECLAIM,0.075,0.02,15459,0.17601397244323694,0.7981758199107316,0.02581020764603144,0.18067729083665338
DISCOVERY_2021_2023,PULLBACK_RECLAIM,0.075,0.03,15459,0.2402483989908791,0.703538391875283,0.05621320913383789,0.25455791638108294
DISCOVERY_2021_2023,PULLBACK_RECLAIM,0.075,0.05,15459,0.3231127498544537,0.5349634517109775,0.14192379843456887,0.3765548435733132
HOLDOUT_2026,ALL,0.01,0.01,13446,0.40435817343447866,0.5951955972036294,0.0004462293618920125,0.40453869047619045
HOLDOUT_2026,ALL,0.01,0.015,13446,0.5277405919976201,0.47136694927859585,0.000892458723784025,0.528211999404496
HOLDOUT_2026,ALL,0.01,0.02,13446,0.6100699092666965,0.3879964301651049,0.0019336605681987207,0.6112518628912071
HOLDOUT_2026,ALL,0.01,0.03,13446,0.7118845753383906,0.2826119291982746,0.005503495463334821,0.7158241100807657
HOLDOUT_2026,ALL,0.01,0.05,13446,0.7985274431057564,0.17581436858545293,0.025658188308790717,0.8195557591023586
HOLDOUT_2026,ALL,0.02,0.01,13446,0.29012345679012347,0.7083147404432545,0.0015618027666220438,0.2905772811918063
HOLDOUT_2026,ALL,0.02,0.015,13446,0.38814517328573556,0.607764390896921,0.004090435817343448,0.3897393771936375
HOLDOUT_2026,ALL,0.02,0.02,13446,0.46392979324706235,0.5286330507214041,0.007437156031533542,0.4674059643338828
HOLDOUT_2026,ALL,0.02,0.03,13446,0.5615052803807824,0.41945560017849176,0.019039119440725866,0.5724033358605004
HOLDOUT_2026,ALL,0.02,0.05,13446,0.6597501115573404,0.27562100252863303,0.06462888591402648,0.7053351355649201
HOLDOUT_2026,ALL,0.03,0.01,13446,0.2238583965491596,0.7719767960731816,0.004164807377658783,0.22479462285287527
HOLDOUT_2026,ALL,0.03,0.015,13446,0.3067826863007586,0.6843670980217165,0.008850215677524914,0.3095220229609064
HOLDOUT_2026,ALL,0.03,0.02,13446,0.37133720065446973,0.6128216569983638,0.015841142347166444,0.3773142900324945
HOLDOUT_2026,ALL,0.03,0.03,13446,0.4635579354454856,0.49962814219842333,0.03681392235609103,0.4812755771755077
HOLDOUT_2026,ALL,0.03,0.05,13446,0.5579354454856463,0.3372006544697308,0.10486390004462294,0.6232967763376537
HOLDOUT_2026,ALL,0.05,0.01,13446,0.14792503346720215,0.8400267737617135,0.012048192771084338,0.1497289972899729
HOLDOUT_2026,ALL,0.05,0.015,13446,0.2070504239178938,0.7678119886955228,0.02513758738658337,0.21238938053097345
HOLDOUT_2026,ALL,0.05,0.02,13446,0.2549457087609698,0.7045217908671724,0.0405325003718578,0.26571583598170684
HOLDOUT_2026,ALL,0.05,0.03,13446,0.32768109474936785,0.5910307898259706,0.0812881154246616,0.3566744920262285
HOLDOUT_2026,ALL,0.05,0.05,13446,0.4027963706678566,0.4090435817343448,0.1881600475977986,0.49615243679003296
HOLDOUT_2026,ALL,0.075,0.01,13446,0.1007734642272795,0.8721552878179384,0.02707124795478209,0.10357743464302094
HOLDOUT_2026,ALL,0.075,0.015,13446,0.1404878774356686,0.8084932321880113,0.0510188903763201,0.14804075235109718
HOLDOUT_2026,ALL,0.075,0.02,13446,0.17484753830135355,0.7495165848579504,0.07563587684069611,0.18915439697481695
HOLDOUT_2026,ALL,0.075,0.03,13446,0.22519708463483565,0.6384054737468392,0.13639744161832515,0.2607647261453669
HOLDOUT_2026,ALL,0.075,0.05,13446,0.27733154841588575,0.4474936784173732,0.27517477316674105,0.38261851015801357
HOLDOUT_2026,FRESH_EXPANSION,0.01,0.01,1172,0.4308873720136519,0.5665529010238908,0.002559726962457338,0.43199315654405473
HOLDOUT_2026,FRESH_EXPANSION,0.01,0.015,1172,0.5298634812286689,0.4658703071672355,0.004266211604095563,0.532133676092545
HOLDOUT_2026,FRESH_EXPANSION,0.01,0.02,1172,0.5964163822525598,0.39334470989761094,0.010238907849829351,0.6025862068965517
HOLDOUT_2026,FRESH_EXPANSION,0.01,0.03,1172,0.6808873720136519,0.295221843003413,0.023890784982935155,0.6975524475524476
HOLDOUT_2026,FRESH_EXPANSION,0.01,0.05,1172,0.7457337883959044,0.19880546075085323,0.05546075085324232,0.7895212285456188
HOLDOUT_2026,FRESH_EXPANSION,0.02,0.01,1172,0.29180887372013653,0.6996587030716723,0.008532423208191127,0.2943201376936317
HOLDOUT_2026,FRESH_EXPANSION,0.02,0.015,1172,0.3728668941979522,0.6100682593856656,0.017064846416382253,0.3793402777777778
HOLDOUT_2026,FRESH_EXPANSION,0.02,0.02,1172,0.4283276450511945,0.5401023890784983,0.031569965870307165,0.4422907488986784
HOLDOUT_2026,FRESH_EXPANSION,0.02,0.03,1172,0.5127986348122867,0.4257679180887372,0.06143344709897611,0.5463636363636364
HOLDOUT_2026,FRESH_EXPANSION,0.02,0.05,1172,0.5853242320819113,0.28498293515358364,0.1296928327645051,0.6725490196078432
HOLDOUT_2026,FRESH_EXPANSION,0.03,0.01,1172,0.2090443686006826,0.7713310580204779,0.01962457337883959,0.21322889469103568
HOLDOUT_2026,FRESH_EXPANSION,0.03,0.015,1172,0.2721843003412969,0.6928327645051194,0.03498293515358362,0.28205128205128205
HOLDOUT_2026,FRESH_EXPANSION,0.03,0.02,1172,0.31569965870307165,0.6254266211604096,0.05887372013651877,0.3354487760652765
HOLDOUT_2026,FRESH_EXPANSION,0.03,0.03,1172,0.3916382252559727,0.5042662116040956,0.10409556313993173,0.43714285714285717
HOLDOUT_2026,FRESH_EXPANSION,0.03,0.05,1172,0.46501706484641636,0.32593856655290104,0.2090443686006826,0.5879180151024811
HOLDOUT_2026,FRESH_EXPANSION,0.05,0.01,1172,0.128839590443686,0.8276450511945392,0.043515358361774746,0.13470115967885815
HOLDOUT_2026,FRESH_EXPANSION,0.05,0.015,1172,0.1697952218430034,0.7525597269624573,0.07764505119453925,0.18408880666049954
HOLDOUT_2026,FRESH_EXPANSION,0.05,0.02,1172,0.19880546075085323,0.6885665529010239,0.11262798634812286,0.22403846153846155
HOLDOUT_2026,FRESH_EXPANSION,0.05,0.03,1172,0.257679180887372,0.5622866894197952,0.18003412969283278,0.3142559833506764
HOLDOUT_2026,FRESH_EXPANSION,0.05,0.05,1172,0.30716723549488056,0.36689419795221845,0.32593856655290104,0.45569620253164556
HOLDOUT_2026,FRESH_EXPANSION,0.075,0.01,1172,0.07252559726962457,0.8549488054607508,0.07252559726962457,0.078196872125115
HOLDOUT_2026,FRESH_EXPANSION,0.075,0.015,1172,0.09982935153583618,0.7824232081911263,0.11774744027303755,0.11315280464216634
HOLDOUT_2026,FRESH_EXPANSION,0.075,0.02,1172,0.11689419795221843,0.7167235494880546,0.16638225255972697,0.14022517911975435
HOLDOUT_2026,FRESH_EXPANSION,0.075,0.03,1172,0.14675767918088736,0.5887372013651877,0.2645051194539249,0.19953596287703015
HOLDOUT_2026,FRESH_EXPANSION,0.075,0.05,1172,0.17406143344709898,0.3848122866894198,0.44112627986348124,0.3114503816793893
HOLDOUT_2026,MOMENTUM,0.01,0.01,8100,0.4088888888888889,0.5907407407407408,0.00037037037037037035,0.4090403853278992
HOLDOUT_2026,MOMENTUM,0.01,0.015,8100,0.5311111111111111,0.4682716049382716,0.0006172839506172839,0.5314391599752933
HOLDOUT_2026,MOMENTUM,0.01,0.02,8100,0.6123456790123457,0.3861728395061728,0.0014814814814814814,0.6132542037586548
HOLDOUT_2026,MOMENTUM,0.01,0.03,8100,0.7137037037037037,0.2814814814814815,0.004814814814814815,0.7171566803126163
HOLDOUT_2026,MOMENTUM,0.01,0.05,8100,0.7977777777777778,0.174320987654321,0.027901234567901233,0.8206756413512827
HOLDOUT_2026,MOMENTUM,0.02,0.01,8100,0.2966666666666667,0.7020987654320988,0.0012345679012345679,0.2970333745364648
HOLDOUT_2026,MOMENTUM,0.02,0.015,8100,0.3941975308641975,0.6020987654320987,0.003703703703703704,0.3956629491945477
HOLDOUT_2026,MOMENTUM,0.02,0.02,8100,0.4685185185185185,0.5249382716049382,0.00654320987654321,0.47160432459301604
HOLDOUT_2026,MOMENTUM,0.02,0.03,8100,0.5654320987654321,0.41617283950617284,0.01839506172839506,0.5760281725569111
HOLDOUT_2026,MOMENTUM,0.02,0.05,8100,0.6593827160493827,0.2717283950617284,0.06888888888888889,0.7081675948024396
HOLDOUT_2026,MOMENTUM,0.03,0.01,8100,0.2308641975308642,0.7653086419753087,0.0038271604938271606,0.2317511463626224
HOLDOUT_2026,MOMENTUM,0.03,0.015,8100,0.31333333333333335,0.6781481481481482,0.008518518518518519,0.31602540156892045
HOLDOUT_2026,MOMENTUM,0.03,0.02,8100,0.37703703703703706,0.6080246913580247,0.01493827160493827,0.38275473116931946
HOLDOUT_2026,MOMENTUM,0.03,0.03,8100,0.46617283950617283,0.49679012345679013,0.037037037037037035,0.4841025641025641
HOLDOUT_2026,MOMENTUM,0.03,0.05,8100,0.5582716049382717,0.3324691358024691,0.10925925925925926,0.6267498267498267
HOLDOUT_2026,MOMENTUM,0.05,0.01,8100,0.1528395061728395,0.8354320987654321,0.011728395061728396,0.15465334166146158
HOLDOUT_2026,MOMENTUM,0.05,0.015,8100,0.21259259259259258,0.762962962962963,0.024444444444444446,0.21791951404707668
HOLDOUT_2026,MOMENTUM,0.05,0.02,8100,0.26098765432098764,0.6998765432098766,0.039135802469135804,0.2716176281639471
HOLDOUT_2026,MOMENTUM,0.05,0.03,8100,0.3297530864197531,0.5860493827160493,0.08419753086419753,0.360070099757347
HOLDOUT_2026,MOMENTUM,0.05,0.05,8100,0.4028395061728395,0.401358024691358,0.19580246913580246,0.5009210930303961
HOLDOUT_2026,MOMENTUM,0.075,0.01,8100,0.10567901234567902,0.867037037037037,0.02728395061728395,0.10864322883614672
HOLDOUT_2026,MOMENTUM,0.075,0.015,8100,0.14530864197530866,0.802716049382716,0.05197530864197531,0.15327516603724442
HOLDOUT_2026,MOMENTUM,0.075,0.02,8100,0.17962962962962964,0.7439506172839506,0.07641975308641975,0.19449271487769015
HOLDOUT_2026,MOMENTUM,0.075,0.03,8100,0.22654320987654322,0.6319753086419753,0.14148148148148149,0.2638769053781996
HOLDOUT_2026,MOMENTUM,0.075,0.05,8100,0.277037037037037,0.4364197530864197,0.2865432098765432,0.38830247447655303
HOLDOUT_2026,PULLBACK_RECLAIM,0.01,0.01,4174,0.3881169142309535,0.6118830857690465,0.0,0.3881169142309535
HOLDOUT_2026,PULLBACK_RECLAIM,0.01,0.015,4174,0.5206037374221371,0.47891710589362724,0.0004791566842357451,0.5208533077660594
HOLDOUT_2026,PULLBACK_RECLAIM,0.01,0.02,4174,0.6094873023478677,0.3900335409678965,0.0004791566842357451,0.6097794822627037
HOLDOUT_2026,PULLBACK_RECLAIM,0.01,0.03,4174,0.7170579779587926,0.28126497364638237,0.0016770483948251077,0.7182625389968802
HOLDOUT_2026,PULLBACK_RECLAIM,0.01,0.05,4174,0.8148059415428845,0.17225682798275035,0.012937230474365118,0.8254854368932039
HOLDOUT_2026,PULLBACK_RECLAIM,0.02,0.01,4174,0.27695256348826064,0.7228078581696215,0.00023957834211787255,0.2770189312245387
HOLDOUT_2026,PULLBACK_RECLAIM,0.02,0.015,4174,0.3806899856252995,0.6181121226641112,0.0011978917105893627,0.3811465579275606
HOLDOUT_2026,PULLBACK_RECLAIM,0.02,0.02,4174,0.4650215620507906,0.5325826545280307,0.0023957834211787254,0.4661383285302594
HOLDOUT_2026,PULLBACK_RECLAIM,0.02,0.03,4174,0.5675610924772401,0.4240536655486344,0.008385241974125539,0.5723604735443344
HOLDOUT_2026,PULLBACK_RECLAIM,0.02,0.05,4174,0.6813608049832295,0.28054623862002875,0.038092956396741734,0.7083437110834371
HOLDOUT_2026,PULLBACK_RECLAIM,0.03,0.01,4174,0.21442261619549594,0.7850982271202683,0.0004791566842357451,0.2145254074784276
HOLDOUT_2026,PULLBACK_RECLAIM,0.03,0.015,4174,0.3037853378054624,0.6940584571154768,0.002156205079060853,0.3044417767106843
HOLDOUT_2026,PULLBACK_RECLAIM,0.03,0.02,4174,0.375898418782942,0.6185912793483469,0.005510301868711069,0.37798120934714524
HOLDOUT_2026,PULLBACK_RECLAIM,0.03,0.03,4174,0.47867752755150933,0.503833253473886,0.017489218974604696,0.48719824433065106
HOLDOUT_2026,PULLBACK_RECLAIM,0.03,0.05,4174,0.5833732630570196,0.34954480114997605,0.06708193579300431,0.6253210066769389
HOLDOUT_2026,PULLBACK_RECLAIM,0.05,0.01,4174,0.14374700527072354,0.8524197412553906,0.003833253473885961,0.1443001443001443
HOLDOUT_2026,PULLBACK_RECLAIM,0.05,0.015,4174,0.206756109247724,0.7815045519885002,0.011739338763775755,0.2092121212121212
HOLDOUT_2026,PULLBACK_RECLAIM,0.05,0.02,4174,0.25898418782942023,0.718016291327264,0.022999520843315763,0.26508092202059835
HOLDOUT_2026,PULLBACK_RECLAIM,0.05,0.03,4174,0.34331576425491134,0.6087685673215142,0.04791566842357451,0.3605938600905888
HOLDOUT_2026,PULLBACK_RECLAIM,0.05,0.05,4174,0.4295639674173455,0.43579300431241014,0.13464302827024438,0.49640088593576964
HOLDOUT_2026,PULLBACK_RECLAIM,0.075,0.01,4174,0.09918543363679923,0.8869190225203641,0.013895543842836608,0.10058309037900874
HOLDOUT_2026,PULLBACK_RECLAIM,0.075,0.015,4174,0.14254911356013417,0.827024436990896,0.030426449448969814,0.14702248579194466
HOLDOUT_2026,PULLBACK_RECLAIM,0.075,0.02,4174,0.18183996166746527,0.7695256348826066,0.04863440344992813,0.19113573407202217
HOLDOUT_2026,PULLBACK_RECLAIM,0.075,0.03,4174,0.24460948730234786,0.6648298993770964,0.09056061332055582,0.2689673340358272
HOLDOUT_2026,PULLBACK_RECLAIM,0.075,0.05,4174,0.3068998562529947,0.4865836128413991,0.20651653090560612,0.3867753623188406
VALIDATION_2024_2025,ALL,0.01,0.01,43688,0.4107077458340963,0.5891549166819264,0.00013733748397729353,0.4107641591502221
VALIDATION_2024_2025,ALL,0.01,0.015,43688,0.5341970335103461,0.465390954037722,0.0004120124519318806,0.5344172200595374
VALIDATION_2024_2025,ALL,0.01,0.02,43688,0.6174693279619118,0.38163797839223584,0.000892693645852408,0.6180210314096543
VALIDATION_2024_2025,ALL,0.01,0.03,43688,0.7145669291338582,0.2829152169932247,0.002517853872917048,0.7163706457386755
VALIDATION_2024_2025,ALL,0.01,0.05,43688,0.8027833730086065,0.18444424098150522,0.012772386009888299,0.8131694875956411
VALIDATION_2024_2025,ALL,0.02,0.01,43688,0.2966947445522798,0.7025270097051822,0.0007782457425379967,0.2969258258120676
VALIDATION_2024_2025,ALL,0.02,0.015,43688,0.3965162058231093,0.6019273026918147,0.0015564914850759934,0.39713434204493353
VALIDATION_2024_2025,ALL,0.02,0.02,43688,0.47042666178355613,0.5264603552462919,0.0031129829701519868,0.471895664952241
VALIDATION_2024_2025,ALL,0.02,0.03,43688,0.5698590001831166,0.4207562717451016,0.009384728071781725,0.5752576366745229
VALIDATION_2024_2025,ALL,0.02,0.05,43688,0.6757919794909357,0.2878822559970701,0.03632576451199414,0.7012660031828223
VALIDATION_2024_2025,ALL,0.03,0.01,43688,0.22823200878959898,0.7699826039186962,0.001785387291704816,0.228640220132997
VALIDATION_2024_2025,ALL,0.03,0.015,43688,0.3120307635964109,0.6839635597875847,0.004005676616004395,0.3132856847378944
VALIDATION_2024_2025,ALL,0.03,0.02,43688,0.3764191540010987,0.6160272843801502,0.007553561618751144,0.3792840998201024
VALIDATION_2024_2025,ALL,0.03,0.03,43688,0.4688472807178172,0.5102545321369713,0.0208981871452115,0.47885447106955
VALIDATION_2024_2025,ALL,0.03,0.05,43688,0.5720792895074163,0.35943508514924005,0.06848562534334371,0.614138981718105
VALIDATION_2024_2025,ALL,0.05,0.01,43688,0.15267350302142466,0.8396127082951841,0.00771378868339132,0.15386034924223202
VALIDATION_2024_2025,ALL,0.05,0.015,43688,0.21328511261673685,0.7718824391137155,0.014832448269547702,0.21649628252788103
VALIDATION_2024_2025,ALL,0.05,0.02,43688,0.2601858633949826,0.7139489104559604,0.02586522614905695,0.26709431834202735
VALIDATION_2024_2025,ALL,0.05,0.03,43688,0.33173869254715255,0.6114493682475737,0.05681193920527376,0.3517206232102121
VALIDATION_2024_2025,ALL,0.05,0.05,43688,0.41608679728987363,0.44314228163340047,0.14077092107672587,0.4842559539666471
VALIDATION_2024_2025,ALL,0.075,0.01,43688,0.10240798388573522,0.8765107123237502,0.02108130379051456,0.1046133701218229
VALIDATION_2024_2025,ALL,0.075,0.015,43688,0.1434490020142831,0.8189205273759385,0.03763047060977843,0.14905812957853676
VALIDATION_2024_2025,ALL,0.075,0.02,43688,0.1757233107489471,0.765954037722029,0.05832265152902399,0.18660670879922217
VALIDATION_2024_2025,ALL,0.075,0.03,43688,0.2264008423365684,0.6657434535799304,0.10785570408350119,0.25377155172413796
VALIDATION_2024_2025,ALL,0.075,0.05,43688,0.2866462186412745,0.4894479033144113,0.22390587804431422,0.3693446587624609
VALIDATION_2024_2025,FRESH_EXPANSION,0.01,0.01,4135,0.4495767835550181,0.5492140266021766,0.0012091898428053204,0.45012106537530266
VALIDATION_2024_2025,FRESH_EXPANSION,0.01,0.015,4135,0.5545344619105199,0.44280532043530835,0.002660217654171705,0.5560135790494666
VALIDATION_2024_2025,FRESH_EXPANSION,0.01,0.02,4135,0.6297460701330109,0.3646916565900846,0.005562273276904474,0.6332684824902723
VALIDATION_2024_2025,FRESH_EXPANSION,0.01,0.03,4135,0.709552599758162,0.27738814993954053,0.013059250302297461,0.718941435922568
VALIDATION_2024_2025,FRESH_EXPANSION,0.01,0.05,4135,0.7792019347037484,0.18548972188633617,0.03530834340991536,0.8077212333918276
VALIDATION_2024_2025,FRESH_EXPANSION,0.02,0.01,4135,0.31632406287787185,0.6785973397823458,0.005078597339782346,0.3179387457462324
VALIDATION_2024_2025,FRESH_EXPANSION,0.02,0.015,4135,0.40120918984280535,0.5898428053204353,0.00894800483675937,0.40483162518301613
VALIDATION_2024_2025,FRESH_EXPANSION,0.02,0.02,4135,0.4672309552599758,0.517291414752116,0.015477629987908102,0.4745762711864407
VALIDATION_2024_2025,FRESH_EXPANSION,0.02,0.03,4135,0.5472793228536881,0.4162031438935913,0.036517533252720676,0.5680220883534136
VALIDATION_2024_2025,FRESH_EXPANSION,0.02,0.05,4135,0.626118500604595,0.28633615477629987,0.0875453446191052,0.6861913596607474
VALIDATION_2024_2025,FRESH_EXPANSION,0.03,0.01,4135,0.23385731559854897,0.7555018137847642,0.01064087061668682,0.23637252505499878
VALIDATION_2024_2025,FRESH_EXPANSION,0.03,0.015,4135,0.30399032648125757,0.6781136638452236,0.01789600967351874,0.3095296724944595
VALIDATION_2024_2025,FRESH_EXPANSION,0.03,0.02,4135,0.35840386940749697,0.6108827085852478,0.030713422007255138,0.36976047904191617
VALIDATION_2024_2025,FRESH_EXPANSION,0.03,0.03,4135,0.43047158403869407,0.5039903264812575,0.06553808948004837,0.4606625258799172
VALIDATION_2024_2025,FRESH_EXPANSION,0.03,0.05,4135,0.501813784764208,0.35259975816203143,0.14558645707376058,0.5873195584489103
VALIDATION_2024_2025,FRESH_EXPANSION,0.05,0.01,4135,0.14171704957678355,0.830229746070133,0.028053204353083436,0.14580741477979597
VALIDATION_2024_2025,FRESH_EXPANSION,0.05,0.015,4135,0.18960096735187423,0.7668681983071343,0.04353083434099154,0.19823008849557522
VALIDATION_2024_2025,FRESH_EXPANSION,0.05,0.02,4135,0.22587666263603387,0.7047158403869408,0.06940749697702539,0.24272349272349272
VALIDATION_2024_2025,FRESH_EXPANSION,0.05,0.03,4135,0.27762998790810156,0.5944377267230955,0.1279322853688029,0.31835829173599556
VALIDATION_2024_2025,FRESH_EXPANSION,0.05,0.05,4135,0.32841596130592504,0.4207980652962515,0.25078597339782344,0.43834732085216266
VALIDATION_2024_2025,FRESH_EXPANSION,0.075,0.01,4135,0.086819830713422,0.864328899637243,0.04885126964933494,0.0912789219425375
VALIDATION_2024_2025,FRESH_EXPANSION,0.075,0.015,4135,0.11414752116082225,0.8084643288996373,0.0773881499395405,0.1237221494102228
VALIDATION_2024_2025,FRESH_EXPANSION,0.075,0.02,4135,0.13784764207980654,0.7465538089480048,0.11559854897218863,0.15586546349466776
VALIDATION_2024_2025,FRESH_EXPANSION,0.075,0.03,4135,0.1690447400241838,0.6316807738814993,0.1992744860943168,0.21111446692842042
VALIDATION_2024_2025,FRESH_EXPANSION,0.075,0.05,4135,0.19492140266021765,0.45175332527206774,0.35332527206771464,0.30142109199700823
VALIDATION_2024_2025,MOMENTUM,0.01,0.01,25379,0.40592615942314514,0.5940344379211159,3.940265573899681e-05,0.40594215462211364
VALIDATION_2024_2025,MOMENTUM,0.01,0.015,25379,0.53181764450924,0.4679459395563261,0.00023641593443398084,0.5319434044062586
VALIDATION_2024_2025,MOMENTUM,0.01,0.02,25379,0.6156664959218251,0.3837424642420899,0.0005910398360849522,0.6160305945434474
VALIDATION_2024_2025,MOMENTUM,0.01,0.03,25379,0.7145277591709681,0.283541510697821,0.0019307301312108437,0.7159099881563363
VALIDATION_2024_2025,MOMENTUM,0.01,0.05,25379,0.802238070845975,0.18491666338311202,0.01284526577091296,0.8126771244960683
VALIDATION_2024_2025,MOMENTUM,0.02,0.01,25379,0.2940226171243942,0.7054651483509988,0.0005122345246069585,0.29417330284632975
VALIDATION_2024_2025,MOMENTUM,0.02,0.015,25379,0.3960360928326569,0.6028212301509122,0.0011426770164309073,0.39648915187376726
VALIDATION_2024_2025,MOMENTUM,0.02,0.02,25379,0.4705859174908389,0.5267347019189094,0.002679380590251783,0.4718501837145905
VALIDATION_2024_2025,MOMENTUM,0.02,0.03,25379,0.5711020922810197,0.42022932345640096,0.008668584262579299,0.5760960292539449
VALIDATION_2024_2025,MOMENTUM,0.02,0.05,25379,0.6767800149730092,0.28665432050120176,0.036565664525789035,0.7024661568034027
VALIDATION_2024_2025,MOMENTUM,0.03,0.01,25379,0.22794436345009653,0.7707947515662555,0.0012608849836478978,0.22823213792559277
VALIDATION_2024_2025,MOMENTUM,0.03,0.015,25379,0.3134875290594586,0.6830056345797707,0.003506836360770716,0.3145907473309609
VALIDATION_2024_2025,MOMENTUM,0.03,0.02,25379,0.3780290791599354,0.6150360534300012,0.006934867410063438,0.3806689679800024
VALIDATION_2024_2025,MOMENTUM,0.03,0.03,25379,0.4704677095236219,0.5090035068363608,0.020528783640017336,0.48032826454260197
VALIDATION_2024_2025,MOMENTUM,0.03,0.05,25379,0.5736238622483155,0.3558847866346192,0.0704913511170653,0.6171259008054261
VALIDATION_2024_2025,MOMENTUM,0.05,0.01,25379,0.15343394144765357,0.839552385830805,0.007013672721541432,0.1545176778699258
VALIDATION_2024_2025,MOMENTUM,0.05,0.015,25379,0.21584774813822452,0.7696914772055636,0.014460774656211829,0.2190148728610267
VALIDATION_2024_2025,MOMENTUM,0.05,0.02,25379,0.2632491429922377,0.7109027148429804,0.025848142164781908,0.2702341948792622
VALIDATION_2024_2025,MOMENTUM,0.05,0.03,25379,0.33500137909295086,0.6069979116592459,0.0580007092478033,0.3556280587275693
VALIDATION_2024_2025,MOMENTUM,0.05,0.05,25379,0.41885023050553605,0.4360691910634777,0.14508057843098626,0.48992948333871045
VALIDATION_2024_2025,MOMENTUM,0.075,0.01,25379,0.10315615272469364,0.8754482052090311,0.021395642066275266,0.10541149943630214
VALIDATION_2024_2025,MOMENTUM,0.075,0.015,25379,0.14488356515229125,0.815556168485756,0.0395602663619528,0.15085128205128207
VALIDATION_2024_2025,MOMENTUM,0.075,0.02,25379,0.17683911895661766,0.7615745301233303,0.06158635092005201,0.18844474302989586
VALIDATION_2024_2025,MOMENTUM,0.075,0.03,25379,0.2284565979747035,0.6594822491035895,0.11206115292170692,0.257288662081207
VALIDATION_2024_2025,MOMENTUM,0.075,0.05,25379,0.2874817762717207,0.47945151503211314,0.2330667086961661,0.374845869297164
VALIDATION_2024_2025,PULLBACK_RECLAIM,0.01,0.01,14174,0.4079300126993086,0.5920699873006914,0.0,0.4079300126993086
VALIDATION_2024_2025,PULLBACK_RECLAIM,0.01,0.015,14174,0.5325243403414703,0.46740510794412304,7.055171440666009e-05,0.5325619134974953
VALIDATION_2024_2025,PULLBACK_RECLAIM,0.01,0.02,14174,0.6171158459150557,0.38281360237053763,7.055171440666009e-05,0.6171593875679108
VALIDATION_2024_2025,PULLBACK_RECLAIM,0.01,0.03,14174,0.7160999012275998,0.2834062367715535,0.0004938620008466206,0.7164537305004588
VALIDATION_2024_2025,PULLBACK_RECLAIM,0.01,0.05,14174,0.8106391985325243,0.1832933540285029,0.006067447438972767,0.815587734241908
VALIDATION_2024_2025,PULLBACK_RECLAIM,0.02,0.01,14174,0.29575278679271905,0.7042472132072809,0.0,0.29575278679271905
VALIDATION_2024_2025,PULLBACK_RECLAIM,0.02,0.015,14174,0.39600677296458303,0.6038521236066037,0.00014110342881332017,0.3960626587637595
VALIDATION_2024_2025,PULLBACK_RECLAIM,0.02,0.02,14174,0.47107379709326935,0.528643996049104,0.00028220685762664035,0.47120677487649965
VALIDATION_2024_2025,PULLBACK_RECLAIM,0.02,0.03,14174,0.5742204035558064,0.42302807958233385,0.002751516861859743,0.5758047400070746
VALIDATION_2024_2025,PULLBACK_RECLAIM,0.02,0.05,14174,0.6885141808945957,0.2905319599266262,0.020953859178778043,0.7032499819845788
VALIDATION_2024_2025,PULLBACK_RECLAIM,0.03,0.01,14174,0.2271059686750388,0.7727529278961479,0.00014110342881332017,0.22713801862828112
VALIDATION_2024_2025,PULLBACK_RECLAIM,0.03,0.015,14174,0.3117680259630309,0.6873853534640891,0.000846620572879921,0.3120321988419715
VALIDATION_2024_2025,PULLBACK_RECLAIM,0.03,0.02,14174,0.378792154649358,0.6193029490616622,0.0019048962889798222,0.37951509153884216
VALIDATION_2024_2025,PULLBACK_RECLAIM,0.03,0.03,14174,0.47714124453224216,0.514321998024552,0.00853675744320587,0.48124955525510565
VALIDATION_2024_2025,PULLBACK_RECLAIM,0.03,0.05,14174,0.5898123324396782,0.367786087201919,0.04240158035840271,0.6159286819420909
VALIDATION_2024_2025,PULLBACK_RECLAIM,0.05,0.01,14174,0.1545082545505856,0.842458021729928,0.0030337237194863836,0.15497841624796546
VALIDATION_2024_2025,PULLBACK_RECLAIM,0.05,0.015,14174,0.2156060392267532,0.7772682376181741,0.007125723155072668,0.21715341433951538
VALIDATION_2024_2025,PULLBACK_RECLAIM,0.05,0.02,14174,0.2647100324537886,0.7220967969521659,0.013193170594045435,0.26824908843926504
VALIDATION_2024_2025,PULLBACK_RECLAIM,0.05,0.03,14174,0.34168195287145475,0.6243826724989417,0.0339353746296035,0.3536843642737165
VALIDATION_2024_2025,PULLBACK_RECLAIM,0.05,0.05,14174,0.4367151121772259,0.4623253845068435,0.10095950331593058,0.48575688613356355
VALIDATION_2024_2025,PULLBACK_RECLAIM,0.075,0.01,14174,0.10561591646677014,0.8819669817976576,0.012417101735572174,0.10694384912130304
VALIDATION_2024_2025,PULLBACK_RECLAIM,0.075,0.015,14174,0.14942853111330606,0.8279949202765627,0.022576548610131225,0.15288003464703334
VALIDATION_2024_2025,PULLBACK_RECLAIM,0.075,0.02,14174,0.18477494003104275,0.7794553407647806,0.03576971920417666,0.1916294724518914
VALIDATION_2024_2025,PULLBACK_RECLAIM,0.075,0.03,14174,0.23945251869620432,0.6868914914632426,0.07365598984055313,0.2584920030464585
VALIDATION_2024_2025,PULLBACK_RECLAIM,0.075,0.05,14174,0.31190912939184423,0.5183434457457317,0.16974742486242417,0.37567980965329706
